draw,location,best_strategy,best_reduction,baseline_score
0,Protected land,zoned_enforcement,2.664616714184664,5.6741922121342
0,Rural community,zoned_enforcement,3.7235645844601883,8.768368054953582
0,Suburban community,zoned_enforcement,6.4827492799097595,15.185553077911543
0,Urban community,zoned_enforcement,6.699074739147637,18.518233776359047
1,Protected land,zoned_enforcement,2.4788999503393807,5.495785831616285
1,Rural community,zoned_enforcement,3.553747793944712,8.429985403509438
1,Suburban community,zoned_enforcement,5.339849060308424,14.670608279932901
1,Urban community,zoned_enforcement,6.336870194902826,17.971399808424028
2,Protected land,adaptive_curfew,2.855338783223028,6.007357295578785
2,Rural community,adaptive_curfew,4.241000132768982,9.351939900894228
2,Suburban community,zoned_enforcement,6.82226728933421,16.35795406503859
2,Urban community,zoned_enforcement,8.43425539324121,20.05226349066242
3,Protected land,zoned_enforcement,2.2988676680234073,5.149037992919099
3,Rural community,zoned_enforcement,3.274331740190931,8.060851703625275
3,Suburban community,zoned_enforcement,5.502839171646,14.053068455083784
3,Urban community,zoned_enforcement,5.583304406400652,17.189395779017712
4,Protected land,zoned_enforcement,2.815948899405737,6.055620509658435
4,Rural community,zoned_enforcement,4.254847817730094,9.403959512105663
4,Suburban community,zoned_enforcement,6.954473076813779,16.41271321116261
4,Urban community,adaptive_curfew,8.285712119439292,20.044082867703263
5,Protected land,adaptive_curfew,2.4694361967308365,5.50307338791778
5,Rural community,zoned_enforcement,3.306729985002333,8.364576803802214
5,Suburban community,zoned_enforcement,5.865824101244108,14.348483891615022
5,Urban community,zoned_enforcement,6.259004545455854,17.595500078072305
6,Protected land,zoned_enforcement,2.9551607860247224,6.158140573295881
6,Rural community,zoned_enforcement,4.252668546529533,9.550681151144568
6,Suburban community,zoned_enforcement,7.7149094512762275,16.567863713178436
6,Urban community,zoned_enforcement,9.478808114424796,20.31091612293832
7,Protected land,zoned_enforcement,2.698092237058802,5.708370618331543
7,Rural community,zoned_enforcement,4.137026099340742,8.958961359810473
7,Suburban community,zoned_enforcement,6.328320662168972,15.723572147934876
7,Urban community,zoned_enforcement,7.667071752763922,19.253993795875477
8,Protected land,zoned_enforcement,2.628479770436393,5.667766793719758
8,Rural community,zoned_enforcement,3.6008280382521605,8.528833980802016
8,Suburban community,zoned_enforcement,5.815391853422849,14.564386989582555
8,Urban community,zoned_enforcement,6.460458506616483,17.92296688361627
9,Protected land,adaptive_curfew,2.304407135256387,5.3378128929689055
9,Rural community,zoned_enforcement,2.745417550317831,8.036180427236793
9,Suburban community,zoned_enforcement,4.620310323678563,13.73987835083596
9,Urban community,zoned_enforcement,5.4675992877640756,16.803524229563557
10,Protected land,zoned_enforcement,2.326649916636589,5.036432791363817
10,Rural community,zoned_enforcement,2.9133337206200265,7.806147906146086
10,Suburban community,zoned_enforcement,4.813363271604931,13.556506312337358
10,Urban community,zoned_enforcement,5.5451577827661165,16.713741278938194
11,Protected land,adaptive_curfew,2.6934524002776685,5.730395051760522
11,Rural community,zoned_enforcement,3.8816690866519963,8.881538721125812
11,Suburban community,zoned_enforcement,5.939585703120999,15.40944763610753
11,Urban community,zoned_enforcement,7.841038627373454,18.905594127230653
12,Protected land,adaptive_curfew,3.1770762954111254,6.402859869421318
12,Rural community,zoned_enforcement,4.44478297302245,9.633202817239358
12,Suburban community,zoned_enforcement,7.385860966131835,16.487620559423057
12,Urban community,zoned_enforcement,9.097295405291687,20.322951586766738
13,Protected land,zoned_enforcement,3.084495275085436,6.230819834031589
13,Rural community,zoned_enforcement,4.241996529674857,9.420330442912913
13,Suburban community,zoned_enforcement,6.84675102957004,16.063449314656182
13,Urban community,zoned_enforcement,8.235139392545369,19.60494421774147
14,Protected land,zoned_enforcement,2.4463713966839955,5.388904339321732
14,Rural community,zoned_enforcement,2.9317827334990625,8.111282390398404
14,Suburban community,zoned_enforcement,5.101302033933225,13.90979895511765
14,Urban community,zoned_enforcement,5.841551835781981,17.105895730529923
15,Protected land,zoned_enforcement,2.9390257243804907,6.117767073451033
15,Rural community,zoned_enforcement,4.152374727983994,9.286701862645632
15,Suburban community,zoned_enforcement,6.769445942703719,15.905399787662278
15,Urban community,zoned_enforcement,7.9239362296482625,19.537488654526147
16,Protected land,adaptive_curfew,2.9258152473519012,6.042627304365887
16,Rural community,zoned_enforcement,4.193447454856721,9.165378193227403
16,Suburban community,zoned_enforcement,6.864819011741746,15.811261501053309
16,Urban community,zoned_enforcement,7.94273591693592,19.470991115357357
17,Protected land,adaptive_curfew,3.1740887425147886,6.259323825060159
17,Rural community,zoned_enforcement,4.524371934859433,9.60899522692271
17,Suburban community,adaptive_curfew,7.327716583828016,16.55350063927978
17,Urban community,zoned_enforcement,9.26109752760538,20.18751382123883
18,Protected land,zoned_enforcement,2.422076761031781,5.49151733969283
18,Rural community,zoned_enforcement,3.5887362280990267,8.602142630266517
18,Suburban community,zoned_enforcement,6.272667423221641,15.141495285352299
18,Urban community,zoned_enforcement,6.8266977327901,18.606021734154325
19,Protected land,adaptive_curfew,2.8244036634800573,5.8890708661617985
19,Rural community,zoned_enforcement,3.970209127592452,8.86205167021729
19,Suburban community,zoned_enforcement,6.194460818940387,15.212263077394583
19,Urban community,zoned_enforcement,7.33951282417112,18.724580507004383
20,Protected land,adaptive_curfew,2.8977760367337253,6.498269007461159
20,Rural community,adaptive_curfew,4.223617562462473,9.593705404247178
20,Suburban community,adaptive_curfew,6.599595539361442,16.09427249095181
20,Urban community,zoned_enforcement,7.908885344837824,19.68659257335664
21,Protected land,zoned_enforcement,2.4463806057158415,5.587523613137701
21,Rural community,zoned_enforcement,3.380509964958013,8.527108278640474
21,Suburban community,zoned_enforcement,5.91078223484052,14.636163788818312
21,Urban community,zoned_enforcement,6.971830547707343,17.991191612684588
22,Protected land,zoned_enforcement,2.3530371779251356,5.147324000831391
22,Rural community,zoned_enforcement,2.8900471018374887,7.972681732609764
22,Suburban community,zoned_enforcement,5.042444661048725,13.881079226329465
22,Urban community,zoned_enforcement,5.768948331464564,16.92952160943965
23,Protected land,zoned_enforcement,2.8244713425854227,6.075798249657108
23,Rural community,zoned_enforcement,4.0606393209991785,9.212394387112278
23,Suburban community,zoned_enforcement,6.872375349595211,15.854950976180415
23,Urban community,zoned_enforcement,7.670892626515865,19.53207054942326
24,Protected land,zoned_enforcement,2.66692355305463,5.890407261232998
24,Rural community,zoned_enforcement,3.881828641320719,8.927413264872655
24,Suburban community,zoned_enforcement,6.1934072028793885,15.302222513719862
24,Urban community,zoned_enforcement,7.157740875733605,18.80401756683497
25,Protected land,zoned_enforcement,2.2012122137852472,5.019472935176374
25,Rural community,zoned_enforcement,3.2255355772818417,7.822140069212724
25,Suburban community,zoned_enforcement,5.179682664768585,13.71364091176839
25,Urban community,zoned_enforcement,5.751469458722095,16.865914526088076
26,Protected land,zoned_enforcement,2.64207089464737,5.862088332181172
26,Rural community,zoned_enforcement,3.692654138801143,8.858488521708747
26,Suburban community,zoned_enforcement,6.093347440754352,15.140471278560092
26,Urban community,zoned_enforcement,7.1474714827764085,18.50547788107261
27,Protected land,adaptive_curfew,2.791676216634805,5.89531776371977
27,Rural community,zoned_enforcement,4.2361674641830165,9.133242035331572
27,Suburban community,zoned_enforcement,6.699774123069977,15.920065950595855
27,Urban community,zoned_enforcement,7.983822505166897,19.434442846937884
28,Protected land,zoned_enforcement,2.0561613415407733,5.01244314274461
28,Rural community,zoned_enforcement,2.9631388552698246,7.84288029699538
28,Suburban community,zoned_enforcement,5.087635289564709,13.73810507026271
28,Urban community,zoned_enforcement,5.636660334086029,16.75781580623831
29,Protected land,adaptive_curfew,2.76090043307409,6.144505345098025
29,Rural community,adaptive_curfew,3.917891230427471,9.323511513060767
29,Suburban community,zoned_enforcement,6.885653737314582,16.133935325070997
29,Urban community,zoned_enforcement,7.6425678482552595,19.762511244956833
30,Protected land,zoned_enforcement,2.8473847789726805,6.0313396243973205
30,Rural community,zoned_enforcement,4.0072373013611475,9.132987839448043
30,Suburban community,zoned_enforcement,6.56522754585791,15.64749512926096
30,Urban community,zoned_enforcement,8.091208645221244,19.26587918785513
31,Protected land,zoned_enforcement,2.5532637925679036,5.503908193463457
31,Rural community,zoned_enforcement,3.2969493942905483,8.443608183898158
31,Suburban community,zoned_enforcement,5.589088487338637,14.68790769095562
31,Urban community,zoned_enforcement,6.792344566113993,17.988069152076356
32,Protected land,zoned_enforcement,2.4452518101694163,5.427255431609135
32,Rural community,zoned_enforcement,3.3775849610267876,8.239380107791808
32,Suburban community,zoned_enforcement,5.732104232890364,14.135101591924665
32,Urban community,zoned_enforcement,6.24928175706874,17.36578113975875
33,Protected land,zoned_enforcement,2.443269181308401,5.483237714671143
33,Rural community,zoned_enforcement,3.3153238567683987,8.450425524341853
33,Suburban community,zoned_enforcement,5.858330612471338,14.69087033151561
33,Urban community,zoned_enforcement,7.021538160064997,18.098168041440598
34,Protected land,adaptive_curfew,3.1490711113119647,6.61833773040583
34,Rural community,adaptive_curfew,4.610267798093212,9.841152742986292
34,Suburban community,zoned_enforcement,7.500674930078697,16.587561459013912
34,Urban community,zoned_enforcement,8.001943051574084,20.266328161611334
35,Protected land,zoned_enforcement,2.124784233241421,4.809663766719977
35,Rural community,zoned_enforcement,2.5327479431408584,7.488204133611396
35,Suburban community,zoned_enforcement,4.55586697274385,13.110630232526614
35,Urban community,zoned_enforcement,4.837654150403008,16.131152647206612
36,Protected land,zoned_enforcement,2.803292416519041,6.171403193549209
36,Rural community,zoned_enforcement,4.136666509500762,9.205337570986597
36,Suburban community,zoned_enforcement,6.586324253247897,15.656031146390943
36,Urban community,zoned_enforcement,7.537767882774347,19.218047293991823
37,Protected land,zoned_enforcement,2.9556113706183793,6.1376691139206025
37,Rural community,adaptive_curfew,4.186681261600063,9.299939025209124
37,Suburban community,zoned_enforcement,6.5412416403938245,16.093425970514794
37,Urban community,zoned_enforcement,7.780001431617167,19.76527182408865
38,Protected land,zoned_enforcement,3.172299148272447,6.590254821349396
38,Rural community,zoned_enforcement,4.41572352843437,9.73272749627566
38,Suburban community,adaptive_curfew,7.354820876362874,16.43179786511221
38,Urban community,zoned_enforcement,8.50157265396752,20.177890310530323
39,Protected land,zoned_enforcement,2.733956205659992,5.807108950736278
39,Rural community,adaptive_curfew,4.012540102825423,9.021785560296907
39,Suburban community,zoned_enforcement,6.592777512620314,15.81019326889983
39,Urban community,zoned_enforcement,8.24273854045737,19.477779315437296
40,Protected land,adaptive_curfew,3.113805318076846,6.400198188436781
40,Rural community,zoned_enforcement,4.366383903664222,9.69633206858238
40,Suburban community,zoned_enforcement,7.313843307930151,16.55443755171543
40,Urban community,zoned_enforcement,8.288893457591628,20.21964377677124
41,Protected land,adaptive_curfew,2.9792362272242263,6.204140691856075
41,Rural community,zoned_enforcement,4.503786105367757,9.58563960483564
41,Suburban community,adaptive_curfew,7.208028160442945,16.643835222136694
41,Urban community,zoned_enforcement,8.56479953173508,20.34585590269813
42,Protected land,zoned_enforcement,2.666093750157949,5.848027882282344
42,Rural community,zoned_enforcement,3.7059710989012205,8.833028090152913
42,Suburban community,zoned_enforcement,6.414175697349231,15.159705666104614
42,Urban community,zoned_enforcement,6.952615336604982,18.674103605762717
43,Protected land,zoned_enforcement,2.0941177291590347,4.916467862550913
43,Rural community,zoned_enforcement,2.9834024679846776,7.57063808079759
43,Suburban community,zoned_enforcement,4.479343405186119,13.16067833662313
43,Urban community,zoned_enforcement,5.072144267171547,16.228434094257214
44,Protected land,zoned_enforcement,2.2580767960301698,5.261809106471912
44,Rural community,zoned_enforcement,3.0195024635078944,7.970695108611234
44,Suburban community,zoned_enforcement,5.091602620600099,13.66292389096655
44,Urban community,zoned_enforcement,5.088726673934206,16.688142846090688
45,Protected land,zoned_enforcement,2.1923558912663705,4.997196826322757
45,Rural community,zoned_enforcement,3.0396486884829903,7.751706514401013
45,Suburban community,zoned_enforcement,4.988292583792488,13.564063241463376
45,Urban community,zoned_enforcement,5.683239803071679,16.62212660273457
46,Protected land,zoned_enforcement,2.5245020132426177,5.528541565428615
46,Rural community,zoned_enforcement,3.2827344351262386,8.412290396187599
46,Suburban community,zoned_enforcement,5.597245943444943,14.548733435385772
46,Urban community,zoned_enforcement,6.359466537644826,17.963189223699136
47,Protected land,zoned_enforcement,2.842760941128895,5.911895561047911
47,Rural community,adaptive_curfew,3.6925942426468463,8.873313695267221
47,Suburban community,zoned_enforcement,6.419483413311529,15.230009602778633
47,Urban community,zoned_enforcement,7.422511653946611,18.817449800666758
48,Protected land,adaptive_curfew,3.0903994512115287,6.14909615089791
48,Rural community,adaptive_curfew,4.0244646150248835,9.259567510950909
48,Suburban community,zoned_enforcement,6.934009925529335,15.928155301814659
48,Urban community,zoned_enforcement,7.7310306243090405,19.510136927615243
49,Protected land,zoned_enforcement,2.7610799102542227,5.89952969508781
49,Rural community,zoned_enforcement,4.220793498881228,9.165114773705673
49,Suburban community,zoned_enforcement,6.683436568187515,16.054721040628777
49,Urban community,zoned_enforcement,8.353652134525648,19.744613060267028
50,Protected land,adaptive_curfew,2.2749806295188395,5.127302289620488
50,Rural community,zoned_enforcement,2.842243027826341,7.911996036319087
50,Suburban community,zoned_enforcement,5.012368432042333,13.816156700119087
50,Urban community,zoned_enforcement,5.45008365478369,16.928180509912487
51,Protected land,zoned_enforcement,2.1084292232003206,4.973307850957496
51,Rural community,zoned_enforcement,3.008823463520039,7.771832696434154
51,Suburban community,zoned_enforcement,4.750790577934291,13.57087819914821
51,Urban community,zoned_enforcement,5.707046943283837,16.69659435466711
52,Protected land,zoned_enforcement,2.29281455920012,5.364970591519891
52,Rural community,zoned_enforcement,2.9045282671971293,8.058198128554931
52,Suburban community,zoned_enforcement,4.587606961103706,13.654471502912664
52,Urban community,zoned_enforcement,5.791534360163,16.682807674849048
53,Protected land,adaptive_curfew,2.2586896800070124,5.240466911170973
53,Rural community,zoned_enforcement,3.290944016740304,8.0215314330542
53,Suburban community,zoned_enforcement,5.217365509680651,13.902096081368095
53,Urban community,zoned_enforcement,6.020160868128791,17.12189458763308
54,Protected land,zoned_enforcement,2.958622694414858,6.236961877229606
54,Rural community,zoned_enforcement,4.351514053587596,9.480242288790864
54,Suburban community,zoned_enforcement,7.3546505876520705,16.302432313468206
54,Urban community,zoned_enforcement,8.22242401695604,20.047530454955936
55,Protected land,zoned_enforcement,2.622986708980985,5.7992035135512
55,Rural community,zoned_enforcement,3.244119545985159,8.553012157470805
55,Suburban community,zoned_enforcement,5.186444010532911,14.441241274944385
55,Urban community,zoned_enforcement,6.200832806077868,17.67433790170491
56,Protected land,zoned_enforcement,2.965407420315847,6.071038881433407
56,Rural community,zoned_enforcement,4.075006927061537,9.236459518784475
56,Suburban community,zoned_enforcement,6.650040721308166,15.879876308641776
56,Urban community,zoned_enforcement,8.175012757321296,19.50472371593958
57,Protected land,adaptive_curfew,2.846705608947726,5.9128587346403
57,Rural community,zoned_enforcement,3.8855252968722036,8.93579083329531
57,Suburban community,zoned_enforcement,6.839715911582845,15.277750000511595
57,Urban community,zoned_enforcement,7.7194236973305905,18.825743638375886
58,Protected land,adaptive_curfew,2.1870819123637206,5.083242563683375
58,Rural community,zoned_enforcement,2.8429811064026556,7.704772331035708
58,Suburban community,zoned_enforcement,4.5138270080584135,13.25719669936854
58,Urban community,zoned_enforcement,5.343180079906011,16.152639903902667
59,Protected land,adaptive_curfew,2.9198167587004566,5.878031490944492
59,Rural community,zoned_enforcement,3.944719098130948,9.120976308311285
59,Suburban community,zoned_enforcement,7.049993676386309,15.983483135425914
59,Urban community,zoned_enforcement,7.939099743571104,19.577247196096724
60,Protected land,zoned_enforcement,3.0293983194027767,6.178063958896325
60,Rural community,zoned_enforcement,4.41589380273415,9.542048333073964
60,Suburban community,zoned_enforcement,7.705085212937119,16.4962912970707
60,Urban community,zoned_enforcement,8.653786599127246,20.26356575346151
61,Protected land,adaptive_curfew,2.5668452331990483,5.560548900931246
61,Rural community,zoned_enforcement,3.33530278743041,8.383183743856948
61,Suburban community,zoned_enforcement,5.558249749329841,14.430990194185533
61,Urban community,zoned_enforcement,6.235560104461381,17.778701949974195
62,Protected land,adaptive_curfew,2.839594686823154,5.926223385913747
62,Rural community,zoned_enforcement,4.024312759630294,9.238687849399097
62,Suburban community,zoned_enforcement,6.948729980749896,16.245425727365262
62,Urban community,zoned_enforcement,8.26507118232229,19.973070095130204
63,Protected land,zoned_enforcement,2.3087138550708035,5.047697232460933
63,Rural community,zoned_enforcement,3.039349153470127,7.883760084725183
63,Suburban community,zoned_enforcement,5.341815008585158,13.804134502301515
63,Urban community,zoned_enforcement,5.8804857050822275,16.94564122943715
64,Protected land,adaptive_curfew,2.7854680029853958,5.975713208595417
64,Rural community,zoned_enforcement,3.8033468081868715,8.910724790121275
64,Suburban community,zoned_enforcement,5.8761461214644335,15.167201501917004
64,Urban community,zoned_enforcement,7.417166330925324,18.682873133394466
65,Protected land,zoned_enforcement,2.9415035587354064,6.331869400678785
65,Rural community,zoned_enforcement,4.4012512994823085,9.500293712068233
65,Suburban community,zoned_enforcement,6.974653381187672,16.13228964162408
65,Urban community,zoned_enforcement,8.01153715423494,19.675529444223002
66,Protected land,zoned_enforcement,2.035348671889871,4.880884259527903
66,Rural community,zoned_enforcement,2.7077994221783905,7.600300955637761
66,Suburban community,zoned_enforcement,4.291396071121634,13.22562248546409
66,Urban community,zoned_enforcement,4.942099236321887,16.119827692802957
67,Protected land,adaptive_curfew,2.3008155193322306,5.383424571623097
67,Rural community,zoned_enforcement,3.1445545067487704,8.0666024772653
67,Suburban community,zoned_enforcement,5.387899689394777,13.71924762671179
67,Urban community,zoned_enforcement,5.868707613420501,16.935855389928538
68,Protected land,zoned_enforcement,2.382295722892816,5.204925199679892
68,Rural community,zoned_enforcement,3.07010871378432,7.995928010605567
68,Suburban community,zoned_enforcement,5.1825745866754875,13.819246352604456
68,Urban community,zoned_enforcement,5.978480114489935,16.930943641734103
69,Protected land,adaptive_curfew,2.8181477731926994,5.985413589673362
69,Rural community,zoned_enforcement,4.206638571758329,9.153045501095617
69,Suburban community,adaptive_curfew,6.266768625085303,15.735463056400873
69,Urban community,zoned_enforcement,7.841480194312863,19.258664037653364
70,Protected land,zoned_enforcement,2.4487786569115113,5.360309562238955
70,Rural community,zoned_enforcement,3.36558603364457,8.400006515862724
70,Suburban community,zoned_enforcement,6.092621154421495,14.658737815982049
70,Urban community,zoned_enforcement,7.030421556394899,17.952715679465832
71,Protected land,zoned_enforcement,2.3437543531312763,5.461645266444981
71,Rural community,zoned_enforcement,3.386602285143808,8.344431894694697
71,Suburban community,zoned_enforcement,5.399161368224032,14.448954521703318
71,Urban community,zoned_enforcement,6.941898898942462,17.634854673359072
72,Protected land,zoned_enforcement,2.5683168588984167,5.51618235277755
72,Rural community,zoned_enforcement,3.3971004266766682,8.34464338571191
72,Suburban community,zoned_enforcement,5.328628028426371,14.3078446001149
72,Urban community,zoned_enforcement,6.536900966022092,17.624361394164946
73,Protected land,zoned_enforcement,2.543619451720181,5.623779682861009
73,Rural community,zoned_enforcement,3.153529449007438,8.414356860558918
73,Suburban community,zoned_enforcement,5.145956189857005,14.343754408452803
73,Urban community,zoned_enforcement,6.236365793238276,17.59543782675414
74,Protected land,zoned_enforcement,2.432501193081869,5.393139875020995
74,Rural community,zoned_enforcement,3.1687579155862053,8.364181330646488
74,Suburban community,zoned_enforcement,5.859389062840654,14.50003591273643
74,Urban community,zoned_enforcement,6.126355932154635,17.709597666075748
75,Protected land,zoned_enforcement,2.6283701898899574,5.740247520206151
75,Rural community,zoned_enforcement,3.7974716608508103,8.81906740500238
75,Suburban community,zoned_enforcement,6.29037251296687,15.329515252694328
75,Urban community,zoned_enforcement,7.693397985002289,18.873706906457883
76,Protected land,adaptive_curfew,2.454387439353515,5.618281229608641
76,Rural community,zoned_enforcement,3.3084236224458135,8.28733040121876
76,Suburban community,zoned_enforcement,4.982781635277734,13.905513187904269
76,Urban community,zoned_enforcement,5.81089004917639,17.014557389225057
77,Protected land,zoned_enforcement,2.4588498303720487,5.38675359841297
77,Rural community,zoned_enforcement,2.853669029989935,8.1321447706247
77,Suburban community,zoned_enforcement,5.415338530011537,14.000603039053225
77,Urban community,zoned_enforcement,5.780295357762915,17.204590975743077
78,Protected land,adaptive_curfew,2.1913784625560724,5.297680652065196
78,Rural community,zoned_enforcement,2.7033403304183095,7.914765235278478
78,Suburban community,zoned_enforcement,4.764862955744885,13.480159148724514
78,Urban community,zoned_enforcement,5.399713347955883,16.505927491615637
79,Protected land,adaptive_curfew,2.4627740070130053,5.628636021800737
79,Rural community,zoned_enforcement,3.087743297755946,8.377726636784784
79,Suburban community,zoned_enforcement,5.205554669916488,14.151344975178787
79,Urban community,zoned_enforcement,6.098016351582798,17.33121240307599
80,Protected land,zoned_enforcement,2.577866153306694,5.735728815598513
80,Rural community,zoned_enforcement,3.5745629651299655,8.723915516228878
80,Suburban community,zoned_enforcement,6.425290916312537,15.037158606696746
80,Urban community,zoned_enforcement,7.209505217904919,18.349293693657167
81,Protected land,zoned_enforcement,2.459083064257816,5.406906028177713
81,Rural community,zoned_enforcement,3.2933968512338367,8.25393515491001
81,Suburban community,zoned_enforcement,5.663576765850056,14.249361069765264
81,Urban community,zoned_enforcement,6.114681162634648,17.51110859678459
82,Protected land,zoned_enforcement,2.481321286707902,5.311375280853788
82,Rural community,zoned_enforcement,3.237068671750424,8.203608122366642
82,Suburban community,zoned_enforcement,5.4595156581998,14.195234266205153
82,Urban community,zoned_enforcement,6.676972156587636,17.443476423888537
83,Protected land,zoned_enforcement,2.1783494363699436,5.1980751372241984
83,Rural community,zoned_enforcement,2.801391757619002,7.832181981129402
83,Suburban community,zoned_enforcement,4.52189695473389,13.424060157927645
83,Urban community,zoned_enforcement,5.0270049378118955,16.48829834628498
84,Protected land,adaptive_curfew,3.0783038053331757,6.185754811865968
84,Rural community,zoned_enforcement,4.265192515650844,9.540423521754704
84,Suburban community,zoned_enforcement,7.6633558037307274,16.587878259378268
84,Urban community,zoned_enforcement,8.539719308983797,20.23054591511613
85,Protected land,adaptive_curfew,2.63629067085121,5.967480838937121
85,Rural community,zoned_enforcement,3.9144006356761016,8.910131680531496
85,Suburban community,zoned_enforcement,5.823070509783415,15.187101099619715
85,Urban community,zoned_enforcement,7.236957292790798,18.55842608883253
86,Protected land,zoned_enforcement,2.2814652874124395,5.132147874731553
86,Rural community,zoned_enforcement,3.0250998188185294,7.925692531273404
86,Suburban community,zoned_enforcement,5.227402714149987,13.675856044726231
86,Urban community,zoned_enforcement,5.792639186128223,16.686194061624594
87,Protected land,zoned_enforcement,3.09434432058878,6.371534130671843
87,Rural community,zoned_enforcement,4.217862841921312,9.483066712438196
87,Suburban community,adaptive_curfew,6.642487359760466,16.042395047711082
87,Urban community,zoned_enforcement,8.59112033920843,19.738464700299694
88,Protected land,adaptive_curfew,2.4721817211894375,5.711637117324287
88,Rural community,zoned_enforcement,3.986836391732803,8.738343198820896
88,Suburban community,zoned_enforcement,6.178321799803481,15.147749700830243
88,Urban community,zoned_enforcement,7.341864732972244,18.477436442345553
89,Protected land,zoned_enforcement,2.2920322803855404,5.138532929111613
89,Rural community,zoned_enforcement,2.98778845357728,7.815132170173938
89,Suburban community,zoned_enforcement,5.197495156992176,13.463265983916898
89,Urban community,zoned_enforcement,5.506934538395393,16.58324797351412
90,Protected land,adaptive_curfew,2.3373693405139555,5.444360716462295
90,Rural community,zoned_enforcement,3.1969595714728305,8.207982053045642
90,Suburban community,zoned_enforcement,5.0699511224809015,14.008387086624314
90,Urban community,zoned_enforcement,6.114596862957129,17.15574054202943
91,Protected land,zoned_enforcement,2.340883172023146,5.217549071380876
91,Rural community,zoned_enforcement,3.0623322616258557,8.168098438961263
91,Suburban community,zoned_enforcement,5.7098397387722315,14.265638514356601
91,Urban community,zoned_enforcement,6.618557129961818,17.532887977768645
92,Protected land,adaptive_curfew,2.016496561191479,4.768084462618565
92,Rural community,zoned_enforcement,2.7376091964835094,7.536991675051073
92,Suburban community,zoned_enforcement,4.806665101199922,13.322925105396125
92,Urban community,zoned_enforcement,6.040694370491019,16.30986811990719
93,Protected land,zoned_enforcement,2.3128841478417583,5.291678112042222
93,Rural community,zoned_enforcement,3.013351106102956,8.08171506877106
93,Suburban community,zoned_enforcement,5.156646351874503,13.904997597498129
93,Urban community,zoned_enforcement,5.742796892973292,16.94468877284559
94,Protected land,zoned_enforcement,2.2280378120098736,5.004657399569488
94,Rural community,zoned_enforcement,3.1755333372578907,7.811632562885637
94,Suburban community,zoned_enforcement,4.868009862290686,13.651214491766384
94,Urban community,zoned_enforcement,6.138545528610544,16.795800648567617
95,Protected land,adaptive_curfew,2.850682631485406,5.814312649381102
95,Rural community,zoned_enforcement,3.8813508917646793,9.07982052446679
95,Suburban community,zoned_enforcement,7.180418484497483,15.933469506951054
95,Urban community,zoned_enforcement,8.162607163439827,19.60259612366476
96,Protected land,zoned_enforcement,2.069106777492637,4.780750878165257
96,Rural community,zoned_enforcement,2.772892496751524,7.4987940131236
96,Suburban community,zoned_enforcement,4.670722571372481,13.255865220574625
96,Urban community,zoned_enforcement,5.631222772134748,16.357575320223326
97,Protected land,zoned_enforcement,2.8398774138529084,5.880661017864797
97,Rural community,zoned_enforcement,3.8872757927558608,8.989982248045834
97,Suburban community,zoned_enforcement,6.395101852998254,15.614728653374673
97,Urban community,zoned_enforcement,7.846942936981481,19.219785834405418
98,Protected land,zoned_enforcement,3.1255102413557303,6.2567767934686405
98,Rural community,zoned_enforcement,4.407421191001572,9.595096244520592
98,Suburban community,zoned_enforcement,7.522995117337194,16.58119091904803
98,Urban community,zoned_enforcement,8.539643505234142,20.358136411190145
99,Protected land,zoned_enforcement,2.381077065528507,5.438660085445647
99,Rural community,zoned_enforcement,3.1042045480682443,8.292608222777359
99,Suburban community,zoned_enforcement,5.4403380156624745,14.21472224644565
99,Urban community,zoned_enforcement,6.498065719479648,17.41644475682356
100,Protected land,zoned_enforcement,2.8437708995168087,6.1091335505288855
100,Rural community,zoned_enforcement,4.100949965511783,9.201937455489272
100,Suburban community,zoned_enforcement,6.16846626370806,15.701240365495527
100,Urban community,zoned_enforcement,7.801500725973906,19.37458073914375
101,Protected land,adaptive_curfew,2.5644599186203694,5.711106987053158
101,Rural community,zoned_enforcement,3.3799414027925847,8.586416218470843
101,Suburban community,zoned_enforcement,5.99071447811032,14.764577920369918
101,Urban community,zoned_enforcement,6.375034673677712,18.103931748628266
102,Protected land,adaptive_curfew,2.867452766734958,5.883415059286425
102,Rural community,zoned_enforcement,4.2316798625533485,9.179679035168272
102,Suburban community,zoned_enforcement,6.903633694446432,16.055616819172077
102,Urban community,zoned_enforcement,7.781002950108181,19.59441950748818
103,Protected land,adaptive_curfew,2.7531531350125387,5.934980995791958
103,Rural community,zoned_enforcement,3.700665174972988,8.947571077396594
103,Suburban community,zoned_enforcement,6.09521724470744,15.318642327351444
103,Urban community,zoned_enforcement,7.338852337223747,18.830021557548264
104,Protected land,zoned_enforcement,2.7771592633059425,5.9747995811918715
104,Rural community,zoned_enforcement,4.030718167958425,9.172513927001601
104,Suburban community,zoned_enforcement,6.944635384523696,15.860488602735915
104,Urban community,zoned_enforcement,7.7716608750857485,19.42083176346267
105,Protected land,zoned_enforcement,2.8088715244124485,5.851106888548957
105,Rural community,zoned_enforcement,3.8223958271077967,9.13024661985778
105,Suburban community,zoned_enforcement,7.071170723902302,15.939357625332793
105,Urban community,zoned_enforcement,7.932189158511912,19.541353929113182
106,Protected land,adaptive_curfew,2.4077660897466124,5.672273450816833
106,Rural community,zoned_enforcement,3.4648738183695826,8.556830145872537
106,Suburban community,zoned_enforcement,5.749709288873683,14.682946063029483
106,Urban community,zoned_enforcement,6.696880803918013,18.021731877191687
107,Protected land,adaptive_curfew,2.8622874518365014,6.2975179253056455
107,Rural community,adaptive_curfew,4.205151492735394,9.32915703810053
107,Suburban community,zoned_enforcement,6.812047924404046,15.815491855283295
107,Urban community,zoned_enforcement,7.95093142766396,19.34392046073169
108,Protected land,zoned_enforcement,2.8580904009538486,5.873880450015108
108,Rural community,zoned_enforcement,3.8679536719899366,9.127359377752102
108,Suburban community,zoned_enforcement,7.430289040915307,15.959028445438037
108,Urban community,zoned_enforcement,8.307657857436752,19.5813329993559
109,Protected land,adaptive_curfew,2.6289583264283882,5.7139509281250955
109,Rural community,zoned_enforcement,3.5123342302138996,8.72081817829195
109,Suburban community,zoned_enforcement,6.081364635616255,15.039296356397754
109,Urban community,zoned_enforcement,6.660859293705444,18.39920695816621
110,Protected land,adaptive_curfew,3.031567818924825,6.281500555700627
110,Rural community,zoned_enforcement,4.14090942481743,9.420914540258584
110,Suburban community,zoned_enforcement,6.822114939335107,16.04247396690872
110,Urban community,zoned_enforcement,7.969065284538322,19.644295885567114
111,Protected land,adaptive_curfew,2.3649282130932856,5.367125797807902
111,Rural community,zoned_enforcement,2.8535976259774287,8.081319971224122
111,Suburban community,zoned_enforcement,4.914520959256798,13.830048051557819
111,Urban community,zoned_enforcement,5.6725509356107136,16.916606503546873
112,Protected land,adaptive_curfew,3.154460333942657,6.491006226455704
112,Rural community,zoned_enforcement,4.3496271781543285,9.569910614165382
112,Suburban community,zoned_enforcement,7.34041371130718,16.07598233398462
112,Urban community,zoned_enforcement,7.991834391698546,19.68978642994702
113,Protected land,zoned_enforcement,2.7215523729122952,5.714049578604462
113,Rural community,zoned_enforcement,3.7942938321574244,8.850661638485246
113,Suburban community,zoned_enforcement,6.788430402621957,15.33870550456733
113,Urban community,zoned_enforcement,7.279828512910356,18.902992188025426
114,Protected land,adaptive_curfew,2.5816607698389125,5.566185294728012
114,Rural community,zoned_enforcement,4.017796174231126,8.814857046987878
114,Suburban community,zoned_enforcement,6.533826790894134,15.660740277256298
114,Urban community,zoned_enforcement,7.486833888225457,19.192301573063933
115,Protected land,zoned_enforcement,2.42081695233967,5.631518315524244
115,Rural community,zoned_enforcement,3.718403130881077,8.518647332791922
115,Suburban community,zoned_enforcement,5.31118335979926,14.580133108252783
115,Urban community,zoned_enforcement,6.4676038469010955,17.90742311219791
116,Protected land,zoned_enforcement,2.151185038207441,4.859619865418172
116,Rural community,zoned_enforcement,2.682437297704791,7.60315379217344
116,Suburban community,zoned_enforcement,4.803917696159321,13.288199388439303
116,Urban community,zoned_enforcement,5.102038850050171,16.23716421739778
117,Protected land,adaptive_curfew,2.9461169330141037,6.36102188654089
117,Rural community,adaptive_curfew,4.541014774985158,9.628370628523873
117,Suburban community,zoned_enforcement,7.538011433372077,16.599681780800065
117,Urban community,adaptive_curfew,8.444615922484003,20.427711249031915
118,Protected land,zoned_enforcement,2.2184298361276804,5.10798911190236
118,Rural community,zoned_enforcement,2.819753887154186,7.6770493652144625
118,Suburban community,zoned_enforcement,4.225693885534005,13.10300426349965
118,Urban community,zoned_enforcement,4.859065430206575,16.123940478656714
119,Protected land,zoned_enforcement,2.271276418837167,5.397701418425787
119,Rural community,zoned_enforcement,3.2713128152084083,8.209411748001893
119,Suburban community,zoned_enforcement,5.244705364136152,14.176648669135878
119,Urban community,zoned_enforcement,6.245408342029638,17.36016622895628
120,Protected land,adaptive_curfew,2.9402925689371195,6.378272752339077
120,Rural community,zoned_enforcement,4.222483216734471,9.611365054711781
120,Suburban community,adaptive_curfew,7.030623957028457,16.410960082486064
120,Urban community,zoned_enforcement,8.220180146343136,20.053806454212474
121,Protected land,adaptive_curfew,2.5603936825338076,5.857814714127053
121,Rural community,zoned_enforcement,3.9237555632286236,9.069065014718145
121,Suburban community,zoned_enforcement,6.406667088496283,15.769903279624215
121,Urban community,zoned_enforcement,8.108482703549408,19.353532076287728
122,Protected land,zoned_enforcement,2.7284753720815713,5.8108547348656625
122,Rural community,zoned_enforcement,3.990332201534999,9.035859472945496
122,Suburban community,zoned_enforcement,6.388222317836046,15.779705704830151
122,Urban community,zoned_enforcement,8.237236530984774,19.419632873031922
123,Protected land,zoned_enforcement,2.4595580453558115,5.409216995277133
123,Rural community,zoned_enforcement,3.7111064834490284,8.473466439910736
123,Suburban community,zoned_enforcement,5.774270862061414,14.874129613449258
123,Urban community,zoned_enforcement,7.298309099222646,18.241007056159507
124,Protected land,zoned_enforcement,2.771808219999937,5.663262711199927
124,Rural community,zoned_enforcement,3.957339583121004,8.883648858371934
124,Suburban community,zoned_enforcement,6.484689166684202,15.618928662981766
124,Urban community,zoned_enforcement,7.446721023668358,19.14870048809255
125,Protected land,zoned_enforcement,2.9894267815392546,6.2685432794507445
125,Rural community,zoned_enforcement,4.045133068406419,9.338525337216709
125,Suburban community,zoned_enforcement,6.642071458662906,15.897164193417693
125,Urban community,zoned_enforcement,7.849862050096645,19.41484973942466
126,Protected land,zoned_enforcement,2.218098186269816,5.371058672144687
126,Rural community,zoned_enforcement,3.3618438927910397,8.245509969529163
126,Suburban community,zoned_enforcement,5.425449757199328,14.214521440274531
126,Urban community,zoned_enforcement,6.405455855370985,17.42352689072795
127,Protected land,zoned_enforcement,2.279326169618772,5.030817601474731
127,Rural community,zoned_enforcement,2.714137648983696,7.680860079504212
127,Suburban community,zoned_enforcement,4.6443766137338685,13.196178900797104
127,Urban community,zoned_enforcement,4.993648139328947,16.21541196373557
128,Protected land,zoned_enforcement,2.23699994019314,5.186934096228143
128,Rural community,zoned_enforcement,2.7215818580126294,7.834753501365917
128,Suburban community,zoned_enforcement,4.599159447558696,13.46972906210786
128,Urban community,zoned_enforcement,5.707797216375701,16.614825419872677
129,Protected land,zoned_enforcement,2.736763784955667,5.7968281360465
129,Rural community,zoned_enforcement,4.136916820642882,9.05180335281516
129,Suburban community,zoned_enforcement,6.807584960391191,15.89005234858617
129,Urban community,zoned_enforcement,8.171856036944085,19.627366640407907
130,Protected land,zoned_enforcement,2.616524565236354,5.558959409565317
130,Rural community,zoned_enforcement,3.353532868782401,8.504609703300394
130,Suburban community,zoned_enforcement,5.859654656914776,14.633743231019949
130,Urban community,zoned_enforcement,6.485696353213935,17.918463170130412
131,Protected land,zoned_enforcement,2.709720073372967,5.665517962938328
131,Rural community,zoned_enforcement,3.725191954320528,8.745426952143163
131,Suburban community,zoned_enforcement,5.9792397946450055,15.163310401017387
131,Urban community,zoned_enforcement,7.457452590141759,18.48445921540356
132,Protected land,adaptive_curfew,2.478290502894497,5.623900628709064
132,Rural community,zoned_enforcement,3.5222609833573557,8.719722336456663
132,Suburban community,zoned_enforcement,6.368275394331018,15.141242656533105
132,Urban community,zoned_enforcement,7.606537195422815,18.62633220271323
133,Protected land,zoned_enforcement,2.353620054840813,5.163845469809327
133,Rural community,zoned_enforcement,2.881142561944089,7.84611419207141
133,Suburban community,zoned_enforcement,5.079925593897215,13.450764370282025
133,Urban community,zoned_enforcement,5.092784432951973,16.408851272462023
134,Protected land,adaptive_curfew,2.3644186603601636,5.413898861830164
134,Rural community,zoned_enforcement,3.2143190799283223,8.116805146976
134,Suburban community,zoned_enforcement,5.026822258694269,13.843321602157014
134,Urban community,zoned_enforcement,5.275344185860245,16.942507021296255
135,Protected land,zoned_enforcement,2.2595012507821615,5.047453106091924
135,Rural community,zoned_enforcement,2.830575418003514,7.686833560317581
135,Suburban community,zoned_enforcement,4.692972233175356,13.262553662141304
135,Urban community,zoned_enforcement,5.23362467242432,16.245073098696576
136,Protected land,adaptive_curfew,2.998962707646691,6.1299775988227045
136,Rural community,zoned_enforcement,4.673095969143935,9.472187279931383
136,Suburban community,zoned_enforcement,7.429069275625395,16.403515617457106
136,Urban community,zoned_enforcement,8.576823465163464,19.99747070829794
137,Protected land,adaptive_curfew,2.67873344353569,5.830875135953376
137,Rural community,zoned_enforcement,3.9393442796207676,8.928792894414677
137,Suburban community,zoned_enforcement,6.29131297846679,15.448633539475487
137,Urban community,zoned_enforcement,6.946061112745387,18.816977488746232
138,Protected land,zoned_enforcement,2.685328330980803,5.755559262380238
138,Rural community,adaptive_curfew,3.801933050544994,8.911245170506454
138,Suburban community,zoned_enforcement,6.495441015571114,15.490418382934818
138,Urban community,zoned_enforcement,8.108742173780335,19.074505021322736
139,Protected land,adaptive_curfew,3.2752218267184023,6.330601400228299
139,Rural community,zoned_enforcement,4.520190546039617,9.606614812026617
139,Suburban community,zoned_enforcement,7.150137019346433,16.58985787315975
139,Urban community,zoned_enforcement,8.86378504650532,20.409905133310847
140,Protected land,zoned_enforcement,2.836836953205719,5.946506684177854
140,Rural community,zoned_enforcement,4.308618411633916,9.219740276820303
140,Suburban community,zoned_enforcement,6.492569419451543,16.085484537716027
140,Urban community,zoned_enforcement,8.2152832364892,19.719975810389258
141,Protected land,zoned_enforcement,2.1334664154705916,5.132342072146537
141,Rural community,zoned_enforcement,3.1041825488834176,8.011675696994521
141,Suburban community,zoned_enforcement,5.164591828442184,13.97534378856082
141,Urban community,zoned_enforcement,5.595984106299646,17.077682438013124
142,Protected land,zoned_enforcement,2.37983539758442,5.063484740647105
142,Rural community,zoned_enforcement,3.079153355062295,7.873719570824958
142,Suburban community,zoned_enforcement,4.982272244531419,13.687802043900382
142,Urban community,zoned_enforcement,5.65789778933709,16.769819314729375
143,Protected land,zoned_enforcement,2.542348590007604,5.89350033080651
143,Rural community,zoned_enforcement,3.8197636124838708,8.939268993478281
143,Suburban community,zoned_enforcement,6.225915346536727,15.366756811131872
143,Urban community,zoned_enforcement,7.358884825249451,18.784641405838833
144,Protected land,zoned_enforcement,2.336512169026106,5.410658053873316
144,Rural community,zoned_enforcement,3.166224380716973,8.269714836515782
144,Suburban community,zoned_enforcement,5.329866091879882,14.312669022544885
144,Urban community,zoned_enforcement,6.059726502369166,17.472231851196884
145,Protected land,zoned_enforcement,2.3559565069444472,5.412695658356909
145,Rural community,zoned_enforcement,3.183957643319209,8.233292426447077
145,Suburban community,zoned_enforcement,4.866312698571344,14.128838232660087
145,Urban community,zoned_enforcement,6.037989933161276,17.28011818042896
146,Protected land,zoned_enforcement,2.8406497043820336,5.776522051988834
146,Rural community,zoned_enforcement,4.010107225691382,9.035652847322961
146,Suburban community,zoned_enforcement,6.721038129248626,15.870152877479239
146,Urban community,zoned_enforcement,8.1083183272123,19.448881888838297
147,Protected land,zoned_enforcement,2.379495289355363,5.515456535629492
147,Rural community,zoned_enforcement,3.5576623673894066,8.397730938973137
147,Suburban community,zoned_enforcement,5.22816654208869,14.43469775927276
147,Urban community,zoned_enforcement,6.44477834822497,17.673079616203477
148,Protected land,zoned_enforcement,2.6792534608007883,5.912334922679188
148,Rural community,zoned_enforcement,3.751870636342307,8.868064849568126
148,Suburban community,zoned_enforcement,6.169415398390052,15.106845960124218
148,Urban community,zoned_enforcement,6.690236304706893,18.467551310594292
149,Protected land,zoned_enforcement,2.7092840324985157,5.903928090881757
149,Rural community,zoned_enforcement,4.102914876968092,8.988565572539917
149,Suburban community,zoned_enforcement,6.584054766660342,15.402302407954165
149,Urban community,zoned_enforcement,7.7063147394367295,18.772618314747714
150,Protected land,zoned_enforcement,2.4940788091965143,5.493673553253513
150,Rural community,zoned_enforcement,3.2091455595056306,8.40146155308308
150,Suburban community,zoned_enforcement,5.811519520234111,14.471881654785468
150,Urban community,zoned_enforcement,6.654106983770655,17.749435070570605
151,Protected land,zoned_enforcement,2.0838588375799234,5.1177589672472905
151,Rural community,zoned_enforcement,2.6808234500678827,7.675681682706818
151,Suburban community,zoned_enforcement,4.618632695287227,13.136674467625726
151,Urban community,zoned_enforcement,4.605960106852503,16.16562153009832
152,Protected land,zoned_enforcement,2.243508504117027,5.130701402749839
152,Rural community,zoned_enforcement,3.2940197221959,7.920115055884218
152,Suburban community,zoned_enforcement,5.021733619551233,13.76848378481367
152,Urban community,zoned_enforcement,5.8960037109756325,17.020096499548284
153,Protected land,zoned_enforcement,2.926714570202215,6.122783864686301
153,Rural community,zoned_enforcement,4.035394119304308,9.190108974751938
153,Suburban community,zoned_enforcement,6.978121940226069,15.681918671637444
153,Urban community,zoned_enforcement,8.019155075213062,19.35604370191544
154,Protected land,zoned_enforcement,2.937583463746027,6.091057363303706
154,Rural community,zoned_enforcement,4.403829513568847,9.439851394709443
154,Suburban community,adaptive_curfew,6.866349874694443,16.348008740786227
154,Urban community,zoned_enforcement,8.131260708254059,20.09144483465746
155,Protected land,adaptive_curfew,2.933885967357349,6.099880778768421
155,Rural community,zoned_enforcement,3.9779252500179263,9.072984757968392
155,Suburban community,zoned_enforcement,6.0424809873701495,15.421134390007582
155,Urban community,zoned_enforcement,7.34340453807185,18.889381048228813
156,Protected land,zoned_enforcement,2.9011882728500034,6.0684141658700375
156,Rural community,zoned_enforcement,3.8749046027878506,9.05089275525007
156,Suburban community,zoned_enforcement,6.384938365305237,15.314097899514934
156,Urban community,zoned_enforcement,7.286836681833718,18.860969998773495
157,Protected land,adaptive_curfew,2.9458400257237565,5.968332084105402
157,Rural community,zoned_enforcement,4.027671566313502,9.010453386165388
157,Suburban community,zoned_enforcement,6.590857948904276,15.473229093363909
157,Urban community,zoned_enforcement,7.259086136489982,18.89704801337098
158,Protected land,zoned_enforcement,2.280551615981556,5.310117998318091
158,Rural community,zoned_enforcement,2.9775163067387362,8.105299910999717
158,Suburban community,zoned_enforcement,5.364713722261575,14.023163697874663
158,Urban community,zoned_enforcement,6.236719571650278,17.205732004351436
159,Protected land,adaptive_curfew,2.6912641732501053,5.69598711954691
159,Rural community,zoned_enforcement,3.8419212647925978,8.898080477666726
159,Suburban community,zoned_enforcement,6.094702146502767,15.54819884603275
159,Urban community,zoned_enforcement,7.73713993847435,18.960728278708665
160,Protected land,adaptive_curfew,2.9172627197751893,6.388160313121332
160,Rural community,zoned_enforcement,4.467252429800816,9.581331292536786
160,Suburban community,zoned_enforcement,7.226731656993868,16.245239921847357
160,Urban community,zoned_enforcement,8.207098098085256,19.851286327436977
161,Protected land,zoned_enforcement,2.88658629350935,6.067906192272569
161,Rural community,zoned_enforcement,4.128788598820876,9.229560344527894
161,Suburban community,zoned_enforcement,6.810738942289012,15.863945444263598
161,Urban community,zoned_enforcement,8.645730509756778,19.43967338554089
162,Protected land,zoned_enforcement,2.594142332653698,5.7069014968974905
162,Rural community,zoned_enforcement,3.459014557788853,8.6994102315818
162,Suburban community,zoned_enforcement,5.838844269583994,14.987504578698879
162,Urban community,zoned_enforcement,6.909903334151787,18.336810186203717
163,Protected land,zoned_enforcement,2.3903843960045204,5.235146848910248
163,Rural community,zoned_enforcement,3.2508733335285154,8.12870950461727
163,Suburban community,zoned_enforcement,5.210088025202069,14.11882629868974
163,Urban community,zoned_enforcement,6.756782060574144,17.36598167365015
164,Protected land,adaptive_curfew,2.776941693234911,5.976476215971799
164,Rural community,adaptive_curfew,3.818123444544831,9.028724161652088
164,Suburban community,adaptive_curfew,6.2505551838084905,15.573898518776726
164,Urban community,zoned_enforcement,6.915028899589327,19.089284984917292
165,Protected land,adaptive_curfew,2.4174308039443257,5.481561717046355
165,Rural community,zoned_enforcement,3.343274556938563,8.336532450068223
165,Suburban community,zoned_enforcement,5.210805805967436,14.324313197031941
165,Urban community,zoned_enforcement,5.793170429054024,17.49654153002856
166,Protected land,zoned_enforcement,2.4815438296771632,5.426619481687215
166,Rural community,zoned_enforcement,2.9756445527181654,8.167901402127677
166,Suburban community,zoned_enforcement,5.217439252489456,13.877289857744643
166,Urban community,zoned_enforcement,5.87447426314001,17.016015549403836
167,Protected land,adaptive_curfew,2.570285619870691,5.544057710542873
167,Rural community,zoned_enforcement,3.295243357174063,8.361922025024397
167,Suburban community,zoned_enforcement,5.392157446202756,14.3504793734413
167,Urban community,zoned_enforcement,6.417749502919996,17.597926706415016
168,Protected land,zoned_enforcement,2.5106728119076056,5.55842528693888
168,Rural community,zoned_enforcement,3.4352875782057124,8.570826698782186
168,Suburban community,zoned_enforcement,6.202892608686037,14.776117272295245
168,Urban community,zoned_enforcement,7.1312121074531145,18.070765197787455
169,Protected land,zoned_enforcement,2.243399923411155,5.314773198195899
169,Rural community,zoned_enforcement,3.116602885674845,8.005585058345446
169,Suburban community,zoned_enforcement,4.72199377464743,13.672208114747807
169,Urban community,zoned_enforcement,5.694575751723525,16.852816378623892
170,Protected land,zoned_enforcement,2.243588470256695,5.004629928314206
170,Rural community,zoned_enforcement,2.7331150719357415,7.700422945967047
170,Suburban community,zoned_enforcement,4.497275694978606,13.354540494242428
170,Urban community,zoned_enforcement,5.155764887092889,16.33938573938614
171,Protected land,zoned_enforcement,2.171702673981585,5.16068845950133
171,Rural community,zoned_enforcement,3.024087008360776,7.904699204158967
171,Suburban community,zoned_enforcement,4.832383148157216,13.722417649383464
171,Urban community,zoned_enforcement,5.491682316521283,16.743840066897526
172,Protected land,zoned_enforcement,2.3896625596080585,5.126475218257753
172,Rural community,zoned_enforcement,3.1308552305079154,7.9939809970637485
172,Suburban community,zoned_enforcement,5.628770336753391,14.043584314084098
172,Urban community,zoned_enforcement,6.212975864916027,17.251253316263078
173,Protected land,adaptive_curfew,2.8296806641209002,5.850499189936433
173,Rural community,zoned_enforcement,3.8827220317003173,8.972855922968021
173,Suburban community,zoned_enforcement,6.420257359009522,15.437744207104304
173,Urban community,zoned_enforcement,7.203791261227309,18.831210721609597
174,Protected land,zoned_enforcement,2.369678550587727,5.2927402351027535
174,Rural community,zoned_enforcement,3.063621810878395,8.08347065233722
174,Suburban community,zoned_enforcement,5.297003637841479,13.94113209576574
174,Urban community,zoned_enforcement,6.348504731035025,17.076423372104134
175,Protected land,zoned_enforcement,3.0807168182503295,6.263888718464537
175,Rural community,zoned_enforcement,4.248254998048283,9.479287897931252
175,Suburban community,zoned_enforcement,7.146250227691462,16.253994854329616
175,Urban community,zoned_enforcement,8.14894591985584,19.920221286949005
176,Protected land,adaptive_curfew,3.21314203101359,6.487678657799186
176,Rural community,zoned_enforcement,4.396374757052413,9.724012351833323
176,Suburban community,zoned_enforcement,7.10288806957214,16.53547176864248
176,Urban community,zoned_enforcement,8.572645257855664,20.171322059550715
177,Protected land,adaptive_curfew,2.794441292205509,6.196429487849932
177,Rural community,zoned_enforcement,3.835375128284319,9.190530265130802
177,Suburban community,zoned_enforcement,6.247643507179152,15.579786332786444
177,Urban community,zoned_enforcement,7.092045252581357,19.02692906464066
178,Protected land,zoned_enforcement,2.780587460568037,6.065957923621503
178,Rural community,zoned_enforcement,4.063656164399454,9.111944727079576
178,Suburban community,zoned_enforcement,5.951303967100051,15.444582942802555
178,Urban community,zoned_enforcement,7.454927016147224,18.882291004874073
179,Protected land,zoned_enforcement,2.0942026096371675,4.93976769197563
179,Rural community,zoned_enforcement,2.8055300269632975,7.6240774435683365
179,Suburban community,zoned_enforcement,4.664086284921499,13.335360303122886
179,Urban community,zoned_enforcement,5.368104526742831,16.40790556181025
180,Protected land,zoned_enforcement,2.640801873661476,5.98999405826308
180,Rural community,zoned_enforcement,3.873523182403315,9.003627901713743
180,Suburban community,zoned_enforcement,6.09045998334039,15.36164487032909
180,Urban community,zoned_enforcement,7.651889606773237,18.801765014414592
181,Protected land,adaptive_curfew,2.585339470540816,5.514843616887453
181,Rural community,zoned_enforcement,3.810093071781922,8.733543737666045
181,Suburban community,zoned_enforcement,7.00853011577054,15.397035187019748
181,Urban community,zoned_enforcement,7.4030433158508835,18.92627507429937
182,Protected land,zoned_enforcement,2.3705989394735294,5.3453607027037355
182,Rural community,zoned_enforcement,3.364179233267677,8.26484270235983
182,Suburban community,zoned_enforcement,5.895483064358547,14.45630950793454
182,Urban community,zoned_enforcement,6.307964676583133,17.73499889757791
183,Protected land,zoned_enforcement,2.704985972575069,5.790886301239313
183,Rural community,zoned_enforcement,4.157157096162176,9.02631851413709
183,Suburban community,zoned_enforcement,6.6457787402710125,15.735922391359273
183,Urban community,zoned_enforcement,7.613247337009808,19.373507820204058
184,Protected land,zoned_enforcement,2.0430015665724945,4.939462380985113
184,Rural community,zoned_enforcement,2.787284863880479,7.6914469436617035
184,Suburban community,zoned_enforcement,4.902667870843892,13.384076316615229
184,Urban community,zoned_enforcement,5.658006434690357,16.301136218749342
185,Protected land,zoned_enforcement,2.7130929562919994,5.7630732100580175
185,Rural community,zoned_enforcement,3.8629177646604136,8.8530959853927
185,Suburban community,zoned_enforcement,6.10323706373714,15.210939878989407
185,Urban community,zoned_enforcement,6.918350376572258,18.59901800965121
186,Protected land,adaptive_curfew,3.1056449117601734,6.248938595013793
186,Rural community,zoned_enforcement,4.4270030244026675,9.56306507782387
186,Suburban community,zoned_enforcement,7.244066475452669,16.491776177067774
186,Urban community,zoned_enforcement,8.018107693342357,20.180920609358015
187,Protected land,zoned_enforcement,2.2649940067147165,5.166778413039479
187,Rural community,zoned_enforcement,3.0113755316724022,7.852112837298309
187,Suburban community,zoned_enforcement,4.574625695297135,13.535916010236113
187,Urban community,zoned_enforcement,5.563993683941636,16.53238178213903
188,Protected land,zoned_enforcement,2.1482094172625765,4.972527268765354
188,Rural community,zoned_enforcement,2.8945461324349306,7.723296374347233
188,Suburban community,zoned_enforcement,5.2446685806982725,13.463226301944708
188,Urban community,zoned_enforcement,5.5242642616439355,16.5833145122977
189,Protected land,zoned_enforcement,2.501612102365997,5.400310576972762
189,Rural community,zoned_enforcement,3.2925541051022007,8.308317369263412
189,Suburban community,zoned_enforcement,5.6153616997473765,14.45975180851744
189,Urban community,zoned_enforcement,6.46430674473528,17.85087787831527
190,Protected land,adaptive_curfew,2.971141182865935,5.832535973272918
190,Rural community,adaptive_curfew,4.273510361862403,9.190222944667836
190,Suburban community,zoned_enforcement,7.34758816059291,16.28253991940895
190,Urban community,zoned_enforcement,8.266386916342785,19.889666087263368
191,Protected land,adaptive_curfew,2.078126863588219,4.928361092372949
191,Rural community,zoned_enforcement,3.006365915535728,7.684007385163618
191,Suburban community,zoned_enforcement,4.905304085525939,13.415353753531079
191,Urban community,zoned_enforcement,5.566098645651067,16.43482768692396
192,Protected land,zoned_enforcement,2.8256693405487083,6.135708618775585
192,Rural community,zoned_enforcement,4.045781475936367,9.231716947614759
192,Suburban community,zoned_enforcement,6.751805516126735,15.837328010562388
192,Urban community,zoned_enforcement,7.638939772897222,19.31972131061323
193,Protected land,zoned_enforcement,2.077010879373638,5.018722942244799
193,Rural community,zoned_enforcement,2.87734984238252,7.776288269658421
193,Suburban community,zoned_enforcement,4.579232682056139,13.599988184321113
193,Urban community,zoned_enforcement,5.661432945065796,16.721129521698078
194,Protected land,zoned_enforcement,2.504676833534415,5.682975776130927
194,Rural community,zoned_enforcement,3.9570764963170264,8.842688399742714
194,Suburban community,zoned_enforcement,6.643250389987271,15.458969134304146
194,Urban community,zoned_enforcement,7.800892931982727,19.070581759924696
195,Protected land,adaptive_curfew,2.9557977387513996,6.256000322318181
195,Rural community,adaptive_curfew,4.357733371331662,9.478651884390967
195,Suburban community,adaptive_curfew,7.011816964326112,16.37201474493942
195,Urban community,zoned_enforcement,8.114729756068542,20.042514072227398
196,Protected land,zoned_enforcement,2.5985402589035145,5.654137107672211
196,Rural community,zoned_enforcement,3.4654361509948615,8.538347548681802
196,Suburban community,zoned_enforcement,5.409220158913964,14.584973291337617
196,Urban community,zoned_enforcement,6.6594904838709965,17.75874269407022
197,Protected land,zoned_enforcement,2.2292612796105393,5.065846737962172
197,Rural community,zoned_enforcement,3.0910732849440183,7.951185854188926
197,Suburban community,zoned_enforcement,5.333464619799617,13.99938895561392
197,Urban community,zoned_enforcement,6.002149253603147,17.08677249130392
198,Protected land,zoned_enforcement,2.751348612583693,5.892030434057875
198,Rural community,zoned_enforcement,3.810190547911896,8.795586207304831
198,Suburban community,zoned_enforcement,5.933959478341794,14.950418953834923
198,Urban community,zoned_enforcement,7.019585240060728,18.373704454479896
199,Protected land,zoned_enforcement,2.2334417123362558,5.412797151031663
199,Rural community,zoned_enforcement,3.0509598764236614,8.289448338532644
199,Suburban community,zoned_enforcement,5.720749953584278,14.286517614545973
199,Urban community,zoned_enforcement,6.294757911959351,17.38297987464951
200,Protected land,adaptive_curfew,2.8825622911458675,6.000064279352596
200,Rural community,zoned_enforcement,4.163179528619772,9.128092867279571
200,Suburban community,zoned_enforcement,6.818541002147578,15.654487270324754
200,Urban community,zoned_enforcement,7.072527119971749,19.149633497178833
201,Protected land,zoned_enforcement,2.666275300358724,5.555225861376835
201,Rural community,zoned_enforcement,3.838695419693347,8.676483685644982
201,Suburban community,zoned_enforcement,6.5829590790705,15.168619780572207
201,Urban community,zoned_enforcement,7.328077734028744,18.607162565449492
202,Protected land,zoned_enforcement,2.719138667855108,5.803617780157042
202,Rural community,zoned_enforcement,3.5075434648376147,8.869904719488437
202,Suburban community,zoned_enforcement,6.693539768417347,15.243085734339628
202,Urban community,zoned_enforcement,7.220871189751449,18.54936477763343
203,Protected land,adaptive_curfew,2.9597617889463104,6.198528143288786
203,Rural community,zoned_enforcement,3.8346367777248194,9.091075863036124
203,Suburban community,zoned_enforcement,6.0196266662310745,15.285345848941182
203,Urban community,zoned_enforcement,7.349125146547658,18.787255073475432
204,Protected land,adaptive_curfew,2.765161502484785,6.15500217599394
204,Rural community,zoned_enforcement,4.07223345427069,9.364010983897806
204,Suburban community,zoned_enforcement,7.19215353914319,16.20605936806527
204,Urban community,adaptive_curfew,7.991508370172454,19.998182664593106
205,Protected land,adaptive_curfew,3.0397175160821885,6.176771750991687
205,Rural community,zoned_enforcement,4.380710340790905,9.50023455733586
205,Suburban community,zoned_enforcement,7.254610410758405,16.440877612367384
205,Urban community,adaptive_curfew,7.988204429419975,20.069303764268117
206,Protected land,zoned_enforcement,2.2201285969914815,5.224367003206827
206,Rural community,zoned_enforcement,3.118373709582226,8.208861297049559
206,Suburban community,zoned_enforcement,6.013421734506354,14.366322919058497
206,Urban community,zoned_enforcement,6.609521291323285,17.57056422882475
207,Protected land,zoned_enforcement,2.711214758726681,5.903080345058272
207,Rural community,zoned_enforcement,3.5295665327567356,8.79378288353488
207,Suburban community,zoned_enforcement,5.9750952903466,14.927899652014121
207,Urban community,zoned_enforcement,6.680719669113939,18.22558559241348
208,Protected land,zoned_enforcement,3.0062216351177966,6.27432542410688
208,Rural community,adaptive_curfew,4.262220671572751,9.380554176723363
208,Suburban community,adaptive_curfew,7.091572982228289,16.060266856034513
208,Urban community,zoned_enforcement,7.4699254022665755,19.68690896256844
209,Protected land,zoned_enforcement,2.978990384642036,6.211224898430763
209,Rural community,adaptive_curfew,4.260492681938505,9.495192303247473
209,Suburban community,zoned_enforcement,7.545714055357228,16.375790555401025
209,Urban community,zoned_enforcement,8.375796333735181,20.140899917546832
210,Protected land,adaptive_curfew,2.503351021479649,5.67842156216575
210,Rural community,zoned_enforcement,3.4663624513595437,8.494098990439658
210,Suburban community,zoned_enforcement,5.6183801824999104,14.472981839273395
210,Urban community,zoned_enforcement,6.238672566031353,17.81871841046541
211,Protected land,adaptive_curfew,2.691241341444964,5.911360711763608
211,Rural community,zoned_enforcement,3.9272781630890945,9.109887636518431
211,Suburban community,zoned_enforcement,6.593361008147578,15.753049981478087
211,Urban community,zoned_enforcement,7.868427818989222,19.37516591013957
212,Protected land,adaptive_curfew,2.3570420985128244,5.473716311799579
212,Rural community,zoned_enforcement,3.2806457883950184,8.293743507031822
212,Suburban community,zoned_enforcement,5.621328728842212,14.172847294608298
212,Urban community,zoned_enforcement,6.0855000617388555,17.44798034418922
213,Protected land,adaptive_curfew,2.808683873479557,5.9300877107335355
213,Rural community,zoned_enforcement,4.256634530228629,9.237181848611801
213,Suburban community,zoned_enforcement,6.849230678459188,16.088941642408127
213,Urban community,zoned_enforcement,8.7538672495676,19.677069336668616
214,Protected land,zoned_enforcement,2.9465205350436237,6.252510757862144
214,Rural community,zoned_enforcement,4.599543192303115,9.63490997559804
214,Suburban community,zoned_enforcement,7.213692425027711,16.671083498535662
214,Urban community,zoned_enforcement,8.972354145676615,20.356920842551645
215,Protected land,zoned_enforcement,2.179788948525364,5.402356251037734
215,Rural community,shielded_warm,3.012463863079618,8.160652387661413
215,Suburban community,zoned_enforcement,5.077393500033372,13.899111475995765
215,Urban community,zoned_enforcement,5.828480156337005,17.036023666932394
216,Protected land,zoned_enforcement,3.1262422957465446,6.520718494897003
216,Rural community,zoned_enforcement,4.2378123046121114,9.614185214079894
216,Suburban community,zoned_enforcement,6.6381794493776205,16.282975130532655
216,Urban community,zoned_enforcement,8.216472177481153,19.94159991013843
217,Protected land,zoned_enforcement,2.3870619120502248,5.208912360406714
217,Rural community,zoned_enforcement,3.1601771943389494,8.147131980654168
217,Suburban community,zoned_enforcement,5.667138409637905,14.286952225630294
217,Urban community,zoned_enforcement,6.109507545435209,17.55037066045882
218,Protected land,adaptive_curfew,3.1385775897901773,6.407725959175627
218,Rural community,zoned_enforcement,4.503330502372934,9.584556010894199
218,Suburban community,zoned_enforcement,7.175869850789379,16.3764763621948
218,Urban community,adaptive_curfew,8.352200995583821,19.97209890647612
219,Protected land,zoned_enforcement,2.6267958536345595,5.557384949088133
219,Rural community,zoned_enforcement,3.5477484900340848,8.469610519482218
219,Suburban community,zoned_enforcement,5.989792626760007,14.596067412355277
219,Urban community,zoned_enforcement,6.376895632110944,18.01386590964682
220,Protected land,zoned_enforcement,2.7705053986614616,5.837769972092016
220,Rural community,zoned_enforcement,3.8286177683185887,9.065498216995348
220,Suburban community,zoned_enforcement,7.089702701413447,15.853373553201342
220,Urban community,zoned_enforcement,7.689393325150219,19.472714785518985
221,Protected land,adaptive_curfew,2.9515508661589753,6.03590028539053
221,Rural community,zoned_enforcement,4.181551671647466,9.12336168711501
221,Suburban community,zoned_enforcement,6.435409340998579,15.629638188168638
221,Urban community,zoned_enforcement,7.3519834676573,19.062026267144585
222,Protected land,adaptive_curfew,2.9119607801614387,6.399460014668951
222,Rural community,adaptive_curfew,4.1481302947797865,9.492397753262974
222,Suburban community,zoned_enforcement,6.771824399895955,16.045186113600145
222,Urban community,zoned_enforcement,8.357144313591245,19.642894357709302
223,Protected land,zoned_enforcement,2.39160316273726,5.18507454590988
223,Rural community,zoned_enforcement,3.032627425023147,8.09948199185647
223,Suburban community,zoned_enforcement,5.450748527656065,14.215742587066135
223,Urban community,zoned_enforcement,6.066392695314125,17.463903554761934
224,Protected land,zoned_enforcement,2.536852462688363,5.373395336673604
224,Rural community,zoned_enforcement,3.223367257035184,8.393656096707662
224,Suburban community,zoned_enforcement,5.915930628543528,14.762473252453246
224,Urban community,zoned_enforcement,6.87914102339508,18.122914913231405
225,Protected land,adaptive_curfew,2.8494187024252193,6.008543933277492
225,Rural community,zoned_enforcement,4.127540155611772,9.099920201286455
225,Suburban community,zoned_enforcement,6.568414171575457,15.682171653876237
225,Urban community,zoned_enforcement,7.993779432905418,19.277506398491674
226,Protected land,adaptive_curfew,2.964827398876475,6.14614460306028
226,Rural community,zoned_enforcement,3.880988868588142,9.269563304307006
226,Suburban community,zoned_enforcement,6.95835918489106,15.944712173073755
226,Urban community,zoned_enforcement,7.570388441526273,19.59720293088561
227,Protected land,zoned_enforcement,2.949706161565245,6.114393551283594
227,Rural community,zoned_enforcement,4.233697709026217,9.37425267102941
227,Suburban community,zoned_enforcement,6.920021507222453,16.22537044552716
227,Urban community,zoned_enforcement,8.42592432358748,19.851315551819464
228,Protected land,zoned_enforcement,2.4806679909802414,5.242637979314397
228,Rural community,zoned_enforcement,3.131297800839638,8.165078934467079
228,Suburban community,zoned_enforcement,5.510054924857741,14.34509422949229
228,Urban community,zoned_enforcement,6.437593784709943,17.676988346236946
229,Protected land,zoned_enforcement,2.3824611251906402,5.390438873425117
229,Rural community,zoned_enforcement,3.182395173120863,8.160925078896657
229,Suburban community,zoned_enforcement,5.201466297759151,13.999304114994315
229,Urban community,zoned_enforcement,6.069053490563897,17.16103756781675
230,Protected land,zoned_enforcement,2.5330250643830454,5.4000666203410645
230,Rural community,zoned_enforcement,3.473532173135097,8.38143862370917
230,Suburban community,zoned_enforcement,6.1529451393480485,14.580519055140856
230,Urban community,zoned_enforcement,6.796184143044204,17.872530918048042
231,Protected land,adaptive_curfew,2.7665853720419316,5.958247382540495
231,Rural community,zoned_enforcement,4.126048893478718,9.113777336245436
231,Suburban community,zoned_enforcement,6.8693424957583495,15.628702990334709
231,Urban community,zoned_enforcement,8.262196094739544,19.167311640010848
232,Protected land,zoned_enforcement,2.585326711528012,5.627036648960859
232,Rural community,zoned_enforcement,3.460613887137387,8.414576103915891
232,Suburban community,zoned_enforcement,5.560551258356993,14.27334412642659
232,Urban community,zoned_enforcement,6.356610665853395,17.49554699647846
233,Protected land,zoned_enforcement,2.880832526089205,5.783800252566347
233,Rural community,zoned_enforcement,4.033886849276853,9.027609990208811
233,Suburban community,zoned_enforcement,6.509871117925654,15.79972605524076
233,Urban community,zoned_enforcement,6.994523364420779,19.24466851084152
234,Protected land,adaptive_curfew,2.0240188631027096,4.954291903641547
234,Rural community,zoned_enforcement,2.5277468228689974,7.601904470695462
234,Suburban community,zoned_enforcement,4.460363513252878,13.256753136201723
234,Urban community,zoned_enforcement,5.070646574204691,16.30196911519105
235,Protected land,zoned_enforcement,2.2308387964016485,5.095700792573044
235,Rural community,zoned_enforcement,2.8732196704994646,7.808627114073061
235,Suburban community,zoned_enforcement,4.7854753339835785,13.585732314324863
235,Urban community,zoned_enforcement,5.967115007140951,16.71926439585661
236,Protected land,adaptive_curfew,3.1617912615249493,6.480708783181593
236,Rural community,zoned_enforcement,4.576742779351127,9.692601764777923
236,Suburban community,zoned_enforcement,7.332462424245316,16.556237059358082
236,Urban community,zoned_enforcement,8.207412072495721,20.24596925349125
237,Protected land,zoned_enforcement,2.9128214545826534,5.976514013205184
237,Rural community,zoned_enforcement,4.36037380237991,9.33164832524463
237,Suburban community,zoned_enforcement,7.202712805570668,16.308441153653067
237,Urban community,zoned_enforcement,8.089480256854975,19.998615303611224
238,Protected land,adaptive_curfew,2.5917545577063326,5.584960473692256
238,Rural community,zoned_enforcement,3.764302313587719,8.523431310719937
238,Suburban community,zoned_enforcement,6.175195868277033,14.69476053265803
238,Urban community,zoned_enforcement,6.46498875486496,17.93137866921946
239,Protected land,zoned_enforcement,2.2883703763216445,5.200621306596825
239,Rural community,zoned_enforcement,3.200818545468823,8.289042940767777
239,Suburban community,zoned_enforcement,6.176073942730492,14.673359567521466
239,Urban community,zoned_enforcement,6.873916463748152,17.96278758264189
240,Protected land,zoned_enforcement,2.2613186432808945,5.3151413028086765
240,Rural community,zoned_enforcement,3.141196629573951,8.145701637910403
240,Suburban community,zoned_enforcement,5.296731606448205,14.03929257844328
240,Urban community,zoned_enforcement,5.903314583808928,17.109435569058654
241,Protected land,zoned_enforcement,2.7871499455503272,5.961244120929492
241,Rural community,zoned_enforcement,3.759900929028709,9.02739536617374
241,Suburban community,zoned_enforcement,7.0436631338983435,15.60977029525855
241,Urban community,zoned_enforcement,7.13802204845442,19.158069491884778
242,Protected land,zoned_enforcement,2.664390439483235,5.707572561185995
242,Rural community,zoned_enforcement,3.7419393537574006,8.87431586574727
242,Suburban community,zoned_enforcement,6.526923311393105,15.449019181273071
242,Urban community,zoned_enforcement,7.331984088941027,18.896218328591985
243,Protected land,adaptive_curfew,3.0963018735831622,6.353363327354429
243,Rural community,zoned_enforcement,3.9864165740316304,9.369120639432685
243,Suburban community,zoned_enforcement,6.631574314912839,15.736094946648887
243,Urban community,zoned_enforcement,7.648479859527315,19.22490931775712
244,Protected land,zoned_enforcement,3.0209559605933602,6.2054820213017505
244,Rural community,zoned_enforcement,4.229972032153352,9.521648793924562
244,Suburban community,adaptive_curfew,6.913149783053843,16.413016572560224
244,Urban community,zoned_enforcement,8.453416779920481,19.973027817243345
245,Protected land,zoned_enforcement,2.2125547184844696,5.165163969152182
245,Rural community,zoned_enforcement,3.4798985790541996,8.15109687960431
245,Suburban community,zoned_enforcement,5.687843501287643,14.46325560728709
245,Urban community,zoned_enforcement,6.066160034622214,17.69379175881164
246,Protected land,zoned_enforcement,3.03154653904606,6.29997401800574
246,Rural community,zoned_enforcement,4.747169140873571,9.647147565766701
246,Suburban community,zoned_enforcement,7.5473695090661295,16.618030205073453
246,Urban community,zoned_enforcement,8.746740088189478,20.26790082037284
247,Protected land,zoned_enforcement,2.324208370083492,5.231125367033369
247,Rural community,zoned_enforcement,3.5652160284971783,8.22116947634633
247,Suburban community,zoned_enforcement,5.831451143523015,14.463778693968024
247,Urban community,zoned_enforcement,6.597336058691834,17.751827525288185
248,Protected land,adaptive_curfew,2.799434479806412,5.933059355374582
248,Rural community,zoned_enforcement,3.9492935918841905,9.081716607630637
248,Suburban community,zoned_enforcement,6.262612516951966,15.777644958861789
248,Urban community,zoned_enforcement,7.580919007561569,19.216742713142438
249,Protected land,zoned_enforcement,2.630514192100088,5.770397985283305
249,Rural community,zoned_enforcement,3.4539642949843854,8.740291404318226
249,Suburban community,zoned_enforcement,5.956953359364189,15.01730831430996
249,Urban community,zoned_enforcement,7.035966546300067,18.422789038425453
250,Protected land,zoned_enforcement,2.763889925734194,6.060729661963582
250,Rural community,zoned_enforcement,4.082072335841828,9.067879696582839
250,Suburban community,zoned_enforcement,6.561775968708517,15.409450741455396
250,Urban community,zoned_enforcement,7.490094006925119,18.888673585918177
251,Protected land,zoned_enforcement,2.5502198672332894,5.492171852826099
251,Rural community,zoned_enforcement,3.2959855259305924,8.339275851667164
251,Suburban community,zoned_enforcement,5.528459572394585,14.414455109215787
251,Urban community,zoned_enforcement,6.092365044642136,17.621285238139706
252,Protected land,adaptive_curfew,3.074248663740479,6.325346796805856
252,Rural community,adaptive_curfew,4.165170371189557,9.539700659675262
252,Suburban community,zoned_enforcement,7.177754014364977,16.2487899801279
252,Urban community,zoned_enforcement,8.30643436582718,19.84578598921809
253,Protected land,adaptive_curfew,2.747142724224818,5.9032780207277495
253,Rural community,zoned_enforcement,4.214327981318796,8.96503011226532
253,Suburban community,zoned_enforcement,6.53335561684907,15.41700202004307
253,Urban community,zoned_enforcement,7.565892107037509,18.917997623647636
254,Protected land,adaptive_curfew,2.3672564949085944,5.39362762219405
254,Rural community,zoned_enforcement,3.587521871558729,8.387759194694178
254,Suburban community,zoned_enforcement,5.79164300742009,14.637297452530362
254,Urban community,zoned_enforcement,5.998604189510965,17.872237779750108
255,Protected land,adaptive_curfew,3.087528063573546,6.314779652067798
255,Rural community,zoned_enforcement,4.279003113793554,9.53334186665025
255,Suburban community,adaptive_curfew,7.565533685810733,16.401190192404886
255,Urban community,zoned_enforcement,8.741873837426056,20.088223972803014
256,Protected land,adaptive_curfew,2.2247052732213772,5.3742757115126585
256,Rural community,zoned_enforcement,2.9233509640748423,8.026414148635304
256,Suburban community,zoned_enforcement,4.657146136551015,13.705755700070748
256,Urban community,zoned_enforcement,5.1540831252463875,16.754924503197593
257,Protected land,zoned_enforcement,2.5229818695950166,5.572112372335276
257,Rural community,zoned_enforcement,3.164583207820974,8.474754103194481
257,Suburban community,zoned_enforcement,5.55310945086195,14.620566715812187
257,Urban community,zoned_enforcement,6.36977636020803,17.886626244445132
258,Protected land,zoned_enforcement,2.6442031211592,5.740554957418833
258,Rural community,zoned_enforcement,3.617020058520593,8.627779879164347
258,Suburban community,zoned_enforcement,5.691258736380588,14.821603514766906
258,Urban community,zoned_enforcement,6.727387476366747,18.131455119344583
259,Protected land,zoned_enforcement,2.2451123730951146,5.32201048759304
259,Rural community,zoned_enforcement,3.3749765300273653,8.232629628176282
259,Suburban community,zoned_enforcement,5.656691549259486,14.375479809756603
259,Urban community,zoned_enforcement,6.558191754923685,17.652833650200197
260,Protected land,zoned_enforcement,2.1958353498606344,5.187560724790122
260,Rural community,zoned_enforcement,2.8700902028356143,7.913671082399805
260,Suburban community,zoned_enforcement,4.776260728700265,13.644194801060497
260,Urban community,zoned_enforcement,5.593709156771416,16.711792925311535
261,Protected land,zoned_enforcement,2.8573498691640005,6.0490133118633285
261,Rural community,zoned_enforcement,4.482182576416306,9.436037155361507
261,Suburban community,zoned_enforcement,7.247797205134848,16.54318371945609
261,Urban community,zoned_enforcement,9.00621494260092,20.230311280730984
262,Protected land,adaptive_curfew,2.559019524415875,5.551449691184336
262,Rural community,zoned_enforcement,3.5633663770501354,8.712623991661982
262,Suburban community,zoned_enforcement,6.101219560818887,15.380830816563835
262,Urban community,zoned_enforcement,7.420604664480644,18.880106918109092
263,Protected land,adaptive_curfew,2.781496339785657,5.937719931186864
263,Rural community,zoned_enforcement,3.8425333015044725,9.003087931689738
263,Suburban community,zoned_enforcement,6.49433756438291,15.535002802140516
263,Urban community,zoned_enforcement,7.635808303197756,19.14298400811382
264,Protected land,adaptive_curfew,2.7215861064355824,6.044360286381904
264,Rural community,zoned_enforcement,3.9680379501469174,9.196342414964223
264,Suburban community,zoned_enforcement,6.675353254343717,15.88091982440171
264,Urban community,zoned_enforcement,7.831711302744994,19.52348098972883
265,Protected land,zoned_enforcement,2.5434658528378513,5.504705774448605
265,Rural community,zoned_enforcement,3.3845145194630257,8.469580008883115
265,Suburban community,zoned_enforcement,5.588718385989315,14.67063448976966
265,Urban community,zoned_enforcement,6.317604353748672,18.080706350065416
266,Protected land,adaptive_curfew,3.117683711943269,6.432410271355282
266,Rural community,zoned_enforcement,4.4340772535734105,9.734716808176628
266,Suburban community,zoned_enforcement,7.260616588509043,16.690552639109587
266,Urban community,zoned_enforcement,8.626438302758805,20.34440330837575
267,Protected land,zoned_enforcement,2.260930827467729,5.198186834448851
267,Rural community,zoned_enforcement,2.9754560090627864,7.804541935659692
267,Suburban community,zoned_enforcement,4.719429148483124,13.305227711433377
267,Urban community,zoned_enforcement,4.643436238744458,16.27400557910548
268,Protected land,adaptive_curfew,2.8490486979418947,5.86634935438611
268,Rural community,zoned_enforcement,3.738080256018822,8.982357850570075
268,Suburban community,zoned_enforcement,6.222092128663347,15.518433352063804
268,Urban community,zoned_enforcement,7.496545301388185,18.966993860307607
269,Protected land,adaptive_curfew,2.952910083947108,6.4328764223911605
269,Rural community,zoned_enforcement,4.364757186800393,9.662319892943602
269,Suburban community,zoned_enforcement,7.156184056372641,16.435536477616928
269,Urban community,zoned_enforcement,8.270153479542364,20.273802474681588
270,Protected land,zoned_enforcement,2.9942506887903972,6.171873561878772
270,Rural community,zoned_enforcement,3.8376476191566686,9.156722396386826
270,Suburban community,zoned_enforcement,6.716738914278425,15.514932262516362
270,Urban community,zoned_enforcement,7.297007321100908,19.024820937304575
271,Protected land,zoned_enforcement,2.1722679510600567,4.965790884585207
271,Rural community,zoned_enforcement,3.026550738208729,7.7121285311848045
271,Suburban community,zoned_enforcement,4.6879789400373895,13.408942862828447
271,Urban community,zoned_enforcement,5.606901772851556,16.52383266294521
272,Protected land,adaptive_curfew,2.5022217553869153,5.651362786247276
272,Rural community,zoned_enforcement,3.9115413282814684,8.79868333192948
272,Suburban community,zoned_enforcement,6.1417282126864325,15.331847979425737
272,Urban community,zoned_enforcement,6.956093085109728,18.68262581545416
273,Protected land,zoned_enforcement,2.367766315195747,5.322190737726325
273,Rural community,zoned_enforcement,2.6998632017323674,7.919043401112804
273,Suburban community,zoned_enforcement,4.444021482861299,13.377011090382002
273,Urban community,zoned_enforcement,5.02754299912222,16.35326302101053
274,Protected land,zoned_enforcement,2.9684725303248114,6.103342460797926
274,Rural community,zoned_enforcement,4.248326173440973,9.335615198370812
274,Suburban community,zoned_enforcement,6.8425003633732775,16.100098120043494
274,Urban community,zoned_enforcement,8.532084710236662,19.62884690291379
275,Protected land,zoned_enforcement,2.38674728054476,5.473172125170961
275,Rural community,zoned_enforcement,3.4329334932202826,8.365438633086185
275,Suburban community,zoned_enforcement,5.462239961380025,14.430049050545671
275,Urban community,zoned_enforcement,6.363497775438118,17.792407718585387
276,Protected land,zoned_enforcement,2.6747181345393725,5.804867966077498
276,Rural community,zoned_enforcement,3.444687390797652,8.658416147120708
276,Suburban community,zoned_enforcement,5.532660266863138,14.74385698967889
276,Urban community,zoned_enforcement,6.55694941348384,18.1077283203255
277,Protected land,zoned_enforcement,2.8903854822232167,5.914961150354513
277,Rural community,zoned_enforcement,4.138944203405597,9.086928724302428
277,Suburban community,zoned_enforcement,6.6990003805503235,15.733160390114959
277,Urban community,zoned_enforcement,8.244417653722337,19.324484392097414
278,Protected land,zoned_enforcement,2.1714042630616714,5.1174483040681675
278,Rural community,zoned_enforcement,2.752051996622071,7.680977436990482
278,Suburban community,zoned_enforcement,4.1432511625226685,13.152640603167429
278,Urban community,zoned_enforcement,5.021428842081038,16.22665915794412
279,Protected land,adaptive_curfew,2.931934232659786,6.0492070752057785
279,Rural community,zoned_enforcement,3.9486871424703756,9.144164803125337
279,Suburban community,zoned_enforcement,6.340571849697124,15.731908264511606
279,Urban community,zoned_enforcement,8.059755365611275,19.31054227672327
280,Protected land,adaptive_curfew,2.7649396067841168,5.810258466338147
280,Rural community,adaptive_curfew,4.251601484400108,9.187457178324712
280,Suburban community,zoned_enforcement,7.005634183257383,16.267444607769697
280,Urban community,zoned_enforcement,8.623045104300683,19.971352950253777
281,Protected land,adaptive_curfew,2.5594829328804605,5.58219627004316
281,Rural community,zoned_enforcement,3.2026485963240265,8.399773697726003
281,Suburban community,zoned_enforcement,5.35855140808898,14.407078008020433
281,Urban community,zoned_enforcement,6.159856078767358,17.548223115188648
282,Protected land,adaptive_curfew,2.8010707125827534,6.032515492047056
282,Rural community,zoned_enforcement,3.8683373331271014,9.073500863361966
282,Suburban community,zoned_enforcement,6.412091284194453,15.521696160364678
282,Urban community,zoned_enforcement,7.922690273756359,19.140978462753335
283,Protected land,zoned_enforcement,2.8776452876565566,6.048715554379096
283,Rural community,zoned_enforcement,4.012483272669858,9.087265552677737
283,Suburban community,zoned_enforcement,6.543962476799711,15.504096361259009
283,Urban community,zoned_enforcement,7.5365915917997,18.947397047936658
284,Protected land,zoned_enforcement,2.444747959446885,5.390008518367696
284,Rural community,zoned_enforcement,3.2973888340550204,8.207464521018796
284,Suburban community,zoned_enforcement,5.621820373483475,14.112144741917392
284,Urban community,zoned_enforcement,6.542074063537147,17.370617171829466
285,Protected land,zoned_enforcement,2.036157054226396,4.999859748863092
285,Rural community,zoned_enforcement,2.717755469360725,7.725630252909337
285,Suburban community,zoned_enforcement,4.952942822659251,13.420843777896927
285,Urban community,zoned_enforcement,5.454376380027583,16.462554202339682
286,Protected land,adaptive_curfew,2.9786863913172543,6.178162263353618
286,Rural community,adaptive_curfew,4.356600517005702,9.477462181596401
286,Suburban community,zoned_enforcement,7.272341851326162,16.422067823383532
286,Urban community,zoned_enforcement,8.677208554882183,20.09258147334323
287,Protected land,adaptive_curfew,2.921766484090193,6.028099200121229
287,Rural community,zoned_enforcement,4.0434148419074685,9.060646352084754
287,Suburban community,adaptive_curfew,6.134247869956688,15.578706577971827
287,Urban community,zoned_enforcement,7.772730646973594,19.07812834801116
288,Protected land,adaptive_curfew,2.8997966500548484,5.789543526563962
288,Rural community,zoned_enforcement,4.011768884670304,9.000288803385407
288,Suburban community,zoned_enforcement,6.784048134864221,15.687287701284196
288,Urban community,zoned_enforcement,7.399787155721944,19.19395391028752
289,Protected land,adaptive_curfew,3.055371208512926,6.352030318409585
289,Rural community,zoned_enforcement,4.466101117495988,9.511088346815686
289,Suburban community,zoned_enforcement,6.762573904941876,16.194376458984244
289,Urban community,zoned_enforcement,8.22290947214917,19.814638815164262
290,Protected land,zoned_enforcement,2.519977180570096,5.608478468708227
290,Rural community,zoned_enforcement,3.6731397863456188,8.576402036453976
290,Suburban community,zoned_enforcement,5.766837830685226,14.75024721631435
290,Urban community,zoned_enforcement,6.558051532663656,17.938191283137503
291,Protected land,zoned_enforcement,2.176111167822651,4.838901265692083
291,Rural community,zoned_enforcement,2.7529065450814167,7.571580476466439
291,Suburban community,zoned_enforcement,4.772336624469435,13.289457080635888
291,Urban community,zoned_enforcement,5.2262251954692385,16.3613834706546
292,Protected land,zoned_enforcement,2.3002282797486364,5.288947567893496
292,Rural community,zoned_enforcement,2.616941593457515,7.824498372934528
292,Suburban community,zoned_enforcement,4.919752436696925,13.184639144359501
292,Urban community,zoned_enforcement,4.986027787688872,16.179379515124438
293,Protected land,adaptive_curfew,2.7085535572749304,5.936691838348532
293,Rural community,zoned_enforcement,4.144234610081077,9.064134097475058
293,Suburban community,zoned_enforcement,6.773314713688418,15.685604713939055
293,Urban community,zoned_enforcement,7.678060647094611,19.344782559124848
294,Protected land,zoned_enforcement,2.4142131223120322,5.5014872521042415
294,Rural community,zoned_enforcement,3.2427732029134084,8.282257077046008
294,Suburban community,zoned_enforcement,5.620253463113265,14.18702570827238
294,Urban community,zoned_enforcement,6.051478194244204,17.367517858175777
295,Protected land,zoned_enforcement,2.16678038788987,5.0834589478656955
295,Rural community,zoned_enforcement,2.790925601860942,7.657276931243906
295,Suburban community,zoned_enforcement,4.5123728342596685,13.12127810635938
295,Urban community,zoned_enforcement,5.000086864341007,16.133430625294544
296,Protected land,zoned_enforcement,2.9160722474639122,6.12511138389508
296,Rural community,zoned_enforcement,4.2081697688731285,9.278954079663361
296,Suburban community,adaptive_curfew,6.732734078696048,16.0048836463339
296,Urban community,zoned_enforcement,8.082743876628937,19.67991892686141
297,Protected land,zoned_enforcement,2.5793050148361303,5.858124490492464
297,Rural community,zoned_enforcement,3.73901747782587,8.942268799059985
297,Suburban community,zoned_enforcement,6.709163309210275,15.418172737941688
297,Urban community,zoned_enforcement,7.409812166883462,18.761726029552054
298,Protected land,adaptive_curfew,2.8439572392423194,6.030364049850287
298,Rural community,zoned_enforcement,4.2363335610821835,9.254712658129975
298,Suburban community,zoned_enforcement,6.815502836584132,16.01552910449606
298,Urban community,zoned_enforcement,8.06789588563601,19.525906153369547
299,Protected land,zoned_enforcement,2.411849887243799,5.312278808824506
299,Rural community,zoned_enforcement,3.0948330872511045,8.057093801619917
299,Suburban community,zoned_enforcement,5.111206010000945,13.796357863599942
299,Urban community,zoned_enforcement,5.805608691520977,16.964082925961353
300,Protected land,adaptive_curfew,2.8590103485999987,6.0631878802170265
300,Rural community,zoned_enforcement,4.112558333916849,9.249564560203925
300,Suburban community,zoned_enforcement,7.155588831676521,15.924605076373446
300,Urban community,zoned_enforcement,8.568784469950032,19.57566706198391
301,Protected land,zoned_enforcement,2.2562484971955543,5.249890809399173
301,Rural community,zoned_enforcement,3.168555846292165,7.984994738094506
301,Suburban community,zoned_enforcement,5.144014380945416,13.771127424350722
301,Urban community,zoned_enforcement,5.402234444564222,16.82612648365881
302,Protected land,adaptive_curfew,2.4223720849775408,5.46721878395913
302,Rural community,zoned_enforcement,3.2620562953793293,8.412148074269604
302,Suburban community,zoned_enforcement,5.591529486104546,14.692228305149593
302,Urban community,zoned_enforcement,6.821160379702707,18.096917215883686
303,Protected land,adaptive_curfew,3.2012796259741565,6.560262970794313
303,Rural community,zoned_enforcement,4.279949954103898,9.663309411142414
303,Suburban community,adaptive_curfew,6.936828076149588,16.251844426242158
303,Urban community,zoned_enforcement,8.458456557035733,19.89013258457266
304,Protected land,zoned_enforcement,2.239837976640095,5.1786462726997256
304,Rural community,zoned_enforcement,2.9666679088080468,8.011829926819585
304,Suburban community,zoned_enforcement,4.852156566021362,13.918839544950318
304,Urban community,zoned_enforcement,6.277326354301037,17.018440168968677
305,Protected land,zoned_enforcement,2.3773521854392237,5.284663017681183
305,Rural community,zoned_enforcement,3.434905145507064,8.348994122150366
305,Suburban community,zoned_enforcement,5.550296925808825,14.65864925737037
305,Urban community,zoned_enforcement,6.703632206327013,17.86281845372894
306,Protected land,zoned_enforcement,2.52288293082494,5.501703315273128
306,Rural community,zoned_enforcement,3.294644129661447,8.334506602400229
306,Suburban community,zoned_enforcement,5.165493035443546,14.352610992900066
306,Urban community,zoned_enforcement,6.140746486319886,17.564925613875946
307,Protected land,zoned_enforcement,2.2964865484836503,5.197107236428177
307,Rural community,zoned_enforcement,2.797271183038137,7.803787091128263
307,Suburban community,zoned_enforcement,4.711410200058108,13.334893694812763
307,Urban community,zoned_enforcement,4.832014507236675,16.39609500921315
308,Protected land,zoned_enforcement,2.2481486268408584,5.012753806119948
308,Rural community,zoned_enforcement,2.614971554599263,7.671110649794409
308,Suburban community,zoned_enforcement,4.485348762772944,13.236056271350858
308,Urban community,zoned_enforcement,5.292395434557603,16.199787239066133
309,Protected land,adaptive_curfew,2.3812866006700246,5.385764138169434
309,Rural community,zoned_enforcement,3.289641734974511,8.266962953639334
309,Suburban community,zoned_enforcement,5.173311217220798,14.229083768806353
309,Urban community,zoned_enforcement,6.0927823189903965,17.403613443209192
310,Protected land,adaptive_curfew,2.8472619454449806,5.984641934490469
310,Rural community,zoned_enforcement,3.7832822867238436,8.982161672317051
310,Suburban community,zoned_enforcement,6.505313519469638,15.224004324563115
310,Urban community,zoned_enforcement,7.49213096088009,18.629472000271623
311,Protected land,zoned_enforcement,2.8717817146035234,6.095274737672051
311,Rural community,zoned_enforcement,4.019956183659582,9.119790672357038
311,Suburban community,zoned_enforcement,6.545510127893623,15.503558882753124
311,Urban community,zoned_enforcement,7.584187228273095,19.140942591010855
312,Protected land,zoned_enforcement,2.4736573317674675,5.421071403777139
312,Rural community,zoned_enforcement,3.303045834204127,8.302055838056436
312,Suburban community,zoned_enforcement,5.356044141522101,14.404475440589948
312,Urban community,zoned_enforcement,5.976331597054118,17.633066712715433
313,Protected land,adaptive_curfew,2.591951915176253,5.708788426426499
313,Rural community,zoned_enforcement,3.004761201081947,8.43477851727134
313,Suburban community,zoned_enforcement,5.245036225636246,14.292169927371749
313,Urban community,zoned_enforcement,5.626488954966035,17.470699646669527
314,Protected land,zoned_enforcement,2.5068874860456845,5.306247443608272
314,Rural community,zoned_enforcement,3.4095232531914057,8.239583178132463
314,Suburban community,zoned_enforcement,6.0022267986474205,14.353863112983476
314,Urban community,zoned_enforcement,7.019441659685889,17.710662236271148
315,Protected land,adaptive_curfew,2.621373235885323,5.6919791161379445
315,Rural community,zoned_enforcement,3.3454993596395024,8.539489417875261
315,Suburban community,zoned_enforcement,5.758679450279642,14.644304523211659
315,Urban community,zoned_enforcement,6.496201346808876,17.895180178493792
316,Protected land,adaptive_curfew,2.041557124930987,4.918735206511939
316,Rural community,zoned_enforcement,2.754588526130042,7.572277832415672
316,Suburban community,zoned_enforcement,4.79837721217463,13.196203176371288
316,Urban community,zoned_enforcement,4.811266640473946,16.169248799243515
317,Protected land,zoned_enforcement,3.0045452175706466,6.259095798802767
317,Rural community,adaptive_curfew,3.9765729874654863,9.400309124264883
317,Suburban community,zoned_enforcement,7.2435693034895685,16.0549579392119
317,Urban community,zoned_enforcement,7.680163356337381,19.717410722234607
318,Protected land,adaptive_curfew,2.4934903934354202,5.521026778127211
318,Rural community,zoned_enforcement,3.308651312259113,8.272749449909007
318,Suburban community,zoned_enforcement,5.0849618874489995,14.17342581540296
318,Urban community,zoned_enforcement,6.180441454666994,17.39777330173807
319,Protected land,zoned_enforcement,2.6609223955708226,5.554795701924496
319,Rural community,zoned_enforcement,3.5718936323807027,8.570374326489024
319,Suburban community,zoned_enforcement,6.072150499851741,14.84139779807494
319,Urban community,zoned_enforcement,6.681848485095079,18.097975294439543
320,Protected land,zoned_enforcement,2.8417904510022685,5.880783376203526
320,Rural community,zoned_enforcement,3.758411050567121,8.90182029724211
320,Suburban community,zoned_enforcement,6.3789959343926395,15.23446610822536
320,Urban community,zoned_enforcement,7.419906881318543,18.691859193460015
321,Protected land,zoned_enforcement,2.9115766437450006,6.087293776896213
321,Rural community,zoned_enforcement,3.8300820861425082,9.188312553899188
321,Suburban community,zoned_enforcement,6.693486747004496,15.833647542367055
321,Urban community,zoned_enforcement,8.000015452694187,19.40228823308931
322,Protected land,zoned_enforcement,2.5214584858569826,5.351724645650771
322,Rural community,zoned_enforcement,3.296135412747784,8.352961445864814
322,Suburban community,zoned_enforcement,5.545871496757117,14.70482537308489
322,Urban community,zoned_enforcement,6.9417128348293815,18.06925487939904
323,Protected land,zoned_enforcement,2.77231690908205,5.757746334928491
323,Rural community,zoned_enforcement,3.681898992168863,8.723490739325873
323,Suburban community,zoned_enforcement,6.26217229436808,15.10327907335847
323,Urban community,zoned_enforcement,6.939149643419894,18.571997890607513
324,Protected land,zoned_enforcement,2.404365099718809,5.355832860526414
324,Rural community,zoned_enforcement,3.6318374341708966,8.336975128392146
324,Suburban community,zoned_enforcement,5.859805777029331,14.529195222278393
324,Urban community,zoned_enforcement,6.53547014758022,17.84519557186951
325,Protected land,zoned_enforcement,2.559298232261113,5.462588349386779
325,Rural community,zoned_enforcement,3.489211207490097,8.491448714325518
325,Suburban community,zoned_enforcement,6.329220409089887,14.87115667933876
325,Urban community,zoned_enforcement,6.343155219815088,18.341106329601683
326,Protected land,adaptive_curfew,2.7424031178454187,5.827094733014515
326,Rural community,zoned_enforcement,3.6662314370633107,8.853942831070022
326,Suburban community,zoned_enforcement,6.513014745539694,15.255749769155619
326,Urban community,zoned_enforcement,6.827132061290065,18.70758423055971
327,Protected land,zoned_enforcement,2.7237554694512887,5.8623768213942595
327,Rural community,zoned_enforcement,3.7058411967393052,8.849329335199096
327,Suburban community,zoned_enforcement,6.1501553176656625,15.067402057748055
327,Urban community,zoned_enforcement,6.694640925834303,18.36974692660428
328,Protected land,zoned_enforcement,2.986498977120929,6.3845704028993975
328,Rural community,adaptive_curfew,4.208811721612338,9.59301026028709
328,Suburban community,zoned_enforcement,6.935347910648053,16.50251961836601
328,Urban community,adaptive_curfew,8.114052080932245,20.37328955001249
329,Protected land,adaptive_curfew,2.5534466568990872,5.716160033535502
329,Rural community,zoned_enforcement,3.635472737677895,8.612402965754903
329,Suburban community,zoned_enforcement,5.598696493621555,14.75550179433433
329,Urban community,zoned_enforcement,6.808197887526809,18.144472450980402
330,Protected land,zoned_enforcement,2.379399392543655,5.162318684152003
330,Rural community,zoned_enforcement,3.2982375462943123,8.181463465915664
330,Suburban community,zoned_enforcement,5.580818776823913,14.419152969160548
330,Urban community,zoned_enforcement,6.3516801180819105,17.651010239234406
331,Protected land,zoned_enforcement,2.642567116287414,5.731356794768928
331,Rural community,zoned_enforcement,3.879405821971498,8.715233988464679
331,Suburban community,zoned_enforcement,6.232337630614598,15.037837420567465
331,Urban community,zoned_enforcement,7.246510435294777,18.382054987682753
332,Protected land,adaptive_curfew,2.6085320661621356,5.735868606197268
332,Rural community,zoned_enforcement,3.6275711702953197,8.677738811928398
332,Suburban community,zoned_enforcement,5.855102635253825,14.915395754537093
332,Urban community,zoned_enforcement,7.478069718234929,18.43986714169131
333,Protected land,adaptive_curfew,2.9657173749402954,6.2601261161249075
333,Rural community,zoned_enforcement,4.092387834433257,9.386738203330355
333,Suburban community,zoned_enforcement,7.070243323402462,16.076222962666613
333,Urban community,zoned_enforcement,7.594480900909952,19.69168407456084
334,Protected land,adaptive_curfew,3.0042804178993068,6.365139593681966
334,Rural community,zoned_enforcement,4.161324648498387,9.545154790423624
334,Suburban community,zoned_enforcement,7.410572311541738,16.204632075748375
334,Urban community,zoned_enforcement,8.619882796102456,19.883012181930322
335,Protected land,adaptive_curfew,2.3685294532035894,5.452795519954229
335,Rural community,zoned_enforcement,3.4465072935627594,8.25608341787019
335,Suburban community,zoned_enforcement,5.453834388128811,14.12381624238278
335,Urban community,zoned_enforcement,6.012055339208461,17.237064850068965
336,Protected land,zoned_enforcement,2.205425024067707,5.120468196710164
336,Rural community,zoned_enforcement,2.6832165594046504,7.713426177170411
336,Suburban community,zoned_enforcement,4.38351997656064,13.240497832675091
336,Urban community,zoned_enforcement,4.99399797898031,16.33817212642058
337,Protected land,zoned_enforcement,2.041392445755564,4.9595165687079525
337,Rural community,zoned_enforcement,2.6927415203318352,7.7342713970594845
337,Suburban community,zoned_enforcement,4.958239151499935,13.5597932353423
337,Urban community,zoned_enforcement,5.703205610787766,16.59607314716047
338,Protected land,adaptive_curfew,2.8387285577090737,5.879970011544717
338,Rural community,zoned_enforcement,4.13408189853204,9.227945640828942
338,Suburban community,zoned_enforcement,6.784380797904312,16.160795760620232
338,Urban community,zoned_enforcement,8.487756591330655,19.84764332469898
339,Protected land,adaptive_curfew,2.857752264867596,6.147067145909242
339,Rural community,zoned_enforcement,4.117919114642362,9.272607832616908
339,Suburban community,zoned_enforcement,7.118086101632674,15.860653662018798
339,Urban community,zoned_enforcement,7.707718808784346,19.42921829885362
340,Protected land,zoned_enforcement,2.5704230724239894,5.829410775282124
340,Rural community,zoned_enforcement,3.7939699227362356,8.798799482583146
340,Suburban community,zoned_enforcement,6.016587487369213,15.07987462502747
340,Urban community,zoned_enforcement,6.794485103863289,18.46111358567032
341,Protected land,adaptive_curfew,2.774101190447287,5.887859078879347
341,Rural community,zoned_enforcement,3.379461511208379,8.67394536186886
341,Suburban community,zoned_enforcement,5.833169297641199,14.657763549250205
341,Urban community,zoned_enforcement,6.53461372171186,17.909941067533293
342,Protected land,adaptive_curfew,2.9501020566964535,6.150838635265209
342,Rural community,zoned_enforcement,4.328674349228519,9.45407542514738
342,Suburban community,zoned_enforcement,7.572921082726351,16.299016413891895
342,Urban community,zoned_enforcement,8.031951617591162,19.99053668563103
343,Protected land,zoned_enforcement,2.535237450872755,5.547687640584319
343,Rural community,zoned_enforcement,3.1639261857008956,8.332504486615187
343,Suburban community,zoned_enforcement,5.668894872925501,14.288422939510733
343,Urban community,zoned_enforcement,6.399335160939577,17.582595289562537
344,Protected land,adaptive_curfew,2.143317515134718,5.219555348741275
344,Rural community,zoned_enforcement,3.3094049748908283,7.959397578688043
344,Suburban community,zoned_enforcement,4.836667605256192,13.756566969892143
344,Urban community,zoned_enforcement,5.983556274432342,16.83236242954668
345,Protected land,adaptive_curfew,3.17080880024513,6.490453893806368
345,Rural community,zoned_enforcement,4.420825171976415,9.668765942792202
345,Suburban community,zoned_enforcement,7.684084267241756,16.363482796900062
345,Urban community,zoned_enforcement,8.225496827355542,20.057087679486116
346,Protected land,adaptive_curfew,2.345395814205895,5.3750840538764635
346,Rural community,zoned_enforcement,3.483170657981579,8.303903226811716
346,Suburban community,zoned_enforcement,5.305543510781085,14.342678297870146
346,Urban community,zoned_enforcement,6.6278639228673555,17.547891962630118
347,Protected land,adaptive_curfew,2.852594160972142,6.077926618985497
347,Rural community,zoned_enforcement,3.941410600119845,9.310223783020465
347,Suburban community,zoned_enforcement,6.810150342494087,16.163335626604493
347,Urban community,zoned_enforcement,8.64249010277164,19.844529353675668
348,Protected land,zoned_enforcement,2.318989510581538,5.442725788342609
348,Rural community,zoned_enforcement,3.1545976996566294,8.302476873188867
348,Suburban community,zoned_enforcement,5.709179590405281,14.26090176259468
348,Urban community,zoned_enforcement,6.053813260798027,17.4209929092197
349,Protected land,adaptive_curfew,2.8870198076893177,6.117284565846962
349,Rural community,zoned_enforcement,4.1823882268957435,9.273329581451648
349,Suburban community,zoned_enforcement,6.734254651995792,15.864492221126678
349,Urban community,zoned_enforcement,7.911471055849939,19.415861507036798
350,Protected land,adaptive_curfew,3.038214417606952,6.2637371601237595
350,Rural community,adaptive_curfew,4.184904032909627,9.460350570362586
350,Suburban community,zoned_enforcement,7.108139823490951,16.140374848839397
350,Urban community,zoned_enforcement,8.030956421294407,19.75916291112308
351,Protected land,zoned_enforcement,2.2710966958828287,5.245472598898339
351,Rural community,zoned_enforcement,3.3076436676338643,8.063871827251466
351,Suburban community,zoned_enforcement,5.4978449230022015,13.916644895827885
351,Urban community,zoned_enforcement,6.319679441318604,16.989779463691068
352,Protected land,adaptive_curfew,2.9702747853631237,6.127344600829081
352,Rural community,adaptive_curfew,4.3212993448521715,9.44064345463998
352,Suburban community,adaptive_curfew,7.345063557743501,16.46116359343461
352,Urban community,zoned_enforcement,8.431992433060303,20.243133594300918
353,Protected land,adaptive_curfew,3.101628615184664,6.582961320458018
353,Rural community,adaptive_curfew,4.547282445583801,9.786075133307524
353,Suburban community,zoned_enforcement,7.1670705180015695,16.560408096479375
353,Urban community,adaptive_curfew,8.159865950515002,20.28577858167731
354,Protected land,zoned_enforcement,2.8095765794975875,5.98028627939826
354,Rural community,zoned_enforcement,4.273025465629499,9.233385208111839
354,Suburban community,zoned_enforcement,7.211737835715466,16.050266874337044
354,Urban community,zoned_enforcement,8.179174489309169,19.688854578413682
355,Protected land,zoned_enforcement,2.0008995860557373,4.908331758363757
355,Rural community,zoned_enforcement,2.8510256853560794,7.638672437533006
355,Suburban community,zoned_enforcement,4.669648859292343,13.395376969753588
355,Urban community,zoned_enforcement,5.307041183712791,16.515331363652095
356,Protected land,adaptive_curfew,2.6177277127550975,5.66453983387359
356,Rural community,zoned_enforcement,3.8718988112545407,8.785493316799672
356,Suburban community,zoned_enforcement,6.060527325261981,15.371725435198034
356,Urban community,zoned_enforcement,7.422214859621363,18.800311985195417
357,Protected land,adaptive_curfew,2.3872814554222606,5.528937211226462
357,Rural community,zoned_enforcement,3.5630816458953625,8.457451138561114
357,Suburban community,zoned_enforcement,5.801780743760258,14.635228027155971
357,Urban community,zoned_enforcement,6.399240286149778,18.006246744956684
358,Protected land,zoned_enforcement,2.2284772281338583,5.314198437449214
358,Rural community,zoned_enforcement,2.8701185267605798,7.9585931709877435
358,Suburban community,zoned_enforcement,4.724630022855695,13.544737397685754
358,Urban community,zoned_enforcement,5.144997312424859,16.68886739077298
359,Protected land,zoned_enforcement,2.395073157610989,5.406418754824624
359,Rural community,zoned_enforcement,3.2482057090959016,8.21434963239332
359,Suburban community,zoned_enforcement,5.59372773438519,14.203382270621603
359,Urban community,zoned_enforcement,6.221688410018871,17.564570083661515
360,Protected land,zoned_enforcement,2.087886818230143,4.8675038318275705
360,Rural community,zoned_enforcement,2.7634431099424708,7.593413667290977
360,Suburban community,zoned_enforcement,4.439838843779905,13.236495643468512
360,Urban community,zoned_enforcement,4.952272760023451,16.158455495218295
361,Protected land,zoned_enforcement,2.2005713436765544,5.113861530253402
361,Rural community,zoned_enforcement,2.887218315775324,7.942672408815661
361,Suburban community,zoned_enforcement,5.490030524997252,13.790943348990089
361,Urban community,zoned_enforcement,5.661578398965478,16.759571705840948
362,Protected land,zoned_enforcement,2.0941094821656976,4.874605321549055
362,Rural community,zoned_enforcement,2.943746968192894,7.6466556348054135
362,Suburban community,zoned_enforcement,4.867936447323872,13.450131529961368
362,Urban community,zoned_enforcement,5.235620771399001,16.515356160352585
363,Protected land,adaptive_curfew,2.6138754460189246,5.713424542353551
363,Rural community,zoned_enforcement,3.841113258591057,8.903865577085416
363,Suburban community,zoned_enforcement,6.54615465926444,15.575851894082613
363,Urban community,zoned_enforcement,7.827275852594456,18.997011373017934
364,Protected land,zoned_enforcement,2.5893465681608014,5.426911839941587
364,Rural community,zoned_enforcement,3.5470478873653315,8.517521043642544
364,Suburban community,zoned_enforcement,5.752400792875681,14.945992598247928
364,Urban community,zoned_enforcement,6.530072243739282,18.364716353235764
365,Protected land,adaptive_curfew,2.575270575160699,5.586663790244139
365,Rural community,zoned_enforcement,3.5794290149985324,8.612695978975594
365,Suburban community,zoned_enforcement,6.272064674736026,14.848430209233507
365,Urban community,zoned_enforcement,6.849288160017849,18.20318706212486
366,Protected land,adaptive_curfew,3.04804649718725,6.35592357946967
366,Rural community,zoned_enforcement,4.170521916705502,9.546805734503408
366,Suburban community,zoned_enforcement,6.420152297534061,16.17587236387893
366,Urban community,zoned_enforcement,7.756613850451567,19.799539551231586
367,Protected land,adaptive_curfew,2.899709819007759,6.209232159349629
367,Rural community,zoned_enforcement,4.424604577023289,9.496639248925423
367,Suburban community,zoned_enforcement,7.159047507510115,16.450291866516796
367,Urban community,zoned_enforcement,8.428972336695592,20.17725703408723
368,Protected land,adaptive_curfew,2.3995673868732994,5.492325262288123
368,Rural community,zoned_enforcement,3.1899140041819125,8.257000506896878
368,Suburban community,zoned_enforcement,5.317855701604103,14.208397931042684
368,Urban community,zoned_enforcement,5.818627665398521,17.509445613561216
369,Protected land,adaptive_curfew,2.563084571654632,5.877195360428036
369,Rural community,zoned_enforcement,3.891256163678486,9.028767220373613
369,Suburban community,zoned_enforcement,7.02639478313697,15.547608824010299
369,Urban community,zoned_enforcement,7.712465466788567,19.007015541408848
370,Protected land,zoned_enforcement,2.1553532112211733,5.212043962604024
370,Rural community,zoned_enforcement,2.793099525837915,7.790356341876244
370,Suburban community,zoned_enforcement,4.783205490686274,13.336752018229783
370,Urban community,zoned_enforcement,5.235680771922636,16.296979326436905
371,Protected land,zoned_enforcement,2.8454574482116395,5.902114600131059
371,Rural community,adaptive_curfew,3.9616438359099373,9.272411564023734
371,Suburban community,zoned_enforcement,7.276096833189737,16.401525225585683
371,Urban community,zoned_enforcement,8.663587068923391,20.128993212753965
372,Protected land,adaptive_curfew,2.4452212461852816,5.442424888835083
372,Rural community,zoned_enforcement,3.4401837483559445,8.337546695266946
372,Suburban community,zoned_enforcement,5.623756990490062,14.404014700223227
372,Urban community,zoned_enforcement,6.264820028569686,17.758930108676072
373,Protected land,zoned_enforcement,2.275463412577049,5.18792611021249
373,Rural community,zoned_enforcement,2.753836578177621,7.8228690613548775
373,Suburban community,zoned_enforcement,4.759735283035253,13.39526782152151
373,Urban community,zoned_enforcement,5.493888456302596,16.34055951940883
374,Protected land,zoned_enforcement,2.4692292276756524,5.678523055248258
374,Rural community,zoned_enforcement,3.4813158766456205,8.553674472780783
374,Suburban community,zoned_enforcement,5.775095193100631,14.727880691486664
374,Urban community,zoned_enforcement,6.761727893948175,18.109554545139762
375,Protected land,zoned_enforcement,2.5305926130191514,5.681722931786052
375,Rural community,zoned_enforcement,3.3614159662864758,8.538547553119056
375,Suburban community,zoned_enforcement,5.63903377788934,14.60376529948872
375,Urban community,zoned_enforcement,5.982676092526027,17.955616246904142
376,Protected land,zoned_enforcement,2.511184512856735,5.62143130352929
376,Rural community,zoned_enforcement,3.046428898994689,8.436445207762185
376,Suburban community,zoned_enforcement,5.630547589432982,14.396887179078144
376,Urban community,zoned_enforcement,6.044970116086661,17.608574272046148
377,Protected land,adaptive_curfew,2.4214569775189227,5.457172155144529
377,Rural community,zoned_enforcement,3.4345997055877566,8.371225842739014
377,Suburban community,zoned_enforcement,5.681357853045947,14.500522595811526
377,Urban community,zoned_enforcement,6.331773873632651,17.83804814449419
378,Protected land,zoned_enforcement,2.4936719768698454,5.527485616582575
378,Rural community,zoned_enforcement,3.2950912510433135,8.334011622601823
378,Suburban community,zoned_enforcement,5.280903026840262,14.210291100746561
378,Urban community,zoned_enforcement,6.119651273499752,17.43010018255136
379,Protected land,adaptive_curfew,3.0802741983506845,6.243178526039796
379,Rural community,zoned_enforcement,4.537985691635236,9.559801984600709
379,Suburban community,zoned_enforcement,7.344524271263142,16.450896830773452
379,Urban community,zoned_enforcement,8.539745009943534,20.153211155944156
380,Protected land,zoned_enforcement,2.215708736067197,4.946048474835982
380,Rural community,zoned_enforcement,2.9293435288190013,7.700555771663355
380,Suburban community,zoned_enforcement,4.838988033896438,13.465448258988008
380,Urban community,zoned_enforcement,5.450391997977016,16.521257830928416
381,Protected land,adaptive_curfew,2.118667943446355,4.950143206404929
381,Rural community,zoned_enforcement,2.7024584551248623,7.743479692843011
381,Suburban community,zoned_enforcement,4.97107054636173,13.542855491636304
381,Urban community,zoned_enforcement,6.00806010777919,16.58756357882939
382,Protected land,adaptive_curfew,2.4009716938114676,5.494088350922166
382,Rural community,zoned_enforcement,3.1745040294067097,8.264747408616401
382,Suburban community,zoned_enforcement,5.22829961558063,14.103764289339688
382,Urban community,zoned_enforcement,5.931253699872416,17.21809492737227
383,Protected land,zoned_enforcement,2.9995290759426627,6.119619657249094
383,Rural community,adaptive_curfew,4.128015471537321,9.221156797958747
383,Suburban community,zoned_enforcement,7.232625678970731,15.845267151157755
383,Urban community,zoned_enforcement,7.4217145426429845,19.446287596577996
384,Protected land,zoned_enforcement,2.2706434221467,5.122993694658335
384,Rural community,zoned_enforcement,2.9801348208673772,7.943345869432799
384,Suburban community,zoned_enforcement,4.924229227564453,13.862935594903725
384,Urban community,zoned_enforcement,6.042659767211635,16.952989510735414
385,Protected land,zoned_enforcement,2.3717896538606853,5.348533815671068
385,Rural community,zoned_enforcement,3.4107716951010216,8.285904862078484
385,Suburban community,zoned_enforcement,5.299502661052154,14.385980781909586
385,Urban community,zoned_enforcement,6.613519673208536,17.574155227619396
386,Protected land,adaptive_curfew,3.147147967585046,6.492455696029306
386,Rural community,zoned_enforcement,4.621233672914389,9.72951005063107
386,Suburban community,zoned_enforcement,7.264426646498169,16.59599357844598
386,Urban community,zoned_enforcement,8.888005216869278,20.42077641532518
387,Protected land,zoned_enforcement,2.5289959337880488,5.571972951113349
387,Rural community,zoned_enforcement,3.7147247317572134,8.707250439115063
387,Suburban community,zoned_enforcement,6.502860920200147,15.284567847169402
387,Urban community,zoned_enforcement,7.174736912799679,18.64332394617579
388,Protected land,adaptive_curfew,2.5694391936552705,5.786387520423308
388,Rural community,zoned_enforcement,3.651483795548807,8.812934008167488
388,Suburban community,zoned_enforcement,6.004069586571228,15.222566699868215
388,Urban community,zoned_enforcement,7.590555369167237,18.710711575590125
389,Protected land,adaptive_curfew,2.452641270782542,5.392904348754633
389,Rural community,zoned_enforcement,3.108730703025903,8.120800360913908
389,Suburban community,zoned_enforcement,5.228779957324699,13.9692244166974
389,Urban community,zoned_enforcement,6.143723035057137,17.141270908037608
390,Protected land,zoned_enforcement,2.792848549828808,6.030091873301087
390,Rural community,zoned_enforcement,3.8470578208582262,9.092176641397485
390,Suburban community,zoned_enforcement,6.385524217986603,15.529127012383503
390,Urban community,zoned_enforcement,7.589242382792552,19.064732518894587
391,Protected land,zoned_enforcement,2.315597372569974,5.166898307236572
391,Rural community,zoned_enforcement,3.402521519393301,8.042290295393064
391,Suburban community,zoned_enforcement,5.221265232007598,14.023825247556374
391,Urban community,zoned_enforcement,6.0580758382932025,17.285850081589896
392,Protected land,zoned_enforcement,2.244591716745169,5.201766151145227
392,Rural community,zoned_enforcement,3.315252801661784,7.98334274597763
392,Suburban community,zoned_enforcement,4.822245475173942,13.753779396535704
392,Urban community,zoned_enforcement,6.0619540852740545,16.80981735141716
393,Protected land,zoned_enforcement,2.9483509533826364,6.302846236156712
393,Rural community,zoned_enforcement,4.156067792891683,9.300336110025329
393,Suburban community,zoned_enforcement,6.575786532806012,15.703217427318966
393,Urban community,zoned_enforcement,7.846772442513805,19.303964492019144
394,Protected land,zoned_enforcement,2.067564274082737,5.037912986299252
394,Rural community,zoned_enforcement,2.764603218192624,7.645027444658517
394,Suburban community,zoned_enforcement,4.750387259187804,13.187536212788627
394,Urban community,zoned_enforcement,5.13177812473673,16.24228679266578
395,Protected land,zoned_enforcement,2.1118805944078023,5.11183346698689
395,Rural community,zoned_enforcement,2.7851202226463645,7.784362808425368
395,Suburban community,zoned_enforcement,4.623555552124273,13.420708079417548
395,Urban community,zoned_enforcement,5.474866676879625,16.499588644847517
396,Protected land,zoned_enforcement,2.1234101195770103,4.936611309971939
396,Rural community,zoned_enforcement,2.987825962086645,7.697456948140252
396,Suburban community,zoned_enforcement,5.075565375517325,13.489029157866215
396,Urban community,zoned_enforcement,5.8807379051943425,16.555305997675664
397,Protected land,adaptive_curfew,2.867647327419524,6.044316489448931
397,Rural community,zoned_enforcement,3.950857831302242,9.276262536124948
397,Suburban community,zoned_enforcement,6.989189420526364,16.130003285913755
397,Urban community,zoned_enforcement,8.00325727886232,19.81724803861197
398,Protected land,zoned_enforcement,2.3346357955751857,5.348429728286721
398,Rural community,zoned_enforcement,3.305417496378494,8.259966413240406
398,Suburban community,zoned_enforcement,5.450871571219945,14.37315616632363
398,Urban community,zoned_enforcement,6.0916902284879555,17.5327805364537
399,Protected land,adaptive_curfew,2.6865415465867297,5.86081804868865
399,Rural community,zoned_enforcement,4.019691797203442,8.85006095617241
399,Suburban community,zoned_enforcement,5.984288128636715,15.130148489331427
399,Urban community,zoned_enforcement,7.496009236862102,18.641318634603422
400,Protected land,zoned_enforcement,2.1336694666217775,5.031051374326697
400,Rural community,zoned_enforcement,2.803392675700077,7.723187030292139
400,Suburban community,zoned_enforcement,4.547382849315287,13.34235711554919
400,Urban community,zoned_enforcement,5.331177814992905,16.39602606962075
401,Protected land,adaptive_curfew,2.585916747422454,5.89747205834098
401,Rural community,zoned_enforcement,3.3875081807969663,8.809053861048
401,Suburban community,zoned_enforcement,6.149324345757751,15.041249046066497
401,Urban community,zoned_enforcement,7.20862910190888,18.445308600160192
402,Protected land,zoned_enforcement,2.4821244200184296,5.4338110640727235
402,Rural community,zoned_enforcement,3.3198211239022983,8.320721230498568
402,Suburban community,zoned_enforcement,5.707451766578496,14.267617912454615
402,Urban community,zoned_enforcement,6.799592991586724,17.490625184875753
403,Protected land,zoned_enforcement,2.1918201447394523,5.253423886988925
403,Rural community,zoned_enforcement,3.2333396262362406,8.006718664978052
403,Suburban community,zoned_enforcement,5.222825706786763,13.882024233352217
403,Urban community,zoned_enforcement,5.958928234760489,17.023521060489482
404,Protected land,zoned_enforcement,2.6491408806471144,5.742010690643486
404,Rural community,zoned_enforcement,3.878222201025311,8.92723666080293
404,Suburban community,zoned_enforcement,6.628276747130245,15.601187733133552
404,Urban community,zoned_enforcement,7.612336133474285,19.16915435056174
405,Protected land,zoned_enforcement,2.450787914476109,5.4114739067038915
405,Rural community,zoned_enforcement,3.473405368132326,8.405685009192704
405,Suburban community,zoned_enforcement,6.01840617827202,14.644197320538725
405,Urban community,zoned_enforcement,7.017874180472317,17.90517466514838
406,Protected land,zoned_enforcement,2.6122658283077858,5.867759244830214
406,Rural community,zoned_enforcement,3.606091466966137,8.772941851042926
406,Suburban community,zoned_enforcement,5.8216757926549985,14.997042379981195
406,Urban community,zoned_enforcement,6.969547204446563,18.382173260945123
407,Protected land,zoned_enforcement,2.1446251482892316,5.010204299886298
407,Rural community,zoned_enforcement,2.8931270685289494,7.793146408454319
407,Suburban community,zoned_enforcement,5.056000396278597,13.695877184117714
407,Urban community,zoned_enforcement,5.211613426748086,16.847899584130666
408,Protected land,zoned_enforcement,2.855662926389415,5.996706702183956
408,Rural community,zoned_enforcement,4.561847509846576,9.415276766609162
408,Suburban community,zoned_enforcement,7.030080342825043,16.517907756334573
408,Urban community,zoned_enforcement,9.014045388818543,20.286282986264446
409,Protected land,zoned_enforcement,2.417533079758511,5.193646249525329
409,Rural community,zoned_enforcement,3.2065811786241136,8.025494881218213
409,Suburban community,zoned_enforcement,5.532198976241494,13.990310795518306
409,Urban community,zoned_enforcement,6.028740009157309,17.150936931287934
410,Protected land,adaptive_curfew,2.658089206104397,5.652660415516327
410,Rural community,zoned_enforcement,3.621103747580567,8.615922738812781
410,Suburban community,zoned_enforcement,5.705123981947176,14.813719390672198
410,Urban community,zoned_enforcement,6.766492045538593,18.12747207765252
411,Protected land,adaptive_curfew,2.9108352733773524,6.262990416013446
411,Rural community,zoned_enforcement,4.119843806139423,9.36176285495383
411,Suburban community,adaptive_curfew,6.626805102184726,15.862295414065123
411,Urban community,zoned_enforcement,7.881799587546476,19.343049639137526
412,Protected land,zoned_enforcement,2.6190444086179583,5.744928901854393
412,Rural community,zoned_enforcement,3.569173838261648,8.780435600658516
412,Suburban community,zoned_enforcement,6.549989997776427,15.197841758012329
412,Urban community,zoned_enforcement,6.51336647425129,18.54929206358153
413,Protected land,adaptive_curfew,2.84876991735477,5.9833698847898855
413,Rural community,zoned_enforcement,4.1441142003257845,9.035464927388144
413,Suburban community,zoned_enforcement,6.608386774699314,15.456012238286643
413,Urban community,zoned_enforcement,7.873882085475522,19.05150599099346
414,Protected land,adaptive_curfew,2.848944786642093,5.805328630586131
414,Rural community,adaptive_curfew,3.730729043044426,8.934584837762904
414,Suburban community,zoned_enforcement,6.855796319737445,15.59158840586458
414,Urban community,zoned_enforcement,7.618178790427654,19.16729219332752
415,Protected land,adaptive_curfew,2.0646727111762684,5.150519685692072
415,Rural community,zoned_enforcement,2.557933601108102,7.749876259905182
415,Suburban community,zoned_enforcement,4.5257732024620925,13.249661219474271
415,Urban community,zoned_enforcement,5.2683441942011715,16.20141052393834
416,Protected land,zoned_enforcement,2.611134466049671,5.745368056420216
416,Rural community,zoned_enforcement,3.57277135775308,8.695148825374588
416,Suburban community,zoned_enforcement,5.94147534215838,14.974431387186012
416,Urban community,zoned_enforcement,6.683734621031256,18.320348802214344
417,Protected land,adaptive_curfew,2.70695339615404,5.716269931479574
417,Rural community,zoned_enforcement,3.2269207149293377,8.58606041109101
417,Suburban community,zoned_enforcement,5.6918731019977304,14.632272277538297
417,Urban community,zoned_enforcement,6.649331476454407,17.8506004722053
418,Protected land,adaptive_curfew,2.451847229751548,5.578000574060873
418,Rural community,zoned_enforcement,3.7425205734866376,8.660033944248568
418,Suburban community,zoned_enforcement,6.144204567721433,15.146695032208315
418,Urban community,zoned_enforcement,7.770449874693098,18.720442667722057
419,Protected land,adaptive_curfew,3.2356250142610232,6.405105512594685
419,Rural community,zoned_enforcement,4.571082181073454,9.599905618648842
419,Suburban community,zoned_enforcement,7.247711196673576,16.24933896016434
419,Urban community,zoned_enforcement,8.077091602325154,19.883514499296425
420,Protected land,zoned_enforcement,2.4296552712796857,5.4687022624436255
420,Rural community,zoned_enforcement,3.2332703369110467,8.315522701524676
420,Suburban community,zoned_enforcement,6.026193591036137,14.398984987130298
420,Urban community,zoned_enforcement,6.687469702216328,17.755253531418475
421,Protected land,adaptive_curfew,2.4040206836883558,5.388459595157193
421,Rural community,zoned_enforcement,3.0110907931605686,8.265221495029655
421,Suburban community,zoned_enforcement,5.763298945624953,14.342722085614511
421,Urban community,zoned_enforcement,6.346989175419122,17.602461026237247
422,Protected land,adaptive_curfew,3.0339471933596243,6.198188646045955
422,Rural community,adaptive_curfew,4.434835686571553,9.588387309807974
422,Suburban community,zoned_enforcement,7.267939960599389,16.579227980784246
422,Urban community,zoned_enforcement,8.901472869386184,20.305153427531412
423,Protected land,adaptive_curfew,2.941599856869951,6.007809166155954
423,Rural community,zoned_enforcement,4.4142706966179945,9.43139074118677
423,Suburban community,zoned_enforcement,7.512271067714138,16.558954420894867
423,Urban community,zoned_enforcement,8.629366262408144,20.287735189129382
424,Protected land,adaptive_curfew,2.3168299217602106,5.416274899008334
424,Rural community,zoned_enforcement,3.2707215702508154,8.38673150357549
424,Suburban community,zoned_enforcement,5.240419361070176,14.566280603379228
424,Urban community,zoned_enforcement,6.608878719978517,17.759767824193844
425,Protected land,zoned_enforcement,2.5804003786672918,5.87059656645973
425,Rural community,zoned_enforcement,3.8231175043441734,9.00531342497517
425,Suburban community,zoned_enforcement,6.602585044279644,15.488230327436353
425,Urban community,zoned_enforcement,7.556975008394819,19.045940824409506
426,Protected land,zoned_enforcement,2.552353422694099,5.764153839983257
426,Rural community,zoned_enforcement,3.7509289204718756,8.704839923958646
426,Suburban community,zoned_enforcement,6.1387671119117755,14.893058049666477
426,Urban community,zoned_enforcement,6.751523495006914,18.282671536237633
427,Protected land,adaptive_curfew,2.595439217697746,5.718972872950419
427,Rural community,zoned_enforcement,3.9418950142461036,8.94208189174587
427,Suburban community,zoned_enforcement,6.69117218397415,15.638567349416366
427,Urban community,zoned_enforcement,7.70293642497786,19.059469879196225
428,Protected land,adaptive_curfew,2.6089327794549093,5.495734889411085
428,Rural community,zoned_enforcement,3.324867974203274,8.36420336099809
428,Suburban community,zoned_enforcement,5.691241400450961,14.484845990331365
428,Urban community,zoned_enforcement,6.451919572212539,17.693700123468208
429,Protected land,zoned_enforcement,2.3990691474635035,5.698921271461572
429,Rural community,zoned_enforcement,3.30694446266065,8.550402186963273
429,Suburban community,zoned_enforcement,5.236803386245409,14.501286434847243
429,Urban community,zoned_enforcement,6.216015126350186,17.778930861605772
430,Protected land,zoned_enforcement,2.4422681728400493,5.443648320963465
430,Rural community,zoned_enforcement,3.2720765536223295,8.203535894150942
430,Suburban community,zoned_enforcement,5.2417535104825195,13.984514162239737
430,Urban community,zoned_enforcement,5.936400121299158,17.13742296333542
431,Protected land,zoned_enforcement,2.258141661423981,5.172644404583963
431,Rural community,zoned_enforcement,3.002054805854221,8.117370216054578
431,Suburban community,zoned_enforcement,5.200348807055487,14.251919984777398
431,Urban community,zoned_enforcement,6.500073454346017,17.553814611109477
432,Protected land,adaptive_curfew,2.8485023364655238,6.130545989148219
432,Rural community,adaptive_curfew,3.9684094237493053,9.121347150516542
432,Suburban community,adaptive_curfew,6.101502558197719,15.486067622501754
432,Urban community,zoned_enforcement,7.168799904622254,18.90135215214417
433,Protected land,zoned_enforcement,2.546642294897049,5.442449876408148
433,Rural community,zoned_enforcement,3.6249008557025473,8.557463184380605
433,Suburban community,zoned_enforcement,6.509560942817078,15.073016961889039
433,Urban community,zoned_enforcement,7.135149934857294,18.45785082002291
434,Protected land,adaptive_curfew,2.9292405833065174,6.0354079673658685
434,Rural community,zoned_enforcement,4.14818906016695,9.313871544036873
434,Suburban community,zoned_enforcement,7.05090858468245,16.221298366258324
434,Urban community,zoned_enforcement,8.514104628085775,19.869578686709122
435,Protected land,zoned_enforcement,2.5766553294116448,5.747092804402717
435,Rural community,zoned_enforcement,3.751913930652436,8.798411448223137
435,Suburban community,zoned_enforcement,6.16888201223164,15.139542686571774
435,Urban community,zoned_enforcement,7.533088185197457,18.62758526042976
436,Protected land,zoned_enforcement,2.117608697587019,5.054011994322728
436,Rural community,zoned_enforcement,2.551673282236125,7.676326573080784
436,Suburban community,zoned_enforcement,4.85387520023651,13.2319984342898
436,Urban community,zoned_enforcement,5.196680036695394,16.294438997300794
437,Protected land,zoned_enforcement,2.5244670572659174,5.354723353925171
437,Rural community,zoned_enforcement,3.5499199973681677,8.305980898221195
437,Suburban community,zoned_enforcement,5.7284073070189905,14.477770722564202
437,Urban community,zoned_enforcement,6.668614069762302,17.749183324083738
438,Protected land,adaptive_curfew,2.6208396498445157,5.6697830890753265
438,Rural community,zoned_enforcement,3.9828467969329617,8.863174113848968
438,Suburban community,zoned_enforcement,6.638124042891519,15.600940165957287
438,Urban community,zoned_enforcement,7.608906142318432,19.112723507878375
439,Protected land,adaptive_curfew,2.922531325696554,6.166789115793122
439,Rural community,zoned_enforcement,4.250916299877313,9.33478191904465
439,Suburban community,adaptive_curfew,6.8166318547865465,16.058720886057912
439,Urban community,zoned_enforcement,7.849027804078084,19.71565087379263
440,Protected land,zoned_enforcement,2.446275622994559,5.590862048448489
440,Rural community,zoned_enforcement,3.33484146578236,8.553610024515333
440,Suburban community,zoned_enforcement,5.671654955320291,14.80355063410332
440,Urban community,zoned_enforcement,6.895702352639857,18.090163165932164
441,Protected land,adaptive_curfew,2.226881300484155,5.490513405479954
441,Rural community,zoned_enforcement,3.068289532041317,8.151135957887053
441,Suburban community,zoned_enforcement,4.961276637990888,13.789435766362457
441,Urban community,zoned_enforcement,5.313212394815308,16.854406730485163
442,Protected land,zoned_enforcement,2.6096967218545344,5.42209163558625
442,Rural community,zoned_enforcement,3.7646719741430843,8.591919335701768
442,Suburban community,zoned_enforcement,6.534415957109097,15.130808113324903
442,Urban community,zoned_enforcement,7.032461862805585,18.47026513874861
443,Protected land,zoned_enforcement,2.7352375439024796,5.588083849731697
443,Rural community,zoned_enforcement,3.6739931033146105,8.672475235986877
443,Suburban community,zoned_enforcement,6.587495589711514,15.063755294242922
443,Urban community,zoned_enforcement,6.966391848023662,18.56738151398393
444,Protected land,adaptive_curfew,3.1287151699197935,6.470425406456373
444,Rural community,adaptive_curfew,4.208848514629515,9.595254127064369
444,Suburban community,adaptive_curfew,6.655648574902509,16.255672794371737
444,Urban community,zoned_enforcement,8.252677402687842,19.853738137359052
445,Protected land,adaptive_curfew,2.574798493051258,5.740244191862502
445,Rural community,zoned_enforcement,3.673995116390193,8.850234659932536
445,Suburban community,zoned_enforcement,5.8609578498594495,15.299588483170737
445,Urban community,zoned_enforcement,7.143487398375317,18.692695143504427
446,Protected land,zoned_enforcement,2.846136480040634,5.926715504805475
446,Rural community,zoned_enforcement,4.537082199792071,9.330078508330587
446,Suburban community,zoned_enforcement,7.207450800990365,16.467310255502714
446,Urban community,zoned_enforcement,8.839113912532529,20.26988224115767
447,Protected land,zoned_enforcement,2.2162279760828825,5.115947301286174
447,Rural community,zoned_enforcement,2.7972307104914362,7.737720475177889
447,Suburban community,zoned_enforcement,4.517637644512744,13.305387398871336
447,Urban community,zoned_enforcement,5.536404516008828,16.37971235696607
448,Protected land,zoned_enforcement,3.039022658486752,6.180041164266866
448,Rural community,zoned_enforcement,4.449139420245297,9.477096281328492
448,Suburban community,zoned_enforcement,7.338499819616139,16.384440142273785
448,Urban community,zoned_enforcement,8.357134944835922,20.19030972777748
449,Protected land,adaptive_curfew,2.342915922233435,5.2710866800962
449,Rural community,zoned_enforcement,2.726784514383578,7.861488916066084
449,Suburban community,zoned_enforcement,4.687478054403702,13.364809080444424
449,Urban community,zoned_enforcement,5.229686386815528,16.34373405453119
450,Protected land,zoned_enforcement,2.7482306121372297,5.864309489381037
450,Rural community,zoned_enforcement,3.5530266947220897,8.80638232056921
450,Suburban community,zoned_enforcement,6.30644804996656,14.93355705942502
450,Urban community,zoned_enforcement,7.174813162949423,18.24771815235556
451,Protected land,zoned_enforcement,2.3488154528391507,5.376728884372056
451,Rural community,zoned_enforcement,3.161060678142479,8.19170240745741
451,Suburban community,zoned_enforcement,4.942045069934624,14.105962271956074
451,Urban community,zoned_enforcement,5.923996778194004,17.278833657725823
452,Protected land,zoned_enforcement,1.9806676057690358,4.88110751543947
452,Rural community,zoned_enforcement,2.7703443903535394,7.578256314339557
452,Suburban community,zoned_enforcement,4.656024054172178,13.164718214178606
452,Urban community,zoned_enforcement,5.37141315860487,16.180034575984315
453,Protected land,adaptive_curfew,2.886358186851142,6.063157787697538
453,Rural community,zoned_enforcement,3.828361042725806,9.138327479355903
453,Suburban community,zoned_enforcement,6.733036115171277,15.617752572967545
453,Urban community,zoned_enforcement,7.289085038453877,19.078357229111777
454,Protected land,adaptive_curfew,2.7412320561230104,5.821201522570068
454,Rural community,zoned_enforcement,3.7943452643759876,8.960352592325211
454,Suburban community,zoned_enforcement,6.519195046861398,15.502621535277871
454,Urban community,zoned_enforcement,7.607435426631511,18.937645309209802
455,Protected land,zoned_enforcement,2.6691791109364176,5.775922887780617
455,Rural community,zoned_enforcement,3.8487742943234577,8.942080784577753
455,Suburban community,zoned_enforcement,6.3349163466322125,15.449135287094752
455,Urban community,zoned_enforcement,7.461814833137371,18.847012603076756
456,Protected land,adaptive_curfew,2.836273453829927,5.907515101079328
456,Rural community,zoned_enforcement,4.078616458253197,9.0549497793911
456,Suburban community,zoned_enforcement,6.544113124209879,15.72691996234272
456,Urban community,zoned_enforcement,7.361984430027103,19.248927268634738
457,Protected land,zoned_enforcement,2.74024591121262,5.9087109879996795
457,Rural community,zoned_enforcement,3.7148847615963083,8.912533690859375
457,Suburban community,zoned_enforcement,6.229421467886384,15.34599774351788
457,Urban community,zoned_enforcement,7.65335388625693,18.937622458128388
458,Protected land,zoned_enforcement,3.0731785662398616,6.173433114719022
458,Rural community,zoned_enforcement,4.0509335764866545,9.203348559249477
458,Suburban community,zoned_enforcement,6.641574642195145,15.681310006117158
458,Urban community,zoned_enforcement,7.536268374493449,19.343477026936945
459,Protected land,zoned_enforcement,2.4331171138944074,5.602181785439379
459,Rural community,zoned_enforcement,3.3785879988455196,8.544442792375543
459,Suburban community,zoned_enforcement,5.731860110157934,14.727552529462848
459,Urban community,zoned_enforcement,7.166008051194407,18.051148599933548
460,Protected land,zoned_enforcement,2.3737030751325645,5.2144643777271895
460,Rural community,zoned_enforcement,3.236820186909962,8.033522619056955
460,Suburban community,zoned_enforcement,4.911759134718661,14.015077572308424
460,Urban community,zoned_enforcement,6.438955668928045,17.21743229945674
461,Protected land,zoned_enforcement,2.6777882425960002,5.67819338771995
461,Rural community,zoned_enforcement,3.6391480351597156,8.647541087812066
461,Suburban community,zoned_enforcement,6.082463273261048,14.940877777826275
461,Urban community,zoned_enforcement,6.7947591504651434,18.303996020077964
462,Protected land,zoned_enforcement,2.7179995833462716,5.873200261719937
462,Rural community,zoned_enforcement,3.471920612146606,8.732066587685097
462,Suburban community,zoned_enforcement,5.595630298275314,14.842109008371523
462,Urban community,zoned_enforcement,6.902413848658313,18.24378647190495
463,Protected land,adaptive_curfew,2.5218710690957655,5.441131705040769
463,Rural community,zoned_enforcement,3.7260665011776073,8.534875771922412
463,Suburban community,zoned_enforcement,6.143677108127939,15.073665667379622
463,Urban community,zoned_enforcement,7.2129569994349225,18.4497591206377
464,Protected land,zoned_enforcement,2.37125297572823,5.13448056641823
464,Rural community,zoned_enforcement,3.149358087222251,7.986142660539464
464,Suburban community,zoned_enforcement,5.613894287492087,14.029902204593636
464,Urban community,zoned_enforcement,6.032354731458751,17.27800272944955
465,Protected land,zoned_enforcement,2.3420913031444095,5.170236737378255
465,Rural community,zoned_enforcement,3.0506795814975414,7.983536024659054
465,Suburban community,zoned_enforcement,5.179747779203305,13.910652375705476
465,Urban community,zoned_enforcement,6.334327006447678,17.186347950320364
466,Protected land,adaptive_curfew,2.9317609859197367,5.963936191088257
466,Rural community,zoned_enforcement,4.109356430275713,9.082252000832417
466,Suburban community,zoned_enforcement,6.60366080839119,15.658554075303984
466,Urban community,zoned_enforcement,8.057014699675133,19.22871843053314
467,Protected land,zoned_enforcement,2.839700942242789,5.962357005462429
467,Rural community,zoned_enforcement,3.7216195533654064,8.912157947032366
467,Suburban community,zoned_enforcement,6.270755116871378,15.076803875056676
467,Urban community,zoned_enforcement,6.763004029310666,18.42226495270061
468,Protected land,zoned_enforcement,2.13250332368156,5.061360329978573
468,Rural community,zoned_enforcement,2.6949756840900507,7.651980999021088
468,Suburban community,zoned_enforcement,4.626339653863024,13.167842714949746
468,Urban community,zoned_enforcement,4.933959403953528,16.176300964556024
469,Protected land,adaptive_curfew,2.3176388633089453,5.463049988141659
469,Rural community,zoned_enforcement,3.5988843022921646,8.463876410506824
469,Suburban community,zoned_enforcement,5.448024166435532,14.749549681812448
469,Urban community,zoned_enforcement,6.648024981556295,17.982487378231472
470,Protected land,zoned_enforcement,2.844987122294232,5.893433914964874
470,Rural community,zoned_enforcement,4.061711606032122,9.147520401601067
470,Suburban community,zoned_enforcement,6.795284259780063,15.83408649615432
470,Urban community,zoned_enforcement,8.3988340792862,19.32142979788273
471,Protected land,adaptive_curfew,2.486581094623492,5.510292874533499
471,Rural community,zoned_enforcement,3.375466551324826,8.387434691431537
471,Suburban community,zoned_enforcement,5.759380251732994,14.36468537521618
471,Urban community,zoned_enforcement,6.093808918244633,17.65165691076277
472,Protected land,zoned_enforcement,2.17263359190062,5.026060137026606
472,Rural community,zoned_enforcement,2.741873837866181,7.802442478484922
472,Suburban community,zoned_enforcement,4.747230010639745,13.647616606610082
472,Urban community,zoned_enforcement,5.411117521399644,16.6506292024038
473,Protected land,zoned_enforcement,2.240712954866499,5.0716475351169565
473,Rural community,zoned_enforcement,2.7836976525009405,7.670145914568664
473,Suburban community,zoned_enforcement,4.521300567661346,13.11681850813597
473,Urban community,zoned_enforcement,5.038882303092674,16.096478436424473
474,Protected land,adaptive_curfew,2.7318178595842437,6.142149087003397
474,Rural community,zoned_enforcement,4.274782096226628,9.197957351057182
474,Suburban community,zoned_enforcement,6.37705832826572,15.680586350811174
474,Urban community,zoned_enforcement,7.4472002811044025,19.2544045030734
475,Protected land,adaptive_curfew,2.605291251495965,5.889063846999754
475,Rural community,zoned_enforcement,3.9137743374180367,8.899300434916078
475,Suburban community,zoned_enforcement,5.806338906652966,15.331468702673453
475,Urban community,zoned_enforcement,7.716528452518837,18.67986512794505
476,Protected land,zoned_enforcement,2.749889286268016,5.816276558414138
476,Rural community,zoned_enforcement,3.8120356299245426,8.956567436738275
476,Suburban community,adaptive_curfew,6.447944752257772,15.599298284047308
476,Urban community,zoned_enforcement,7.676884872968362,19.117857170455824
477,Protected land,zoned_enforcement,2.200811595727881,5.220967629597914
477,Rural community,zoned_enforcement,2.9517436579576337,7.85462955210108
477,Suburban community,zoned_enforcement,5.161667682398624,13.38530145219717
477,Urban community,zoned_enforcement,5.237879689899451,16.42305587731819
478,Protected land,zoned_enforcement,2.5195984072005935,5.61287733361963
478,Rural community,zoned_enforcement,3.505384891742036,8.522116248272651
478,Suburban community,zoned_enforcement,5.76659185257231,14.625702031465556
478,Urban community,zoned_enforcement,6.9247978434911825,17.971074215669745
479,Protected land,zoned_enforcement,2.709052404729328,5.827127536985722
479,Rural community,zoned_enforcement,3.310747629854667,8.677722190956612
479,Suburban community,zoned_enforcement,5.481217931411827,14.687305978697543
479,Urban community,zoned_enforcement,6.806103321016078,18.039105201183094
480,Protected land,zoned_enforcement,2.6260031366288783,5.691998346052349
480,Rural community,zoned_enforcement,3.2940824300926357,8.524158044561378
480,Suburban community,zoned_enforcement,5.737979130888071,14.473003025143944
480,Urban community,zoned_enforcement,6.399483127929244,17.631859007259713
481,Protected land,adaptive_curfew,3.181990641269729,6.544565360979143
481,Rural community,zoned_enforcement,4.468935894417961,9.789119088238742
481,Suburban community,zoned_enforcement,7.350661055963341,16.570879189943728
481,Urban community,zoned_enforcement,8.376481118601024,20.2422498851564
482,Protected land,adaptive_curfew,2.7453874358234454,6.098760874308924
482,Rural community,zoned_enforcement,4.048745953864256,9.218677468757045
482,Suburban community,zoned_enforcement,6.770737963207871,15.749251741844663
482,Urban community,zoned_enforcement,7.794183991585989,19.239818903311487
483,Protected land,zoned_enforcement,2.3249087651101754,5.261236724756126
483,Rural community,zoned_enforcement,2.818577330552756,7.93715148510364
483,Suburban community,zoned_enforcement,4.823252100083366,13.574161074347074
483,Urban community,zoned_enforcement,5.7548917306585405,16.735178000281568
484,Protected land,zoned_enforcement,2.045977224174432,5.01621834987387
484,Rural community,zoned_enforcement,2.8221470412415988,7.711064085027604
484,Suburban community,zoned_enforcement,5.047302507385631,13.305272258310493
484,Urban community,zoned_enforcement,5.454733188280777,16.243797571604784
485,Protected land,adaptive_curfew,3.0372151591397185,6.091349310951974
485,Rural community,zoned_enforcement,4.037218259318453,9.117410917498622
485,Suburban community,zoned_enforcement,6.269926354090698,15.57009760668723
485,Urban community,zoned_enforcement,7.210425098743691,19.009950993825562
486,Protected land,zoned_enforcement,2.0594969625619215,4.877897129300266
486,Rural community,zoned_enforcement,2.960303032262857,7.651391183910973
486,Suburban community,zoned_enforcement,4.717611048438146,13.415060030324366
486,Urban community,zoned_enforcement,5.905332837358152,16.545369394404595
487,Protected land,zoned_enforcement,2.6253012249711136,5.698311586367959
487,Rural community,zoned_enforcement,3.6069221283002513,8.61553756365619
487,Suburban community,zoned_enforcement,5.74558674331014,14.709024511378791
487,Urban community,zoned_enforcement,6.5924937184387264,18.037939324191342
488,Protected land,zoned_enforcement,2.7784716177156796,5.803932188359677
488,Rural community,zoned_enforcement,4.134518486781623,9.137940134481578
488,Suburban community,zoned_enforcement,6.853087374760728,16.03694013976138
488,Urban community,zoned_enforcement,9.113400357104759,19.712499695879053
489,Protected land,zoned_enforcement,3.214031999164467,6.468094840741514
489,Rural community,adaptive_curfew,4.397239047448385,9.612865106640612
489,Suburban community,zoned_enforcement,6.856228833292249,16.28707733545871
489,Urban community,zoned_enforcement,8.400528667323089,19.95146156544094
490,Protected land,zoned_enforcement,2.836641543333145,5.977691900300631
490,Rural community,zoned_enforcement,4.033334349869157,9.024691930648258
490,Suburban community,zoned_enforcement,6.580822211643481,15.439359384453308
490,Urban community,zoned_enforcement,7.070115989400065,18.94672037797136
491,Protected land,adaptive_curfew,2.982016796531386,6.295214103387353
491,Rural community,zoned_enforcement,4.345660166588199,9.423660556590267
491,Suburban community,zoned_enforcement,6.986654190848498,16.025321975110046
491,Urban community,zoned_enforcement,8.02434126991842,19.666809532996815
492,Protected land,zoned_enforcement,2.687247992280712,5.666923192601624
492,Rural community,zoned_enforcement,4.048523327075652,8.858100596269303
492,Suburban community,zoned_enforcement,6.3548924589930635,15.50656086614239
492,Urban community,zoned_enforcement,7.850217407688913,19.031840037331836
493,Protected land,zoned_enforcement,2.875702460387443,6.0814673731197635
493,Rural community,adaptive_curfew,4.057065584221383,9.266807735188799
493,Suburban community,zoned_enforcement,6.675318490434721,16.004145905508864
493,Urban community,zoned_enforcement,8.85857744122171,19.632170344935062
494,Protected land,zoned_enforcement,2.5239635835881478,5.74315175065499
494,Rural community,zoned_enforcement,3.2919577823972404,8.527250976277086
494,Suburban community,zoned_enforcement,5.366479974131266,14.481099624154032
494,Urban community,zoned_enforcement,6.392318309586644,17.771615180331608
495,Protected land,zoned_enforcement,2.5990529676960183,5.465498688744099
495,Rural community,zoned_enforcement,3.755226916456107,8.524860074458477
495,Suburban community,zoned_enforcement,5.738811456344278,14.882055451252521
495,Urban community,zoned_enforcement,7.091299613929335,18.35955207173747
496,Protected land,zoned_enforcement,2.113063706834159,4.9881695850447665
496,Rural community,zoned_enforcement,2.973634086926606,7.7136558032922755
496,Suburban community,zoned_enforcement,4.748438338035953,13.418433033857443
496,Urban community,zoned_enforcement,5.957062498798701,16.464375561239155
497,Protected land,zoned_enforcement,2.2362259044093284,4.982110927112344
497,Rural community,zoned_enforcement,2.815263446279598,7.68859959967695
497,Suburban community,zoned_enforcement,5.009785274528639,13.363954219724148
497,Urban community,zoned_enforcement,5.5631942503318825,16.462217413853093
498,Protected land,adaptive_curfew,2.3459875600983886,5.447618982209938
498,Rural community,zoned_enforcement,3.3309218422364175,8.348659386378696
498,Suburban community,zoned_enforcement,5.403637268599388,14.459107782724637
498,Urban community,zoned_enforcement,6.177435665473112,17.753084605711095
499,Protected land,zoned_enforcement,2.7277915460699056,5.730617208513371
499,Rural community,zoned_enforcement,3.8347475843221934,8.836366834482549
499,Suburban community,zoned_enforcement,6.254998378753124,15.307373567252757
499,Urban community,zoned_enforcement,7.359202058489743,18.81965213416656
500,Protected land,zoned_enforcement,2.680462926912153,5.7210988467820325
500,Rural community,zoned_enforcement,4.123770567947609,8.91208600248817
500,Suburban community,zoned_enforcement,6.765577379514916,15.521344660283221
500,Urban community,zoned_enforcement,7.503262739684583,19.09554919330125
501,Protected land,zoned_enforcement,2.397784485117481,5.4305749007867705
501,Rural community,zoned_enforcement,3.294418095515671,8.407084911972271
501,Suburban community,zoned_enforcement,5.681337446097395,14.577816454384049
501,Urban community,zoned_enforcement,6.718625818186272,17.80093305181284
502,Protected land,zoned_enforcement,2.088879675685313,4.935066681063159
502,Rural community,zoned_enforcement,2.808052888138505,7.614077963687273
502,Suburban community,zoned_enforcement,4.638415002791719,13.264020179258395
502,Urban community,zoned_enforcement,4.785624389130229,16.296614020217806
503,Protected land,zoned_enforcement,2.728656043163999,5.937055886309883
503,Rural community,zoned_enforcement,3.72249369953935,8.872732663616583
503,Suburban community,zoned_enforcement,6.0468926053504095,15.045972744223779
503,Urban community,zoned_enforcement,6.651453995029728,18.409818071097785
504,Protected land,adaptive_curfew,2.463188033215266,5.543945138396443
504,Rural community,zoned_enforcement,3.44196927654036,8.493732481782901
504,Suburban community,zoned_enforcement,5.699280994554984,14.59072135997174
504,Urban community,zoned_enforcement,6.133823588911486,17.865103833888387
505,Protected land,zoned_enforcement,2.072444219248621,4.965202288666389
505,Rural community,zoned_enforcement,2.7313869917599307,7.678812456232528
505,Suburban community,zoned_enforcement,4.426690684066433,13.352669767866773
505,Urban community,zoned_enforcement,5.410870770250552,16.438475026714315
506,Protected land,zoned_enforcement,2.4703800308235073,5.353476670007868
506,Rural community,zoned_enforcement,3.3313109086369463,8.38586926257703
506,Suburban community,zoned_enforcement,6.043074578968959,14.790352275335819
506,Urban community,zoned_enforcement,7.219585467935888,18.184407873798534
507,Protected land,zoned_enforcement,2.7002515081198246,5.568669709831425
507,Rural community,zoned_enforcement,3.38850929313762,8.524891137504904
507,Suburban community,zoned_enforcement,5.812230944362961,14.750432418252018
507,Urban community,zoned_enforcement,6.42178870926632,18.06717702381839
508,Protected land,adaptive_curfew,2.812800053851644,6.13492262154397
508,Rural community,zoned_enforcement,4.239561577461686,9.393680704556408
508,Suburban community,zoned_enforcement,7.3431289916052656,16.219784056413758
508,Urban community,zoned_enforcement,7.702257056927852,19.826007899553787
509,Protected land,zoned_enforcement,2.89229559198534,6.177407984328036
509,Rural community,adaptive_curfew,3.56480690609144,9.03695446757904
509,Suburban community,zoned_enforcement,6.148171111453607,15.144483095507342
509,Urban community,zoned_enforcement,7.489772095893695,18.568346799945683
510,Protected land,adaptive_curfew,2.099762053318145,5.099892574627759
510,Rural community,zoned_enforcement,2.727913908768631,7.809958327084628
510,Suburban community,zoned_enforcement,4.811988981711107,13.586015747876468
510,Urban community,zoned_enforcement,5.371634290554761,16.695162115821198
511,Protected land,zoned_enforcement,2.6598642055836876,5.7876727227396465
511,Rural community,zoned_enforcement,4.183045909145674,8.981388373780282
511,Suburban community,zoned_enforcement,6.916195615294825,15.636648214585913
511,Urban community,zoned_enforcement,7.237207091650408,19.168067596940833
512,Protected land,adaptive_curfew,3.0054193564313842,6.372737811271229
512,Rural community,zoned_enforcement,4.44092854372057,9.573468754978123
512,Suburban community,zoned_enforcement,7.647009424400052,16.416351195520352
512,Urban community,zoned_enforcement,8.443127855774483,20.11096639193234
513,Protected land,adaptive_curfew,2.7487445174886562,5.886692212006861
513,Rural community,zoned_enforcement,3.886438445449433,8.988069172241415
513,Suburban community,zoned_enforcement,6.434423590057893,15.552072034009704
513,Urban community,zoned_enforcement,7.933168280848019,19.105032074360658
514,Protected land,zoned_enforcement,2.6663792079254374,5.669945879060135
514,Rural community,adaptive_curfew,3.604858204002512,8.775950058937974
514,Suburban community,zoned_enforcement,6.773841853989515,15.353688175902052
514,Urban community,zoned_enforcement,7.158141567177591,18.841132151696062
515,Protected land,zoned_enforcement,2.844470704794613,5.868730989096733
515,Rural community,zoned_enforcement,3.7062736628320163,8.954536461085588
515,Suburban community,zoned_enforcement,6.189860188363422,15.404532668340293
515,Urban community,zoned_enforcement,7.254765133866478,18.970981518453225
516,Protected land,zoned_enforcement,2.122323713398423,5.074689660356172
516,Rural community,zoned_enforcement,2.6500021335788553,7.6823641588084275
516,Suburban community,zoned_enforcement,4.090568096625923,13.17804925231487
516,Urban community,zoned_enforcement,4.911375665930068,16.1313716104622
517,Protected land,zoned_enforcement,2.9811728085856415,6.438214184564396
517,Rural community,adaptive_curfew,4.257453284124746,9.56313785012726
517,Suburban community,adaptive_curfew,6.632040317310153,16.10812972379608
517,Urban community,zoned_enforcement,8.360553952583881,19.692129852236956
518,Protected land,zoned_enforcement,3.131569527629445,6.332341621497027
518,Rural community,zoned_enforcement,4.398480608548281,9.580769415033231
518,Suburban community,zoned_enforcement,7.448336183192614,16.443787879382686
518,Urban community,zoned_enforcement,8.719256683102493,20.258498970290155
519,Protected land,adaptive_curfew,2.613828682692141,5.573733918771045
519,Rural community,zoned_enforcement,3.3710291504395418,8.472360152752689
519,Suburban community,zoned_enforcement,5.441400172105126,14.566974494933472
519,Urban community,zoned_enforcement,6.85565045121038,17.85148399604145
520,Protected land,zoned_enforcement,2.7499247831383595,5.74756619969576
520,Rural community,zoned_enforcement,3.7883406979341494,9.026360552389844
520,Suburban community,zoned_enforcement,6.693818637814996,15.829663793244361
520,Urban community,zoned_enforcement,8.168498953353348,19.463858348832016
521,Protected land,zoned_enforcement,2.4950588329018557,5.747823099894956
521,Rural community,zoned_enforcement,3.671661220633027,8.584848168317636
521,Suburban community,zoned_enforcement,6.027071400178919,14.534201326670917
521,Urban community,zoned_enforcement,6.181269637422075,17.857906830112963
522,Protected land,zoned_enforcement,2.272660094822198,5.247098863541823
522,Rural community,zoned_enforcement,3.343656220310921,8.183033408000917
522,Suburban community,zoned_enforcement,5.5714685975574,14.280927610650693
522,Urban community,zoned_enforcement,6.864117165422705,17.508136049556036
523,Protected land,adaptive_curfew,2.4861935473292993,5.766160057184265
523,Rural community,zoned_enforcement,3.5077863747808395,8.644373752674175
523,Suburban community,zoned_enforcement,6.11707349817536,14.787771488604577
523,Urban community,zoned_enforcement,6.4351506347010865,18.234763780765025
524,Protected land,zoned_enforcement,2.2894385820320076,5.263514771654766
524,Rural community,zoned_enforcement,3.3447725000752184,8.198971794776968
524,Suburban community,zoned_enforcement,5.489780016920571,14.225520445326953
524,Urban community,zoned_enforcement,6.620400074472801,17.4803540035253
525,Protected land,zoned_enforcement,2.3257687005458436,5.325956072780168
525,Rural community,zoned_enforcement,3.238846158523831,8.070985693754523
525,Suburban community,zoned_enforcement,4.790998748982302,13.825027407567733
525,Urban community,zoned_enforcement,5.864076994899593,16.897054815455512
526,Protected land,adaptive_curfew,2.793404663896749,5.8004658985577615
526,Rural community,zoned_enforcement,4.229089477793181,9.081908054211196
526,Suburban community,zoned_enforcement,6.465421909875591,15.861830033250964
526,Urban community,zoned_enforcement,8.298779346706258,19.433662325925557
527,Protected land,zoned_enforcement,2.6771384035562993,5.742490894380968
527,Rural community,zoned_enforcement,3.2891956931357305,8.587393689638736
527,Suburban community,zoned_enforcement,6.149635304913101,14.617167323346752
527,Urban community,zoned_enforcement,7.213757437795461,18.040563259271508
528,Protected land,zoned_enforcement,2.4378748553442633,5.528632795654664
528,Rural community,zoned_enforcement,3.388881334426059,8.330778301496371
528,Suburban community,zoned_enforcement,5.721448263281976,14.192689926903002
528,Urban community,zoned_enforcement,5.938712739577914,17.41359263215384
529,Protected land,zoned_enforcement,2.5282672174905008,5.578017964304275
529,Rural community,zoned_enforcement,3.677558805526183,8.599459243522944
529,Suburban community,zoned_enforcement,5.347747490327649,14.872006403642125
529,Urban community,zoned_enforcement,7.013523012563706,18.217846137030218
530,Protected land,adaptive_curfew,2.48965258535714,5.48960783567381
530,Rural community,zoned_enforcement,3.509035712157017,8.522526833447168
530,Suburban community,zoned_enforcement,5.880299779172926,14.84469257194146
530,Urban community,zoned_enforcement,6.774702158180663,18.04494468148165
531,Protected land,adaptive_curfew,2.9961738285753423,6.078957132383553
531,Rural community,zoned_enforcement,4.155075862862046,9.194579005056868
531,Suburban community,zoned_enforcement,6.731310273428786,15.78092179934247
531,Urban community,zoned_enforcement,8.267244377234094,19.250792251880316
532,Protected land,adaptive_curfew,3.0204316775183075,6.113162721325313
532,Rural community,zoned_enforcement,4.3614359800599845,9.322444015767523
532,Suburban community,zoned_enforcement,6.427720322226161,16.16986412360317
532,Urban community,zoned_enforcement,8.295055590987383,19.930648074797546
533,Protected land,zoned_enforcement,2.811678399539601,5.98518894413333
533,Rural community,zoned_enforcement,3.711395735345068,8.992847892287582
533,Suburban community,zoned_enforcement,6.534701182189803,15.300580672495329
533,Urban community,zoned_enforcement,7.688866333137046,18.67501293711788
534,Protected land,zoned_enforcement,2.4564335378847657,5.585614496999317
534,Rural community,zoned_enforcement,3.220461577935417,8.364195191292536
534,Suburban community,zoned_enforcement,5.4914265349293,14.311792550342444
534,Urban community,zoned_enforcement,6.020224379958444,17.614899654807562
535,Protected land,zoned_enforcement,2.4363039989573227,5.384945433783458
535,Rural community,zoned_enforcement,3.2316097553980256,8.271295334904167
535,Suburban community,zoned_enforcement,6.001310801229609,14.386907567601625
535,Urban community,zoned_enforcement,6.566033446789577,17.625386666184443
536,Protected land,adaptive_curfew,2.5820736737170957,5.523775623770378
536,Rural community,zoned_enforcement,3.6331675103213046,8.608374661836555
536,Suburban community,zoned_enforcement,6.183733295036465,15.026695586959304
536,Urban community,zoned_enforcement,7.0086594715534005,18.420354510326263
537,Protected land,adaptive_curfew,2.850001413964077,6.1943179534154815
537,Rural community,zoned_enforcement,3.9987046226675576,9.27529615863093
537,Suburban community,adaptive_curfew,6.381469390886265,15.826133650587176
537,Urban community,zoned_enforcement,7.717319133757604,19.463780069210852
538,Protected land,zoned_enforcement,2.2669595295948204,5.36478890102097
538,Rural community,zoned_enforcement,3.312660968346231,8.32002090474167
538,Suburban community,zoned_enforcement,5.7173582249049435,14.395507207128801
538,Urban community,zoned_enforcement,6.323289844476012,17.617915765134818
539,Protected land,zoned_enforcement,2.4596448960071453,5.474081352450818
539,Rural community,zoned_enforcement,3.122566759551061,8.259487294633786
539,Suburban community,zoned_enforcement,5.442315063904569,14.177900993535959
539,Urban community,zoned_enforcement,6.471171942398314,17.432798008541806
540,Protected land,adaptive_curfew,2.46775155567644,5.590090792007948
540,Rural community,zoned_enforcement,3.3711759430796464,8.345360066494498
540,Suburban community,zoned_enforcement,5.476314507347789,14.14099686849326
540,Urban community,zoned_enforcement,5.498335650492033,17.276446135351904
541,Protected land,adaptive_curfew,3.152734711931741,6.408591528830645
541,Rural community,zoned_enforcement,4.483437193145442,9.671906792007146
541,Suburban community,zoned_enforcement,7.446300793939802,16.52862279356804
541,Urban community,zoned_enforcement,9.119313460276768,20.2943351094946
542,Protected land,zoned_enforcement,2.8095480346500863,6.17294033350943
542,Rural community,zoned_enforcement,4.258126084862918,9.357138349034834
542,Suburban community,adaptive_curfew,6.797524598281518,16.140582779341262
542,Urban community,zoned_enforcement,8.71606879090692,19.818330877637422
543,Protected land,zoned_enforcement,2.3277252835741202,5.206779831337183
543,Rural community,zoned_enforcement,3.036936178261648,7.8905553250187275
543,Suburban community,zoned_enforcement,4.542150030309344,13.527686828674016
543,Urban community,zoned_enforcement,5.07625788244242,16.629379591398315
544,Protected land,zoned_enforcement,2.5671277902673393,5.524281381709078
544,Rural community,zoned_enforcement,3.241075682140573,8.349065463725232
544,Suburban community,zoned_enforcement,5.598615624158583,14.298106646353522
544,Urban community,zoned_enforcement,6.095351847325832,17.489365093094943
545,Protected land,adaptive_curfew,2.261063818041859,5.388003088923564
545,Rural community,zoned_enforcement,3.0023795232798545,8.134175921336475
545,Suburban community,zoned_enforcement,5.132938738993042,13.867156140398068
545,Urban community,zoned_enforcement,5.506058674266226,16.95727326586017
546,Protected land,adaptive_curfew,2.1926345451193785,5.289293353368423
546,Rural community,zoned_enforcement,2.843626242181627,7.912503579000204
546,Suburban community,zoned_enforcement,4.494224468893853,13.499378771326215
546,Urban community,zoned_enforcement,5.616324898145281,16.5826336822406
547,Protected land,adaptive_curfew,2.416996060912632,5.496972623882748
547,Rural community,zoned_enforcement,3.446761415261969,8.475152403488195
547,Suburban community,zoned_enforcement,5.755045984195425,14.697730923367619
547,Urban community,zoned_enforcement,6.243729706017964,17.976419303511225
548,Protected land,adaptive_curfew,2.9436396303788945,6.176087320332716
548,Rural community,zoned_enforcement,4.377703463597365,9.4085465496047
548,Suburban community,zoned_enforcement,7.107224144853975,16.242927482999793
548,Urban community,zoned_enforcement,8.546207287250727,19.87536193442384
549,Protected land,zoned_enforcement,2.444557170018725,5.346170166565357
549,Rural community,zoned_enforcement,3.1711019066037416,8.14123228451937
549,Suburban community,zoned_enforcement,5.246510097312957,13.969611351890581
549,Urban community,zoned_enforcement,6.099300860885762,17.089933293884965
550,Protected land,zoned_enforcement,2.7192163067138218,5.926782039352072
550,Rural community,adaptive_curfew,3.7725272945610158,9.150918927551169
550,Suburban community,zoned_enforcement,6.598983739136054,15.83737936601311
550,Urban community,zoned_enforcement,8.637816521037221,19.472458099216343
551,Protected land,zoned_enforcement,2.7473592725837754,5.914529657623616
551,Rural community,zoned_enforcement,3.7772936472071326,8.85246450226599
551,Suburban community,zoned_enforcement,5.802831317408097,15.04404023424916
551,Urban community,zoned_enforcement,6.713816816106297,18.506897511511166
552,Protected land,zoned_enforcement,2.292120109665948,4.930704827545643
552,Rural community,zoned_enforcement,2.9539736487806225,7.706945159301147
552,Suburban community,zoned_enforcement,5.135495369523834,13.506235361486867
552,Urban community,zoned_enforcement,5.9247987323577185,16.632399894124823
553,Protected land,adaptive_curfew,2.963290032426136,6.054098164907783
553,Rural community,zoned_enforcement,3.7995740835242486,9.044661207107021
553,Suburban community,zoned_enforcement,6.349112563072609,15.385806127601898
553,Urban community,zoned_enforcement,7.361995455222553,18.82235072669401
554,Protected land,adaptive_curfew,3.2168942230648696,6.372902500234417
554,Rural community,zoned_enforcement,4.031841599616844,9.509874035811267
554,Suburban community,adaptive_curfew,6.638480948730976,16.048444923097755
554,Urban community,zoned_enforcement,8.14713864459744,19.637874443558022
555,Protected land,adaptive_curfew,2.287862179630826,5.35454794508536
555,Rural community,zoned_enforcement,3.4022989352839925,8.227331847492708
555,Suburban community,zoned_enforcement,5.6584206138357676,14.254990509043703
555,Urban community,zoned_enforcement,6.33404045557425,17.536304916284223
556,Protected land,adaptive_curfew,2.258691437209875,5.17973238226168
556,Rural community,zoned_enforcement,3.2036864383747714,8.035638190822082
556,Suburban community,zoned_enforcement,5.1313093873559215,14.027766912243445
556,Urban community,zoned_enforcement,6.006345331650795,17.152824670079315
557,Protected land,zoned_enforcement,2.712488711662652,5.824227794001543
557,Rural community,zoned_enforcement,3.782310035504362,8.85348533516491
557,Suburban community,zoned_enforcement,6.2309702282912,15.347901452948687
557,Urban community,zoned_enforcement,7.356484541634261,18.86662172622208
558,Protected land,zoned_enforcement,2.484903862681933,5.587554834717596
558,Rural community,zoned_enforcement,3.11994316345298,8.239842125793471
558,Suburban community,zoned_enforcement,5.371527524558527,13.942691461023852
558,Urban community,zoned_enforcement,5.505256397215344,17.131605636900833
559,Protected land,zoned_enforcement,2.709132291652421,5.729210752462414
559,Rural community,zoned_enforcement,3.6524334401640592,8.634640733984995
559,Suburban community,zoned_enforcement,6.177293716362385,14.78970350300391
559,Urban community,zoned_enforcement,6.4823963732646295,18.201872500020748
560,Protected land,zoned_enforcement,2.873705713548092,5.955111524879652
560,Rural community,zoned_enforcement,4.087856513509325,9.110304785919281
560,Suburban community,zoned_enforcement,6.632235812002252,15.740084925546121
560,Urban community,zoned_enforcement,7.708331192468098,19.3019088071657
561,Protected land,zoned_enforcement,2.0123002456228503,4.7062842116946735
561,Rural community,zoned_enforcement,2.510803701577693,7.408041512349099
561,Suburban community,zoned_enforcement,4.576402175121801,13.106188912667193
561,Urban community,zoned_enforcement,4.921556005523733,16.133216321485595
562,Protected land,zoned_enforcement,2.215432140792935,5.33201643803096
562,Rural community,zoned_enforcement,3.119052899962142,8.047992694434205
562,Suburban community,zoned_enforcement,5.012809579035528,13.711379126646573
562,Urban community,zoned_enforcement,5.847247532101843,16.819357791167842
563,Protected land,adaptive_curfew,2.9037110923295866,6.051055190364164
563,Rural community,zoned_enforcement,4.460512316382535,9.350488404706576
563,Suburban community,zoned_enforcement,6.623959366277846,16.22054300526748
563,Urban community,zoned_enforcement,9.134275862461514,19.9540928277682
564,Protected land,adaptive_curfew,2.14705165531765,5.235173191837295
564,Rural community,zoned_enforcement,2.680345988328428,7.821288871342813
564,Suburban community,zoned_enforcement,4.419698053973432,13.286015945708417
564,Urban community,zoned_enforcement,5.342611363867714,16.284458750935816
565,Protected land,zoned_enforcement,2.870529976599477,5.858631731959453
565,Rural community,zoned_enforcement,4.424057553475378,9.230109021477597
565,Suburban community,zoned_enforcement,6.893264795799869,16.238611314811497
565,Urban community,zoned_enforcement,8.50442522720185,19.873931494712576
566,Protected land,zoned_enforcement,2.6636366937436087,5.8589056471401015
566,Rural community,zoned_enforcement,3.7344784054205,8.844719106262222
566,Suburban community,zoned_enforcement,6.216279733200439,15.063187200253934
566,Urban community,zoned_enforcement,6.991725806002696,18.449607163879634
567,Protected land,zoned_enforcement,2.6318038275311633,5.696996352351832
567,Rural community,zoned_enforcement,3.1405893982723505,8.425299422491662
567,Suburban community,zoned_enforcement,5.286589234548545,14.172144220071972
567,Urban community,zoned_enforcement,5.665111135313953,17.3585989504012
568,Protected land,adaptive_curfew,3.0181791673576406,6.043676025175223
568,Rural community,zoned_enforcement,4.439281508385657,9.383047283109052
568,Suburban community,zoned_enforcement,7.132011921037668,16.406660881653966
568,Urban community,zoned_enforcement,8.812078741716208,20.123812097551042
569,Protected land,adaptive_curfew,2.8467303091925404,5.964630185714563
569,Rural community,zoned_enforcement,4.0808434443038255,9.102483792824362
569,Suburban community,zoned_enforcement,6.9935137239327165,15.712061534068253
569,Urban community,zoned_enforcement,7.914897163223751,19.264801810303833
570,Protected land,zoned_enforcement,2.8219896113060168,5.991203478292966
570,Rural community,zoned_enforcement,3.982877884498877,9.13381919093947
570,Suburban community,zoned_enforcement,6.867819367509432,15.6281771464032
570,Urban community,zoned_enforcement,7.808743804409481,19.08750356581922
571,Protected land,zoned_enforcement,2.6031320810997753,5.804811559192483
571,Rural community,zoned_enforcement,3.8186796450815743,8.84351914080779
571,Suburban community,zoned_enforcement,6.031564607186841,15.222655642698546
571,Urban community,zoned_enforcement,6.952901923539381,18.764821913779024
572,Protected land,adaptive_curfew,2.349456297173932,5.374304769843585
572,Rural community,zoned_enforcement,2.8487974184368294,8.076127716320809
572,Suburban community,zoned_enforcement,4.931375013797307,13.866116762243891
572,Urban community,zoned_enforcement,5.49256499505141,17.102553943316796
573,Protected land,zoned_enforcement,2.014762227488725,4.88507949071018
573,Rural community,zoned_enforcement,2.8321090203928136,7.6840633616985246
573,Suburban community,zoned_enforcement,4.740346458476791,13.546838800333596
573,Urban community,zoned_enforcement,5.545684670171688,16.605900545923138
574,Protected land,adaptive_curfew,3.233339654388811,6.576856458461582
574,Rural community,adaptive_curfew,4.530336689298938,9.755200682017623
574,Suburban community,zoned_enforcement,7.292608282372246,16.517160399868626
574,Urban community,adaptive_curfew,8.147388681164028,20.202537247974963
575,Protected land,adaptive_curfew,3.020854119876724,6.330164911339418
575,Rural community,adaptive_curfew,4.181364357183254,9.471233912178171
575,Suburban community,adaptive_curfew,7.049885644541893,16.164639922101607
575,Urban community,zoned_enforcement,8.285952092960333,19.725748267697586
576,Protected land,adaptive_curfew,2.5370746223750977,5.489146859763585
576,Rural community,zoned_enforcement,3.3354903971307177,8.43743867478062
576,Suburban community,zoned_enforcement,5.740517886737477,14.704614047556397
576,Urban community,zoned_enforcement,6.710061695765928,18.030707264904965
577,Protected land,zoned_enforcement,2.6995611476311945,5.741168474187992
577,Rural community,zoned_enforcement,3.6956834589918124,8.799957594613362
577,Suburban community,zoned_enforcement,6.484314321591507,15.15166837357512
577,Urban community,zoned_enforcement,7.422378573609709,18.596547884559218
578,Protected land,adaptive_curfew,2.2417096272274337,5.200820137688983
578,Rural community,zoned_enforcement,3.1397881338628064,8.12652076063961
578,Suburban community,zoned_enforcement,5.379305160789501,14.257986388223445
578,Urban community,zoned_enforcement,6.078376180104232,17.499383372913066
579,Protected land,zoned_enforcement,2.066261230165683,4.724691794015185
579,Rural community,zoned_enforcement,2.7285150378263037,7.447432585203079
579,Suburban community,zoned_enforcement,4.67080937813788,13.126765075020602
579,Urban community,zoned_enforcement,5.143525043538526,16.09397812832259
580,Protected land,adaptive_curfew,3.1766848889281007,6.425910702841161
580,Rural community,zoned_enforcement,4.522237923706631,9.712599329606306
580,Suburban community,adaptive_curfew,7.128754117073724,16.540125142612975
580,Urban community,zoned_enforcement,8.763123636368132,20.213400566201738
581,Protected land,zoned_enforcement,2.972125284940975,6.209446356241779
581,Rural community,zoned_enforcement,4.29306885322191,9.370392271154468
581,Suburban community,zoned_enforcement,7.061448214759503,16.019547384224662
581,Urban community,zoned_enforcement,8.55827902765929,19.66039430658978
582,Protected land,adaptive_curfew,2.320782987393896,5.523365689601812
582,Rural community,zoned_enforcement,3.0347778334311997,8.28597986259941
582,Suburban community,zoned_enforcement,5.0208656214779275,14.190253554123158
582,Urban community,zoned_enforcement,6.232302952956696,17.538511223966
583,Protected land,zoned_enforcement,2.1975046592480405,5.163153042152803
583,Rural community,zoned_enforcement,2.855165108179322,7.758453269946452
583,Suburban community,zoned_enforcement,4.7791598786375715,13.316070299291022
583,Urban community,zoned_enforcement,4.952351506452036,16.39342902502727
584,Protected land,adaptive_curfew,2.6194194184996387,5.690514187641018
584,Rural community,zoned_enforcement,4.066698651142446,8.824807702980214
584,Suburban community,zoned_enforcement,6.225412674963373,15.379659600643475
584,Urban community,zoned_enforcement,7.496204625861456,18.925251671952132
585,Protected land,adaptive_curfew,2.720197669030624,5.6997472760885985
585,Rural community,zoned_enforcement,3.939937733370508,8.893999000210137
585,Suburban community,adaptive_curfew,6.367104959614553,15.641956926449987
585,Urban community,zoned_enforcement,7.800718536968617,19.112425962765446
586,Protected land,zoned_enforcement,2.419180046231377,5.334855723735312
586,Rural community,zoned_enforcement,3.367788105273152,8.19642941590269
586,Suburban community,zoned_enforcement,5.415859392486441,14.21574018103823
586,Urban community,zoned_enforcement,6.091859820906588,17.568387001274502
587,Protected land,adaptive_curfew,3.174238221017192,6.478469338306149
587,Rural community,zoned_enforcement,4.465655658309964,9.72608578663827
587,Suburban community,zoned_enforcement,7.427730607558848,16.510529187039623
587,Urban community,zoned_enforcement,8.92824762040328,20.26023877255621
588,Protected land,zoned_enforcement,2.6653000952447754,5.900079233807315
588,Rural community,zoned_enforcement,4.026657343404996,9.064531255899638
588,Suburban community,zoned_enforcement,6.318121956809749,15.611920853527836
588,Urban community,zoned_enforcement,7.082231421917907,19.075286566836578
589,Protected land,zoned_enforcement,2.8210414177251266,5.95367061864887
589,Rural community,zoned_enforcement,4.2201748349135455,9.201873263748404
589,Suburban community,zoned_enforcement,7.026648173813996,16.06133184219744
589,Urban community,zoned_enforcement,7.859358687562878,19.662775019730258
590,Protected land,zoned_enforcement,2.444026909605469,5.4798372883916056
590,Rural community,zoned_enforcement,3.5715701737631855,8.477603672394771
590,Suburban community,zoned_enforcement,5.581679445182061,14.70089003022051
590,Urban community,zoned_enforcement,6.497822153578918,17.90857195233707
591,Protected land,zoned_enforcement,2.555874171829095,5.615547416628891
591,Rural community,zoned_enforcement,3.4374978622426795,8.679865601440511
591,Suburban community,zoned_enforcement,5.900673095902556,15.138171377536905
591,Urban community,zoned_enforcement,7.199712579399149,18.5322055795045
592,Protected land,zoned_enforcement,2.062563294290405,4.882647495396992
592,Rural community,zoned_enforcement,2.8148428211537073,7.637406622627191
592,Suburban community,zoned_enforcement,5.0777395751253955,13.48094073743818
592,Urban community,zoned_enforcement,5.571614066337251,16.56022002617266
593,Protected land,adaptive_curfew,3.0052549067121874,6.282327013113543
593,Rural community,zoned_enforcement,4.142742449132916,9.361960242151104
593,Suburban community,zoned_enforcement,6.533933082989876,15.907975294152854
593,Urban community,zoned_enforcement,7.871157780518942,19.50705224292769
594,Protected land,zoned_enforcement,2.7352451818406904,5.89983220237408
594,Rural community,zoned_enforcement,4.049991947911706,9.080655836117534
594,Suburban community,zoned_enforcement,6.606205327272331,15.714712813703875
594,Urban community,zoned_enforcement,7.999718188156596,19.31727361578269
595,Protected land,zoned_enforcement,2.9410690706134965,6.046315032323089
595,Rural community,zoned_enforcement,4.020117482060322,9.256812988534618
595,Suburban community,zoned_enforcement,6.852536720484926,16.042105023927025
595,Urban community,zoned_enforcement,8.183657818081928,19.651282547740763
596,Protected land,zoned_enforcement,2.489419290144445,5.4482140271779755
596,Rural community,zoned_enforcement,3.629984724460983,8.31996657561678
596,Suburban community,zoned_enforcement,5.555801685174716,14.395611061856073
596,Urban community,zoned_enforcement,6.506133012182442,17.683558058822932
597,Protected land,adaptive_curfew,2.307254310266474,5.251462384347074
597,Rural community,zoned_enforcement,3.0428276549578053,8.206634585300078
597,Suburban community,zoned_enforcement,5.711985554731459,14.347233440570859
597,Urban community,zoned_enforcement,6.5316619849226765,17.508370446666824
598,Protected land,zoned_enforcement,2.3051402643458268,5.227706134910639
598,Rural community,zoned_enforcement,2.983091611784915,8.030395935211923
598,Suburban community,zoned_enforcement,4.7416756245768195,13.89530544767982
598,Urban community,zoned_enforcement,5.639338521390835,16.899783841249118
599,Protected land,zoned_enforcement,2.2197657548836314,5.13840411665735
599,Rural community,zoned_enforcement,3.2997018266242284,7.964559926003659
599,Suburban community,zoned_enforcement,5.028483522823665,13.852716871296774
599,Urban community,zoned_enforcement,6.311264812694361,16.987504161969056
600,Protected land,zoned_enforcement,2.786891494000111,5.796601277150155
600,Rural community,zoned_enforcement,3.626667558952704,8.791725886168514
600,Suburban community,zoned_enforcement,6.22787814943805,14.979566446034942
600,Urban community,zoned_enforcement,6.856764657032558,18.330137162015173
601,Protected land,zoned_enforcement,2.6261797832272187,5.847196541235049
601,Rural community,zoned_enforcement,4.127993124281501,9.15379593658267
601,Suburban community,zoned_enforcement,7.203768706210814,16.0715781215975
601,Urban community,zoned_enforcement,8.493811398246232,19.71674379282303
602,Protected land,zoned_enforcement,2.435901488229474,5.4419006653334625
602,Rural community,zoned_enforcement,3.403308592719732,8.375719477365033
602,Suburban community,zoned_enforcement,5.552408820132932,14.521113348513243
602,Urban community,zoned_enforcement,6.142231636540677,17.89655924445607
603,Protected land,adaptive_curfew,2.35665624865365,5.45313435607939
603,Rural community,zoned_enforcement,3.002678930237325,8.156619781307658
603,Suburban community,zoned_enforcement,5.148721193038323,13.906193448640405
603,Urban community,zoned_enforcement,5.432703486449412,16.956630888476766
604,Protected land,zoned_enforcement,2.762974026618149,5.901872163983527
604,Rural community,zoned_enforcement,3.550976902602873,8.71576567072597
604,Suburban community,zoned_enforcement,5.740666142974437,14.771357141232807
604,Urban community,zoned_enforcement,6.2673138059244415,18.17618490573146
605,Protected land,adaptive_curfew,3.076436692029086,6.146710561161088
605,Rural community,zoned_enforcement,4.4627719927361165,9.477873892412058
605,Suburban community,zoned_enforcement,7.106273216161137,16.503059322393025
605,Urban community,zoned_enforcement,8.768840445432453,20.264573061929962
606,Protected land,zoned_enforcement,2.6985473377694644,5.743507700508325
606,Rural community,zoned_enforcement,3.9577717906054746,8.875666858133847
606,Suburban community,zoned_enforcement,6.355443739634749,15.473913279033024
606,Urban community,adaptive_curfew,6.8897888452672245,18.965401878045128
607,Protected land,adaptive_curfew,2.659996973738199,5.896747679852821
607,Rural community,zoned_enforcement,3.8250687732991953,8.886673347731575
607,Suburban community,zoned_enforcement,6.2957595385061165,15.266953218612672
607,Urban community,zoned_enforcement,6.8992423154907065,18.650645899258496
608,Protected land,zoned_enforcement,2.7179818021142466,5.794520204881876
608,Rural community,zoned_enforcement,3.991425176476154,8.952952555959335
608,Suburban community,zoned_enforcement,6.721560811613722,15.629848354367432
608,Urban community,zoned_enforcement,7.517885454207994,19.253394368706157
609,Protected land,adaptive_curfew,2.762053277759446,5.991031220995604
609,Rural community,zoned_enforcement,3.7523056529480776,8.933415370154805
609,Suburban community,zoned_enforcement,6.282705763240532,15.123292346650874
609,Urban community,zoned_enforcement,7.2960920880290026,18.59216168219417
610,Protected land,adaptive_curfew,2.6527626299846894,5.817458204585815
610,Rural community,zoned_enforcement,3.9744084118748075,9.039766582536666
610,Suburban community,zoned_enforcement,6.352045337289624,15.668863192970084
610,Urban community,zoned_enforcement,8.295944729916604,19.112219855530796
611,Protected land,zoned_enforcement,2.643235586335812,5.646757502695508
611,Rural community,zoned_enforcement,3.816732290014909,8.710398322978994
611,Suburban community,zoned_enforcement,6.107773111020325,15.23060472674114
611,Urban community,zoned_enforcement,6.873928520654424,18.805273307322324
612,Protected land,adaptive_curfew,3.1336443079632406,6.251859030067738
612,Rural community,adaptive_curfew,4.318790953858651,9.563952248766492
612,Suburban community,adaptive_curfew,7.545537477123547,16.60521961006925
612,Urban community,zoned_enforcement,8.829259337890289,20.307167062874456
613,Protected land,zoned_enforcement,2.519584198087284,5.642357477272778
613,Rural community,zoned_enforcement,3.370212547934262,8.443914078781209
613,Suburban community,zoned_enforcement,5.06866461470622,14.407158081514154
613,Urban community,zoned_enforcement,6.240404984881071,17.55042680400939
614,Protected land,zoned_enforcement,2.1976718226023317,5.131201033292515
614,Rural community,zoned_enforcement,3.214168641993,8.036236000157167
614,Suburban community,zoned_enforcement,5.666435781546767,14.088405190748066
614,Urban community,zoned_enforcement,6.714384684715624,17.231225602756993
615,Protected land,zoned_enforcement,2.3155122142322058,5.1516482264765235
615,Rural community,zoned_enforcement,3.3841681714873735,8.081666215452776
615,Suburban community,zoned_enforcement,5.470371718734588,14.125484165438904
615,Urban community,zoned_enforcement,6.050596363300359,17.20757977666254
616,Protected land,adaptive_curfew,2.2387781817994536,5.128009482101179
616,Rural community,zoned_enforcement,3.1400322003367114,8.03771195511814
616,Suburban community,zoned_enforcement,5.151316865105533,14.114497399968561
616,Urban community,zoned_enforcement,5.786335934680231,17.324640017044384
617,Protected land,zoned_enforcement,2.303603246860772,5.224185884341526
617,Rural community,zoned_enforcement,3.211922276061914,8.05421334625974
617,Suburban community,zoned_enforcement,5.323284394363968,14.0005842032129
617,Urban community,zoned_enforcement,5.787690528524276,17.21549240238879
618,Protected land,zoned_enforcement,2.570935183730212,5.478447175351523
618,Rural community,zoned_enforcement,3.5154872720954327,8.465016048495224
618,Suburban community,zoned_enforcement,5.97723391786794,14.729196938352171
618,Urban community,zoned_enforcement,7.018256788638274,18.14366128676368
619,Protected land,adaptive_curfew,2.589904625821349,5.908172854277448
619,Rural community,zoned_enforcement,3.7954456964140677,8.865041167852922
619,Suburban community,zoned_enforcement,6.05980923981781,15.002688494313453
619,Urban community,zoned_enforcement,6.882025734825394,18.338492950368774
620,Protected land,zoned_enforcement,2.4764560659120454,5.488266359576604
620,Rural community,zoned_enforcement,3.6144470081760156,8.518555155789857
620,Suburban community,zoned_enforcement,5.915485477058109,14.806824871571505
620,Urban community,zoned_enforcement,6.831948675242806,18.123114187106857
621,Protected land,zoned_enforcement,2.2425740868603214,5.039536303596302
621,Rural community,zoned_enforcement,2.7933884688218855,7.6975102037133425
621,Suburban community,zoned_enforcement,5.03303491928137,13.324189336003393
621,Urban community,zoned_enforcement,5.334602847199671,16.304188983783103
622,Protected land,adaptive_curfew,2.6088105756050908,5.628494037633228
622,Rural community,zoned_enforcement,3.646830137750734,8.855710302618034
622,Suburban community,zoned_enforcement,6.924453578372773,15.673879089165338
622,Urban community,zoned_enforcement,7.750100907548568,19.250667300560067
623,Protected land,zoned_enforcement,2.721804761067367,5.855419055093853
623,Rural community,zoned_enforcement,3.9271777119294162,8.929834622637694
623,Suburban community,zoned_enforcement,6.598016744858247,15.35039261772565
623,Urban community,zoned_enforcement,7.516148822931864,18.801747025124254
624,Protected land,adaptive_curfew,2.464294369705439,5.389587124819644
624,Rural community,zoned_enforcement,3.1757532436404983,8.142996173134549
624,Suburban community,zoned_enforcement,5.578503214548595,13.959314214273528
624,Urban community,zoned_enforcement,5.9554145140034365,17.228540851113046
625,Protected land,zoned_enforcement,2.5790785784029513,5.492073086022006
625,Rural community,zoned_enforcement,3.8527870686672054,8.545268073903209
625,Suburban community,zoned_enforcement,5.781008495540091,14.908549348234711
625,Urban community,zoned_enforcement,7.18088644060601,18.243272412987587
626,Protected land,zoned_enforcement,2.4188860392099394,5.29700036206849
626,Rural community,zoned_enforcement,3.298428414630414,8.260713583747139
626,Suburban community,zoned_enforcement,5.829384411549766,14.3622395699156
626,Urban community,zoned_enforcement,6.832007298113936,17.634995679048554
627,Protected land,adaptive_curfew,2.8265981626401335,6.198304211546158
627,Rural community,adaptive_curfew,3.8807752704358336,9.161498645579398
627,Suburban community,zoned_enforcement,6.591739937672314,15.514357204120808
627,Urban community,zoned_enforcement,7.7203403142289595,18.959021720997786
628,Protected land,zoned_enforcement,2.9607653705601074,6.184591888580011
628,Rural community,zoned_enforcement,4.282325223198337,9.474269527176917
628,Suburban community,zoned_enforcement,7.6735017035625415,16.475623620770644
628,Urban community,zoned_enforcement,9.213843326224367,20.386254922289655
629,Protected land,zoned_enforcement,2.175151306845568,5.181940772780029
629,Rural community,zoned_enforcement,2.88941468138591,7.918063432561164
629,Suburban community,zoned_enforcement,5.343400377245699,13.58903717087907
629,Urban community,zoned_enforcement,5.737537176293072,16.631799927078415
630,Protected land,adaptive_curfew,2.5713289629174807,5.491885385670397
630,Rural community,zoned_enforcement,3.584604096392657,8.545482195361624
630,Suburban community,zoned_enforcement,5.787402514067285,14.851962035987137
630,Urban community,zoned_enforcement,6.997525899463797,18.097573743045064
631,Protected land,adaptive_curfew,2.973768151016824,6.252521679523287
631,Rural community,zoned_enforcement,4.502801578804623,9.572484587534312
631,Suburban community,zoned_enforcement,7.48455797649639,16.53398727377675
631,Urban community,zoned_enforcement,8.65023760646023,20.18585870638377
632,Protected land,adaptive_curfew,3.254157917421936,6.409063858658098
632,Rural community,zoned_enforcement,4.573422418310012,9.649410115297473
632,Suburban community,zoned_enforcement,7.375588452450508,16.441282682000388
632,Urban community,zoned_enforcement,8.424226288974333,20.154550612309777
633,Protected land,zoned_enforcement,2.5035521355733,5.271746220329548
633,Rural community,zoned_enforcement,3.2219816897290583,8.176414993633834
633,Suburban community,zoned_enforcement,5.176682545396785,14.20360139210643
633,Urban community,zoned_enforcement,5.722434933570497,17.300255186977402
634,Protected land,zoned_enforcement,2.2056282888698333,5.196171423459499
634,Rural community,zoned_enforcement,3.094971332650702,7.962807815844402
634,Suburban community,zoned_enforcement,4.8473241860265155,13.76287652327551
634,Urban community,zoned_enforcement,5.827223365066496,16.747477019563167
635,Protected land,zoned_enforcement,2.7721648672635184,6.136919260854966
635,Rural community,zoned_enforcement,4.004640702551861,9.156057209637249
635,Suburban community,zoned_enforcement,6.1409537677616015,15.468908861358996
635,Urban community,zoned_enforcement,7.265669305240175,18.922415878323072
636,Protected land,zoned_enforcement,2.009014674076992,4.913478476783242
636,Rural community,zoned_enforcement,2.855589328776537,7.60197565166292
636,Suburban community,shielded_warm,4.231829667080312,13.179852389172936
636,Urban community,zoned_enforcement,4.9056948483173635,16.144149861587106
637,Protected land,zoned_enforcement,2.3643830905184706,5.446372055454278
637,Rural community,zoned_enforcement,2.7092261499626415,7.9882263525442365
637,Suburban community,zoned_enforcement,4.663481093357792,13.395913123053507
637,Urban community,zoned_enforcement,5.501792090137618,16.41177461362852
638,Protected land,zoned_enforcement,2.7559328618951557,5.763581393407495
638,Rural community,zoned_enforcement,4.123013777415376,9.061439695009259
638,Suburban community,zoned_enforcement,6.85125803311165,15.961873938734241
638,Urban community,zoned_enforcement,8.453878854737804,19.579774033393708
639,Protected land,adaptive_curfew,2.387981658191643,5.266543187675404
639,Rural community,zoned_enforcement,3.308577499208173,8.302628356239742
639,Suburban community,zoned_enforcement,5.598706184028151,14.567889761836517
639,Urban community,zoned_enforcement,6.898434589241168,17.914208513458703
640,Protected land,zoned_enforcement,2.9674117150412833,6.216911773430691
640,Rural community,zoned_enforcement,4.1058854802415645,9.288302174379577
640,Suburban community,adaptive_curfew,6.408185934436732,15.737845995719347
640,Urban community,zoned_enforcement,7.650341243070931,19.254477611049484
641,Protected land,zoned_enforcement,2.2259589103107595,5.341692806614804
641,Rural community,zoned_enforcement,2.9928455907165477,8.039850269464832
641,Suburban community,zoned_enforcement,4.715852932875244,13.766785400835985
641,Urban community,zoned_enforcement,5.942724558793387,16.8410298067621
642,Protected land,zoned_enforcement,2.450545686568118,5.322615691580955
642,Rural community,zoned_enforcement,3.0927588275856,8.223908770510285
642,Suburban community,zoned_enforcement,5.310999270451296,14.389937570674757
642,Urban community,zoned_enforcement,6.274527959549193,17.661891759437484
643,Protected land,adaptive_curfew,2.980328502643322,6.078857813637622
643,Rural community,zoned_enforcement,4.006559022549713,9.187012209525662
643,Suburban community,zoned_enforcement,6.688402415843649,15.761149799832166
643,Urban community,zoned_enforcement,7.9613446480741725,19.42569753543384
644,Protected land,zoned_enforcement,2.678552360926712,5.836051772795971
644,Rural community,zoned_enforcement,3.9327133144129593,9.049773385889596
644,Suburban community,zoned_enforcement,6.786765973510411,15.803264890132146
644,Urban community,zoned_enforcement,7.454970174467263,19.37239914685117
645,Protected land,adaptive_curfew,2.7630597623078543,6.156041834052499
645,Rural community,zoned_enforcement,4.2313000469763535,9.32040176358808
645,Suburban community,zoned_enforcement,6.854830806783648,15.884360624582838
645,Urban community,zoned_enforcement,7.955843580609997,19.420509713458173
646,Protected land,zoned_enforcement,3.064638427136029,6.227127553519007
646,Rural community,adaptive_curfew,4.074654664809278,9.548616933781828
646,Suburban community,zoned_enforcement,7.201827652071593,16.482884002659816
646,Urban community,zoned_enforcement,8.56387918773231,20.13639375649955
647,Protected land,zoned_enforcement,2.733951403549945,5.995446017337054
647,Rural community,zoned_enforcement,4.043123716128081,9.115852604373927
647,Suburban community,zoned_enforcement,6.743438320130657,15.715480482102231
647,Urban community,zoned_enforcement,7.454247855067306,19.347444125124635
648,Protected land,adaptive_curfew,2.246880605935895,5.21810409928956
648,Rural community,zoned_enforcement,3.242299668471051,8.22682566133016
648,Suburban community,zoned_enforcement,5.501281423329232,14.430894898247407
648,Urban community,zoned_enforcement,6.4904337330883575,17.703821259027418
649,Protected land,adaptive_curfew,2.823275010592975,5.904056733759798
649,Rural community,zoned_enforcement,3.667304111394884,8.859670541097254
649,Suburban community,zoned_enforcement,6.150953705651068,15.20084420042961
649,Urban community,zoned_enforcement,7.626572886439133,18.796548707826815
650,Protected land,zoned_enforcement,2.8854683149177682,5.9969496940593015
650,Rural community,zoned_enforcement,3.8244348030690043,9.058936688073349
650,Suburban community,zoned_enforcement,6.526980610292117,15.531630613821346
650,Urban community,zoned_enforcement,7.5832641187482945,19.088914772053993
651,Protected land,zoned_enforcement,2.3045472104220526,5.2244595922180475
651,Rural community,zoned_enforcement,3.123513200808894,8.056263766521903
651,Suburban community,zoned_enforcement,5.119876382134219,14.011533951772595
651,Urban community,zoned_enforcement,6.183561191640601,17.25922161288968
652,Protected land,adaptive_curfew,2.4305625941101594,5.47391413067703
652,Rural community,zoned_enforcement,3.502986037004158,8.371552673732335
652,Suburban community,zoned_enforcement,5.480386454331969,14.508132710039687
652,Urban community,zoned_enforcement,6.658213844012106,17.93267311273475
653,Protected land,adaptive_curfew,2.7381473352775267,5.868832418059118
653,Rural community,zoned_enforcement,3.7205971076519475,8.917904006802207
653,Suburban community,adaptive_curfew,5.984369832314304,15.346699232139969
653,Urban community,zoned_enforcement,7.796768767695744,18.77102351716527
654,Protected land,zoned_enforcement,2.5128730730229636,5.586100881655234
654,Rural community,zoned_enforcement,3.184830731405781,8.40199943824292
654,Suburban community,zoned_enforcement,5.724842013131475,14.285325920007038
654,Urban community,zoned_enforcement,6.1979468371750865,17.494448475797082
655,Protected land,adaptive_curfew,2.6303932528342138,5.82317699139857
655,Rural community,zoned_enforcement,4.014669408199432,8.997104416688522
655,Suburban community,zoned_enforcement,6.3856184739277815,15.725884168688363
655,Urban community,zoned_enforcement,8.025232165812936,19.287723055949634
656,Protected land,zoned_enforcement,2.4193237290262775,5.275962849393906
656,Rural community,shielded_warm,2.6413578160830475,7.898141676668104
656,Suburban community,zoned_enforcement,4.851351924919257,13.402766744211814
656,Urban community,zoned_enforcement,5.713246123574285,16.40494628112982
657,Protected land,zoned_enforcement,2.6948254702760512,5.9301197028932755
657,Rural community,adaptive_curfew,3.9405430930721357,9.128306615579888
657,Suburban community,adaptive_curfew,6.811250046683869,15.835540973638002
657,Urban community,zoned_enforcement,8.022913398448384,19.422524703530225
658,Protected land,adaptive_curfew,3.0076259411408746,6.233651512859445
658,Rural community,zoned_enforcement,4.41989947775928,9.531438045596307
658,Suburban community,adaptive_curfew,7.216819298729824,16.530108611419422
658,Urban community,zoned_enforcement,8.535668821536895,20.384313707316064
659,Protected land,zoned_enforcement,2.5678988890761536,5.52413411230133
659,Rural community,zoned_enforcement,3.3221474002642513,8.388483831782514
659,Suburban community,zoned_enforcement,5.391241960278027,14.460001569424488
659,Urban community,zoned_enforcement,6.222339616640415,17.713827597793756
660,Protected land,zoned_enforcement,2.4447926748156785,5.5249985453488115
660,Rural community,zoned_enforcement,3.5952110362346525,8.47489024258504
660,Suburban community,zoned_enforcement,6.0532137485374715,14.647395523028495
660,Urban community,zoned_enforcement,6.701263482590756,17.99326202210111
661,Protected land,zoned_enforcement,2.127981272059184,5.029471935162343
661,Rural community,zoned_enforcement,2.9924369253874534,7.713496799209666
661,Suburban community,zoned_enforcement,4.8373008832332705,13.377083146631286
661,Urban community,zoned_enforcement,5.286715522854209,16.434959609861856
662,Protected land,adaptive_curfew,2.9215956756718837,5.958892091396479
662,Rural community,zoned_enforcement,4.21941005613003,9.186813304587515
662,Suburban community,zoned_enforcement,7.059923756856961,16.01937096711243
662,Urban community,zoned_enforcement,7.64020306423115,19.693493101684833
663,Protected land,zoned_enforcement,2.317383180965048,5.339482792447996
663,Rural community,zoned_enforcement,3.1669670325016694,8.139044711575405
663,Suburban community,zoned_enforcement,5.288603701274267,13.991793584969864
663,Urban community,zoned_enforcement,5.80978388871239,17.0732517212096
664,Protected land,zoned_enforcement,2.4120664516239985,5.530806507942847
664,Rural community,zoned_enforcement,3.291338968056013,8.33039566536038
664,Suburban community,zoned_enforcement,5.421146384556696,14.31318981930586
664,Urban community,zoned_enforcement,6.310683580646385,17.487553488172384
665,Protected land,zoned_enforcement,2.9161432473127635,5.909843245859276
665,Rural community,zoned_enforcement,4.421522307481213,9.260423022534127
665,Suburban community,zoned_enforcement,7.3770022663054515,16.18392763363895
665,Urban community,zoned_enforcement,8.25519947612056,19.910513643077678
666,Protected land,zoned_enforcement,2.5419029982313384,5.549592699505006
666,Rural community,zoned_enforcement,3.083797541408826,8.29740332595141
666,Suburban community,zoned_enforcement,5.38852574787207,14.18732291793956
666,Urban community,zoned_enforcement,6.557327726447921,17.419587925679732
667,Protected land,adaptive_curfew,2.4747204798959213,5.379038867752136
667,Rural community,zoned_enforcement,3.7769232956217937,8.454969351349792
667,Suburban community,zoned_enforcement,6.044563087550669,14.81062709224283
667,Urban community,zoned_enforcement,7.661927793202759,18.24606255296251
668,Protected land,adaptive_curfew,2.337609593588808,5.39327513892275
668,Rural community,zoned_enforcement,3.0482155603276464,8.12508997276327
668,Suburban community,zoned_enforcement,4.918240970275079,13.832570303321944
668,Urban community,zoned_enforcement,6.048508278124727,16.92375757024202
669,Protected land,zoned_enforcement,3.196543143556958,6.335894579302163
669,Rural community,zoned_enforcement,4.437739645509973,9.64584005121992
669,Suburban community,zoned_enforcement,7.159519218335813,16.541787209449023
669,Urban community,zoned_enforcement,8.953746864901094,20.122001863668814
670,Protected land,zoned_enforcement,2.27795196278614,5.143274119922272
670,Rural community,zoned_enforcement,2.878807686058379,7.891845621755314
670,Suburban community,zoned_enforcement,4.797010092539743,13.619349732102782
670,Urban community,zoned_enforcement,5.4400660960167535,16.59948529847095
671,Protected land,zoned_enforcement,2.8792318037066464,5.938526609230673
671,Rural community,zoned_enforcement,3.8555701225407324,8.954222899336042
671,Suburban community,zoned_enforcement,6.153283713755711,15.29944726112551
671,Urban community,zoned_enforcement,7.233458549538797,18.729349903145113
672,Protected land,adaptive_curfew,2.690762535178156,5.792024850215956
672,Rural community,zoned_enforcement,3.9112452211346875,8.80951973053598
672,Suburban community,zoned_enforcement,6.151064926873845,15.194185473633507
672,Urban community,zoned_enforcement,7.078348328842258,18.624732791369933
673,Protected land,zoned_enforcement,2.6712848666923246,5.861475457751535
673,Rural community,zoned_enforcement,3.85479074967981,8.875294463263064
673,Suburban community,zoned_enforcement,6.290843781580268,15.212961814591832
673,Urban community,zoned_enforcement,7.50400022055406,18.58732342083344
674,Protected land,adaptive_curfew,2.7794878476733214,6.018972515664777
674,Rural community,zoned_enforcement,4.11522469150651,9.115971313307607
674,Suburban community,zoned_enforcement,6.911243174997098,15.518159618521372
674,Urban community,zoned_enforcement,7.512318543116464,18.98594376164066
675,Protected land,adaptive_curfew,2.9649992557066205,5.984525888752837
675,Rural community,zoned_enforcement,4.252230862565748,9.143706732469798
675,Suburban community,zoned_enforcement,6.709178247157402,15.781058711857343
675,Urban community,zoned_enforcement,7.8309500516344634,19.360941515802494
676,Protected land,zoned_enforcement,3.111409716745279,6.389098274324246
676,Rural community,zoned_enforcement,4.4950069980758895,9.668371091397246
676,Suburban community,zoned_enforcement,7.366189827929865,16.522574476773364
676,Urban community,zoned_enforcement,8.505025173239721,20.260187479380836
677,Protected land,zoned_enforcement,2.341509193307484,5.192712755324295
677,Rural community,zoned_enforcement,3.5451175230237357,8.22999111920565
677,Suburban community,zoned_enforcement,5.607530035024759,14.531737905346725
677,Urban community,zoned_enforcement,6.641183982054743,17.791976739033768
678,Protected land,adaptive_curfew,2.7930474500630833,5.77649810976064
678,Rural community,zoned_enforcement,4.053327199388024,9.005721142514494
678,Suburban community,zoned_enforcement,6.468250363647327,15.764076221918517
678,Urban community,zoned_enforcement,8.372848095230118,19.405450823487776
679,Protected land,zoned_enforcement,2.6395320557638264,5.620096561814682
679,Rural community,zoned_enforcement,3.8907905560824103,8.82197937109201
679,Suburban community,zoned_enforcement,6.604703491896149,15.467943121161634
679,Urban community,zoned_enforcement,7.257927436735285,18.848287112890443
680,Protected land,zoned_enforcement,2.446844325194576,5.359471337542312
680,Rural community,zoned_enforcement,3.164279263283203,8.041269166771297
680,Suburban community,zoned_enforcement,4.944601701887729,13.73945337644582
680,Urban community,zoned_enforcement,5.304735506911191,16.839478123751086
681,Protected land,adaptive_curfew,3.083125476358566,6.314520917567455
681,Rural community,zoned_enforcement,4.63244741305992,9.582606385995204
681,Suburban community,zoned_enforcement,7.016837653946451,16.443352062007353
681,Urban community,zoned_enforcement,8.608886622457401,20.190848848639316
682,Protected land,adaptive_curfew,3.3981940518676077,6.645601456847222
682,Rural community,adaptive_curfew,4.446856140535033,9.799582311677726
682,Suburban community,zoned_enforcement,7.36953201433448,16.55947782857735
682,Urban community,zoned_enforcement,8.59401987527927,20.261663387815375
683,Protected land,zoned_enforcement,2.7546933032845584,5.737751936221351
683,Rural community,zoned_enforcement,3.8852050033096486,8.906790602079726
683,Suburban community,zoned_enforcement,6.5780326614101,15.537688591837234
683,Urban community,zoned_enforcement,7.641661269948086,19.09488886965251
684,Protected land,zoned_enforcement,2.2806607580211176,5.147869878377863
684,Rural community,zoned_enforcement,3.2642678685667645,8.109636421944735
684,Suburban community,zoned_enforcement,5.363625821745419,14.257615364399442
684,Urban community,zoned_enforcement,6.457630637976958,17.47385449100065
685,Protected land,zoned_enforcement,2.997333879394276,6.426050834950532
685,Rural community,zoned_enforcement,4.287672769184872,9.576285016596795
685,Suburban community,zoned_enforcement,6.912392153317841,16.317014983253987
685,Urban community,zoned_enforcement,8.418690584273222,20.043222937901714
686,Protected land,adaptive_curfew,3.259307474682902,6.47491545662796
686,Rural community,zoned_enforcement,4.531879147797547,9.675686451028714
686,Suburban community,zoned_enforcement,7.3543253883845505,16.49006813125618
686,Urban community,zoned_enforcement,8.864259164852003,20.26956349507944
687,Protected land,zoned_enforcement,2.2638188032435638,5.3742910945996405
687,Rural community,zoned_enforcement,3.434917208419394,8.300408873311778
687,Suburban community,zoned_enforcement,6.170058986582173,14.489777196148722
687,Urban community,zoned_enforcement,6.869743284793728,17.794866817631437
688,Protected land,zoned_enforcement,2.8850986063421526,6.0038444412519425
688,Rural community,zoned_enforcement,3.8525081317717085,9.053623367440213
688,Suburban community,zoned_enforcement,6.60193063010732,15.448092624008897
688,Urban community,zoned_enforcement,7.243985611822165,18.916361740069128
689,Protected land,zoned_enforcement,2.2327781208918505,5.185798365520988
689,Rural community,zoned_enforcement,2.999696249036453,7.950704218307782
689,Suburban community,zoned_enforcement,5.4700461780865055,13.720725046885368
689,Urban community,zoned_enforcement,5.607839401363485,16.761586015156592
690,Protected land,zoned_enforcement,2.928773714437587,6.14711135278627
690,Rural community,adaptive_curfew,4.421977385204333,9.496029404093246
690,Suburban community,zoned_enforcement,7.320277758082215,16.524873749132226
690,Urban community,zoned_enforcement,8.840273797912575,20.338030986671217
691,Protected land,zoned_enforcement,2.2774073004554496,5.212714943627552
691,Rural community,zoned_enforcement,3.1993474519252,7.941646025636623
691,Suburban community,zoned_enforcement,5.065103222657299,13.68983402820032
691,Urban community,zoned_enforcement,5.846056591476117,16.77154585770388
692,Protected land,zoned_enforcement,2.865547055409374,5.995720510028289
692,Rural community,zoned_enforcement,4.136219426949869,9.319317566009666
692,Suburban community,zoned_enforcement,6.939988786523516,16.252072617631892
692,Urban community,zoned_enforcement,8.273277899195417,19.82193356760911
693,Protected land,adaptive_curfew,2.5731353736416613,5.646053791342783
693,Rural community,zoned_enforcement,3.705828649687965,8.613888844825798
693,Suburban community,zoned_enforcement,5.933389167899998,14.842957264491224
693,Urban community,zoned_enforcement,6.474774233633735,18.236470020183148
694,Protected land,zoned_enforcement,2.620923340616055,5.5920374942445115
694,Rural community,zoned_enforcement,3.6446354002938177,8.543154825792481
694,Suburban community,zoned_enforcement,5.7007555581104015,14.874269208156853
694,Urban community,zoned_enforcement,7.051986783673415,18.278898807203785
695,Protected land,zoned_enforcement,2.8222509079641354,5.923984232146346
695,Rural community,zoned_enforcement,3.9385305503303343,9.00096869603745
695,Suburban community,zoned_enforcement,6.310107375158957,15.440234222737276
695,Urban community,zoned_enforcement,7.365818566084538,18.90740420159334
696,Protected land,zoned_enforcement,2.9403793505368565,6.3336689246241225
696,Rural community,zoned_enforcement,4.498742720917158,9.554377081782214
696,Suburban community,zoned_enforcement,7.158387619666382,16.35552370918992
696,Urban community,zoned_enforcement,8.449939799147948,20.10742387072593
697,Protected land,zoned_enforcement,2.043965204946327,4.897643758261895
697,Rural community,zoned_enforcement,3.0723800460032162,7.612135415316308
697,Suburban community,zoned_enforcement,4.36130834328981,13.256410141865924
697,Urban community,zoned_enforcement,5.046652777449378,16.324112839071013
698,Protected land,adaptive_curfew,2.8680573206534308,5.98046162078852
698,Rural community,zoned_enforcement,4.026066308966285,9.08411478906546
698,Suburban community,zoned_enforcement,6.496857557530452,15.635870543706007
698,Urban community,zoned_enforcement,7.922428073618223,19.12056797100074
699,Protected land,zoned_enforcement,2.7452897889281282,6.01414514882537
699,Rural community,zoned_enforcement,4.15720338691871,9.145150784690024
699,Suburban community,zoned_enforcement,6.992131645407509,15.717390792883506
699,Urban community,zoned_enforcement,7.4936154341379755,19.33907480118495
700,Protected land,zoned_enforcement,2.260975141740383,5.3066446633245805
700,Rural community,zoned_enforcement,2.7039721443137053,7.906341107698453
700,Suburban community,zoned_enforcement,4.882037168200954,13.440030647558904
700,Urban community,zoned_enforcement,4.768986637674274,16.414638265922388
701,Protected land,zoned_enforcement,2.0876460577710354,4.951207972186243
701,Rural community,zoned_enforcement,2.7388294625235243,7.622475943170628
701,Suburban community,zoned_enforcement,4.404796545551141,13.204114156269958
701,Urban community,zoned_enforcement,5.351071325889805,16.244991430957846
702,Protected land,zoned_enforcement,2.3860059780900094,5.5593985807426884
702,Rural community,zoned_enforcement,3.085405520756929,8.34154550254783
702,Suburban community,zoned_enforcement,5.386596204672125,14.170256240338642
702,Urban community,zoned_enforcement,6.389847405281076,17.363182361534175
703,Protected land,zoned_enforcement,2.984639923858362,6.074481877465435
703,Rural community,zoned_enforcement,4.410931645940563,9.370083260693862
703,Suburban community,zoned_enforcement,7.571228585425638,16.295972987279043
703,Urban community,zoned_enforcement,8.127180112462952,19.886908768644144
704,Protected land,adaptive_curfew,2.861579359371239,6.34289232512188
704,Rural community,zoned_enforcement,4.207164061205937,9.376363221203649
704,Suburban community,zoned_enforcement,6.407756732859786,15.85403376095787
704,Urban community,zoned_enforcement,8.149631500624434,19.49805644672356
705,Protected land,zoned_enforcement,2.765562251261143,6.0484012330155075
705,Rural community,zoned_enforcement,4.045752454700162,9.330194128345486
705,Suburban community,zoned_enforcement,6.979698085792474,16.107703403673
705,Urban community,zoned_enforcement,8.286654711327575,19.676833133518357
706,Protected land,adaptive_curfew,2.696671837492793,5.7458910210015075
706,Rural community,zoned_enforcement,3.9570012771684198,8.82834108312248
706,Suburban community,zoned_enforcement,6.199384635851954,15.276844299894087
706,Urban community,zoned_enforcement,7.017693442881754,18.75133444741917
707,Protected land,zoned_enforcement,2.1872150547314995,5.081987146378288
707,Rural community,zoned_enforcement,2.9408008668644205,7.824500581809178
707,Suburban community,zoned_enforcement,4.546653264354308,13.669953458946187
707,Urban community,zoned_enforcement,5.776869042799088,16.77997909921461
708,Protected land,adaptive_curfew,2.8751346867913363,6.034530144168874
708,Rural community,zoned_enforcement,3.937083266751948,9.102424327947936
708,Suburban community,zoned_enforcement,7.110772588768194,15.666191668039334
708,Urban community,zoned_enforcement,7.788302726968148,19.384433744018313
709,Protected land,zoned_enforcement,2.139582336625179,5.092650134167207
709,Rural community,zoned_enforcement,2.7938815036910167,7.725985126518115
709,Suburban community,zoned_enforcement,4.614686035792396,13.273032327959076
709,Urban community,zoned_enforcement,5.35675557589283,16.267632049225288
710,Protected land,zoned_enforcement,2.4977561932383163,5.398034185800917
710,Rural community,zoned_enforcement,3.5109605560112342,8.453315643758787
710,Suburban community,zoned_enforcement,5.972919199126025,14.76786388124465
710,Urban community,zoned_enforcement,6.4664523724859695,18.093783893914292
711,Protected land,adaptive_curfew,3.0584743311207556,6.346017762349889
711,Rural community,adaptive_curfew,4.6442098588235154,9.60650735110318
711,Suburban community,zoned_enforcement,7.5671966520158644,16.536002100097853
711,Urban community,adaptive_curfew,8.51051440976836,20.177800769433233
712,Protected land,zoned_enforcement,2.726223035867799,5.818154068838446
712,Rural community,zoned_enforcement,3.857856513835628,8.83201362241861
712,Suburban community,zoned_enforcement,6.066847681576023,15.19411404573808
712,Urban community,zoned_enforcement,7.069394114307427,18.736528696319414
713,Protected land,zoned_enforcement,2.459602129182236,5.295561188471278
713,Rural community,zoned_enforcement,3.3714403108396205,8.361594530864144
713,Suburban community,zoned_enforcement,5.9862663380538805,14.689946213812055
713,Urban community,zoned_enforcement,6.661483306702088,17.93774736655539
714,Protected land,adaptive_curfew,2.63477822308552,5.696038722642792
714,Rural community,zoned_enforcement,3.7454176298322785,8.695078968012448
714,Suburban community,zoned_enforcement,6.261184971511417,15.093438050031441
714,Urban community,zoned_enforcement,7.524585825989442,18.622215662029404
715,Protected land,adaptive_curfew,2.9165007514289947,6.092566950549048
715,Rural community,zoned_enforcement,3.990201102047477,9.237982495696324
715,Suburban community,zoned_enforcement,6.261732129653682,15.86824352321391
715,Urban community,zoned_enforcement,7.674635876455856,19.409974405975472
716,Protected land,zoned_enforcement,2.1114489262240896,4.994886021334822
716,Rural community,zoned_enforcement,2.8414915225141257,7.661548928108683
716,Suburban community,zoned_enforcement,4.510673795640994,13.242231093466225
716,Urban community,zoned_enforcement,5.233086675168595,16.312256547552167
717,Protected land,adaptive_curfew,2.543819098670248,5.5481158986400345
717,Rural community,zoned_enforcement,3.6383463554551865,8.674243417892825
717,Suburban community,zoned_enforcement,6.73697098672044,15.201793496280983
717,Urban community,zoned_enforcement,7.766715283591067,18.636049414114996
718,Protected land,zoned_enforcement,2.326862940708209,5.348505160980049
718,Rural community,zoned_enforcement,3.3534817489528264,8.23080358814179
718,Suburban community,zoned_enforcement,5.453393019782313,14.304401979141328
718,Urban community,zoned_enforcement,6.305791197569146,17.56224426645887
719,Protected land,zoned_enforcement,2.366687207700109,5.59786870595517
719,Rural community,zoned_enforcement,3.3297746712926877,8.38408664958036
719,Suburban community,zoned_enforcement,5.079715906279505,14.343087271365698
719,Urban community,zoned_enforcement,5.858352231494976,17.476596867385986
720,Protected land,zoned_enforcement,2.772590630903085,5.856900219053996
720,Rural community,zoned_enforcement,4.171547377551344,9.152575005166218
720,Suburban community,zoned_enforcement,7.0341701716142175,16.102779233448125
720,Urban community,zoned_enforcement,8.63533924299327,19.82236238351675
721,Protected land,zoned_enforcement,2.374856465321329,5.358279009917531
721,Rural community,zoned_enforcement,3.0598487930994356,8.180923716349016
721,Suburban community,zoned_enforcement,5.252399009617122,14.148140235630674
721,Urban community,zoned_enforcement,6.154639131788414,17.47323715453064
722,Protected land,zoned_enforcement,3.0374432491757304,6.004528418550549
722,Rural community,adaptive_curfew,4.112945286073031,9.33619061402161
722,Suburban community,adaptive_curfew,6.949501732979202,16.375900241596355
722,Urban community,adaptive_curfew,8.331878856096344,20.008710661521338
723,Protected land,adaptive_curfew,2.8148173431465953,6.063686012399336
723,Rural community,zoned_enforcement,4.260784367183449,9.40247211443393
723,Suburban community,zoned_enforcement,7.61655485848136,16.346014694149098
723,Urban community,zoned_enforcement,8.446945944808338,20.03708732807195
724,Protected land,adaptive_curfew,2.888183482845038,5.977075741780471
724,Rural community,zoned_enforcement,3.923139983184212,9.167693674908428
724,Suburban community,zoned_enforcement,6.508449368687732,15.9050943334954
724,Urban community,zoned_enforcement,8.172301934712202,19.529517193821057
725,Protected land,zoned_enforcement,2.259551352090557,5.067233947710258
725,Rural community,zoned_enforcement,3.2252058725280452,8.00827815341248
725,Suburban community,zoned_enforcement,5.103828928852208,14.2263885081613
725,Urban community,zoned_enforcement,6.5093117435317716,17.43892320875146
726,Protected land,zoned_enforcement,2.5818952291373143,5.683272868075465
726,Rural community,zoned_enforcement,3.3462947554190636,8.580737475405542
726,Suburban community,zoned_enforcement,5.6626156694271295,14.619960138265395
726,Urban community,zoned_enforcement,6.2714677579791385,17.944002696690863
727,Protected land,zoned_enforcement,2.4865722539066475,5.221967337294231
727,Rural community,zoned_enforcement,3.002182436434862,7.947969946349534
727,Suburban community,zoned_enforcement,5.343794603319399,13.668726196143197
727,Urban community,zoned_enforcement,5.311285296463755,16.827766686164303
728,Protected land,adaptive_curfew,3.1313892789120734,6.369588616388805
728,Rural community,zoned_enforcement,4.567913420608249,9.699488589509128
728,Suburban community,zoned_enforcement,7.604093859939386,16.6441103113005
728,Urban community,zoned_enforcement,9.117941664057513,20.3336531828257
729,Protected land,adaptive_curfew,3.2679455316906587,6.432073921731006
729,Rural community,zoned_enforcement,4.479355929332879,9.70148888148048
729,Suburban community,zoned_enforcement,7.91274575932308,16.703383264571713
729,Urban community,zoned_enforcement,9.100717761747562,20.45910989456562
730,Protected land,zoned_enforcement,2.6333862121112093,5.652521464095223
730,Rural community,zoned_enforcement,3.7670037873288784,8.5888055136053
730,Suburban community,zoned_enforcement,5.84724407024952,14.845957225706972
730,Urban community,zoned_enforcement,6.791987997327173,18.165688557579195
731,Protected land,zoned_enforcement,2.1318044088497223,4.835952191752527
731,Rural community,zoned_enforcement,2.9451597690239417,7.548673953733644
731,Suburban community,zoned_enforcement,4.430293249136815,13.195851279369908
731,Urban community,zoned_enforcement,4.895443098843224,16.1808375582543
732,Protected land,adaptive_curfew,3.0084310452362795,6.507936103433528
732,Rural community,zoned_enforcement,4.539754230232614,9.719641045910143
732,Suburban community,zoned_enforcement,7.82878200777977,16.50288703432906
732,Urban community,adaptive_curfew,8.194964836019711,20.243319649383135
733,Protected land,zoned_enforcement,2.319486363534895,5.312539488245918
733,Rural community,zoned_enforcement,2.912861603646867,7.942314355786263
733,Suburban community,zoned_enforcement,4.719201072671517,13.56554351991445
733,Urban community,zoned_enforcement,5.234060385112828,16.62753817550056
734,Protected land,adaptive_curfew,2.7227228154135665,5.767971942520634
734,Rural community,zoned_enforcement,3.9071651147127,9.063925961853666
734,Suburban community,zoned_enforcement,7.215524355911265,15.998080156618483
734,Urban community,zoned_enforcement,7.94412562044786,19.55988021542264
735,Protected land,zoned_enforcement,2.743653828709718,5.920636524134594
735,Rural community,zoned_enforcement,3.887884352959686,8.933070459156411
735,Suburban community,zoned_enforcement,6.040066349618028,15.24429432003282
735,Urban community,zoned_enforcement,6.716657784157761,18.571499279774358
736,Protected land,adaptive_curfew,2.9282724253070196,6.047670154288418
736,Rural community,zoned_enforcement,3.630507758279318,9.03541775857433
736,Suburban community,zoned_enforcement,6.133973561827972,15.350766496647914
736,Urban community,zoned_enforcement,7.450717067106893,18.867436314348378
737,Protected land,adaptive_curfew,2.926187294559205,6.130078657812706
737,Rural community,adaptive_curfew,4.13593349201975,9.225393331978898
737,Suburban community,adaptive_curfew,6.357000869457595,15.87596012737382
737,Urban community,zoned_enforcement,8.242426746476958,19.4635039145189
738,Protected land,zoned_enforcement,2.9372316701844086,6.1464893180783005
738,Rural community,zoned_enforcement,4.470712025238056,9.410529683232713
738,Suburban community,zoned_enforcement,7.088444459770551,16.291849008519353
738,Urban community,zoned_enforcement,8.410351508038284,19.938273567336548
739,Protected land,zoned_enforcement,2.9711533605276133,6.1107678644785395
739,Rural community,adaptive_curfew,4.022509705002208,9.399104666542643
739,Suburban community,zoned_enforcement,6.881692695393175,16.354470946254533
739,Urban community,zoned_enforcement,8.220113364472317,20.07293285528358
740,Protected land,zoned_enforcement,2.5784409411923,5.54512727427114
740,Rural community,zoned_enforcement,3.508872557223442,8.397376504638173
740,Suburban community,zoned_enforcement,5.5929908798552805,14.500299599024263
740,Urban community,zoned_enforcement,6.389899042918689,17.877345251739325
741,Protected land,zoned_enforcement,2.9902425885211197,6.3382487904072065
741,Rural community,zoned_enforcement,4.111712264457033,9.499297833926764
741,Suburban community,zoned_enforcement,7.173566864786229,16.15593437768075
741,Urban community,zoned_enforcement,8.369556050664919,19.756277237234954
742,Protected land,zoned_enforcement,2.271248998628039,5.0359097159826565
742,Rural community,zoned_enforcement,2.961906534854088,7.764615344749239
742,Suburban community,zoned_enforcement,4.61819479233055,13.483751710638261
742,Urban community,zoned_enforcement,5.443004979972725,16.603387336672228
743,Protected land,zoned_enforcement,2.5042369093263086,5.704851001845573
743,Rural community,zoned_enforcement,3.6494729770786805,8.58553955064847
743,Suburban community,zoned_enforcement,5.740171426212314,14.61257307022939
743,Urban community,zoned_enforcement,6.274409421949153,17.986540635113315
744,Protected land,zoned_enforcement,2.299935556324904,5.534390119599141
744,Rural community,zoned_enforcement,3.0357533269266037,8.207710577607505
744,Suburban community,zoned_enforcement,5.327740490231358,13.93551837754938
744,Urban community,zoned_enforcement,6.04179026210336,17.189492972413912
745,Protected land,adaptive_curfew,3.0029870470001256,6.252860813578554
745,Rural community,zoned_enforcement,3.982434498721105,9.298909159167172
745,Suburban community,zoned_enforcement,6.745123639019408,15.668311626227737
745,Urban community,zoned_enforcement,7.911497391137335,19.192286909681748
746,Protected land,zoned_enforcement,2.3828355479853505,5.2876430176290246
746,Rural community,zoned_enforcement,2.822132080079747,7.943429674285753
746,Suburban community,zoned_enforcement,5.096393672656328,13.586904503252986
746,Urban community,zoned_enforcement,5.652683756120252,16.684549165044448
747,Protected land,zoned_enforcement,2.6901699892069684,5.648528846337097
747,Rural community,zoned_enforcement,3.6284720875159806,8.757730469700231
747,Suburban community,zoned_enforcement,6.19709237037716,15.281755294131758
747,Urban community,zoned_enforcement,7.23082044351937,18.73260812962014
748,Protected land,zoned_enforcement,2.0790415078239244,4.8931523999386135
748,Rural community,zoned_enforcement,2.832411033637154,7.707994147067833
748,Suburban community,zoned_enforcement,5.16932181933668,13.566382918709014
748,Urban community,zoned_enforcement,5.691091722566078,16.604054992094213
749,Protected land,zoned_enforcement,2.4099120787768626,5.2300338535183695
749,Rural community,zoned_enforcement,3.2186718076614707,8.139570120032097
749,Suburban community,zoned_enforcement,5.137052435323678,14.141287928404017
749,Urban community,zoned_enforcement,6.139464897966054,17.353563066696896
750,Protected land,adaptive_curfew,2.702538355375852,5.824009853763687
750,Rural community,zoned_enforcement,3.596533774441209,8.790710442803006
750,Suburban community,zoned_enforcement,6.007742789102416,15.026304551016462
750,Urban community,zoned_enforcement,7.690988274812586,18.35029663284521
751,Protected land,adaptive_curfew,2.6426133862966847,5.89544491692347
751,Rural community,zoned_enforcement,3.6401558865875145,8.843948423313746
751,Suburban community,zoned_enforcement,5.804793557180901,15.140061476473084
751,Urban community,zoned_enforcement,6.752010468375206,18.644345180787468
752,Protected land,adaptive_curfew,2.0200036886833495,4.943796499231637
752,Rural community,zoned_enforcement,2.687937333193739,7.600018681862107
752,Suburban community,zoned_enforcement,4.35564994380664,13.180716069717072
752,Urban community,zoned_enforcement,4.848061360334071,16.163226217208926
753,Protected land,adaptive_curfew,2.9197578663162695,6.132415646039973
753,Rural community,zoned_enforcement,4.124998439078992,9.313825253366604
753,Suburban community,zoned_enforcement,7.351758434060608,16.13714018291973
753,Urban community,zoned_enforcement,8.267998595503945,19.830363483706538
754,Protected land,zoned_enforcement,2.83631804882942,5.936610349545683
754,Rural community,zoned_enforcement,4.102322749739855,9.24910259158854
754,Suburban community,zoned_enforcement,6.765438510225874,16.21720519109269
754,Urban community,zoned_enforcement,8.265086440751293,19.845776514139672
755,Protected land,adaptive_curfew,3.0831316154489725,6.227282559396965
755,Rural community,adaptive_curfew,4.023269190837398,9.368922766432311
755,Suburban community,zoned_enforcement,7.0524971687479425,16.041627815923178
755,Urban community,zoned_enforcement,7.667674364859241,19.699901040036885
756,Protected land,adaptive_curfew,2.862778652847664,6.045730657555785
756,Rural community,zoned_enforcement,3.985715455729708,8.969663860018144
756,Suburban community,zoned_enforcement,6.337566641171396,15.179187128108392
756,Urban community,zoned_enforcement,7.5528092207874185,18.596595377111942
757,Protected land,adaptive_curfew,2.76268719438092,5.961420294851222
757,Rural community,zoned_enforcement,4.064106904097027,9.218702596279558
757,Suburban community,zoned_enforcement,7.451921519154034,16.084046215815995
757,Urban community,zoned_enforcement,7.731334417142991,19.681683328098757
758,Protected land,zoned_enforcement,2.6088798260973856,5.538625229397306
758,Rural community,zoned_enforcement,3.460404703566282,8.432747971706787
758,Suburban community,zoned_enforcement,5.688785302201282,14.51561663706064
758,Urban community,zoned_enforcement,6.692384819448732,17.830035343941177
759,Protected land,adaptive_curfew,2.6367209762547996,5.787449394929999
759,Rural community,zoned_enforcement,4.006177386765081,8.854364119092857
759,Suburban community,zoned_enforcement,6.514482480618339,15.327471091259074
759,Urban community,zoned_enforcement,7.123209956208969,18.799512465256043
760,Protected land,adaptive_curfew,2.5386770587924232,5.685201408181131
760,Rural community,zoned_enforcement,3.547159001241183,8.56100896899755
760,Suburban community,zoned_enforcement,5.7901279631490965,14.597969149981498
760,Urban community,zoned_enforcement,6.116720282568902,17.838632197494295
761,Protected land,zoned_enforcement,2.573104875741672,5.64383561826802
761,Rural community,zoned_enforcement,3.5834727791565957,8.506608101602993
761,Suburban community,zoned_enforcement,6.049296759980701,14.538328979558232
761,Urban community,zoned_enforcement,6.324789110905092,17.91084710422118
762,Protected land,adaptive_curfew,2.659615621684844,5.6518896963869665
762,Rural community,zoned_enforcement,3.843570383243443,8.800716312560239
762,Suburban community,zoned_enforcement,6.673735955621158,15.459990493657255
762,Urban community,zoned_enforcement,7.79594013096462,19.02809977063104
763,Protected land,adaptive_curfew,2.6610961046684793,5.715651920911221
763,Rural community,adaptive_curfew,3.5868663043346567,8.686333595942877
763,Suburban community,zoned_enforcement,5.880590188285055,15.035309408198547
763,Urban community,zoned_enforcement,6.8055339771841155,18.421173773894765
764,Protected land,zoned_enforcement,2.709820532632315,5.892557104495919
764,Rural community,adaptive_curfew,3.5666875592352794,8.737126513034772
764,Suburban community,zoned_enforcement,5.834675448660352,14.828855211732025
764,Urban community,zoned_enforcement,6.8256038387224365,18.19248081973475
765,Protected land,zoned_enforcement,2.3858985941083133,5.167877231685902
765,Rural community,zoned_enforcement,3.080331627176859,8.052669794045087
765,Suburban community,zoned_enforcement,5.555178202813137,14.069157182545148
765,Urban community,zoned_enforcement,6.151117292262164,17.18210679926171
766,Protected land,zoned_enforcement,2.7558334278225645,5.883747327699871
766,Rural community,zoned_enforcement,3.5393458340576736,8.794584604005868
766,Suburban community,zoned_enforcement,5.702339239800656,14.999417154482177
766,Urban community,zoned_enforcement,6.93970352977837,18.361402096986758
767,Protected land,zoned_enforcement,2.4266338569384502,5.284786346370984
767,Rural community,zoned_enforcement,3.1086523232821737,8.147349384040153
767,Suburban community,zoned_enforcement,5.522654538140756,14.172671146362054
767,Urban community,zoned_enforcement,6.082743843636102,17.455541523595183
768,Protected land,adaptive_curfew,2.693217923308451,5.883434881735758
768,Rural community,zoned_enforcement,3.7281814606125376,8.938300372366543
768,Suburban community,zoned_enforcement,6.3883551071911775,15.44020965016446
768,Urban community,zoned_enforcement,7.320945088953559,18.93197309916462
769,Protected land,zoned_enforcement,2.965252473094955,6.299067804114911
769,Rural community,zoned_enforcement,4.258777094837763,9.44028385492777
769,Suburban community,adaptive_curfew,6.827654119500334,16.033089375684185
769,Urban community,zoned_enforcement,8.282401799062134,19.635877624563825
770,Protected land,adaptive_curfew,3.05048003178653,6.191611112981045
770,Rural community,zoned_enforcement,3.9196629955564157,9.380901217693042
770,Suburban community,zoned_enforcement,6.88311805950185,16.186886961947824
770,Urban community,zoned_enforcement,7.878668688145462,19.815740821550047
771,Protected land,zoned_enforcement,2.0765836308390915,4.725040806835094
771,Rural community,zoned_enforcement,2.6969328778789725,7.439463861233962
771,Suburban community,zoned_enforcement,4.61430043411746,13.159761177576238
771,Urban community,zoned_enforcement,5.449300496893457,16.184469123845883
772,Protected land,zoned_enforcement,2.868772648699099,5.822760622447952
772,Rural community,zoned_enforcement,3.9839135099354044,9.155808159694022
772,Suburban community,zoned_enforcement,7.306507733394948,16.040659313269025
772,Urban community,zoned_enforcement,8.288895874623433,19.706575853083727
773,Protected land,zoned_enforcement,2.7691092490454587,5.990948113808086
773,Rural community,zoned_enforcement,3.8952552583660207,9.044461879297778
773,Suburban community,zoned_enforcement,6.27470581111174,15.55511684052412
773,Urban community,zoned_enforcement,7.355107428931078,19.182023107707813
774,Protected land,adaptive_curfew,2.8216925589551485,6.103216428267615
774,Rural community,zoned_enforcement,3.9097149834155385,9.208763117714682
774,Suburban community,zoned_enforcement,6.524064368058047,15.813339517589467
774,Urban community,zoned_enforcement,7.675282981556215,19.43376729025528
775,Protected land,adaptive_curfew,2.5953030080083215,5.668984387900587
775,Rural community,zoned_enforcement,3.7937174319163045,8.700842397257055
775,Suburban community,zoned_enforcement,5.716633154242556,15.01265575045263
775,Urban community,zoned_enforcement,7.092908206346822,18.321029928376824
776,Protected land,zoned_enforcement,2.6081133256195677,5.87427235409328
776,Rural community,zoned_enforcement,3.7351677893513884,8.8432408952934
776,Suburban community,zoned_enforcement,6.41994292004776,15.09690608233142
776,Urban community,zoned_enforcement,7.760033539862482,18.568950244140982
777,Protected land,zoned_enforcement,2.5776180432457347,5.774749809385775
777,Rural community,zoned_enforcement,3.9452824368789727,8.974933204529167
777,Suburban community,zoned_enforcement,6.882234092108245,15.7023491941945
777,Urban community,zoned_enforcement,7.527950533652218,19.23114399081859
778,Protected land,zoned_enforcement,2.444242310672273,5.317720038128511
778,Rural community,zoned_enforcement,3.6346749838390737,8.379241459400381
778,Suburban community,zoned_enforcement,6.256833739287265,14.702621493095677
778,Urban community,zoned_enforcement,7.004964530462669,18.10051930795869
779,Protected land,zoned_enforcement,3.022912995580983,6.212901541079812
779,Rural community,zoned_enforcement,4.384255415258165,9.506563801176734
779,Suburban community,zoned_enforcement,7.6982240135775015,16.498071754892884
779,Urban community,zoned_enforcement,9.032159572761481,20.247073336744688
780,Protected land,zoned_enforcement,2.1608569848141856,5.053812105910115
780,Rural community,zoned_enforcement,2.7730412585042306,7.84100329872059
780,Suburban community,zoned_enforcement,4.966059343311308,13.64028613186953
780,Urban community,zoned_enforcement,5.580445897204806,16.721537826164738
781,Protected land,zoned_enforcement,2.3283382145064087,5.264213976111205
781,Rural community,zoned_enforcement,3.0148948761953696,8.095781861276473
781,Suburban community,zoned_enforcement,4.792347482384859,14.053532070870641
781,Urban community,zoned_enforcement,6.032034326861627,17.249515489365756
782,Protected land,zoned_enforcement,2.169486170775478,5.154002241891789
782,Rural community,zoned_enforcement,3.020621382854233,7.822709560963119
782,Suburban community,zoned_enforcement,5.072968247743759,13.48169593870971
782,Urban community,zoned_enforcement,5.396438430119181,16.60005092336557
783,Protected land,zoned_enforcement,2.5375043726670694,5.5655251413758124
783,Rural community,zoned_enforcement,3.2427061350746493,8.428596480606396
783,Suburban community,zoned_enforcement,5.284827143610844,14.468050387234154
783,Urban community,zoned_enforcement,6.7857261294729465,17.725083269692117
784,Protected land,adaptive_curfew,3.3471902322686398,6.607285597808023
784,Rural community,zoned_enforcement,4.64767845070538,9.846303088716862
784,Suburban community,adaptive_curfew,7.159024391774022,16.729565053682354
784,Urban community,zoned_enforcement,8.781690068276397,20.44853435469732
785,Protected land,adaptive_curfew,2.2649921799260144,5.323955464543363
785,Rural community,zoned_enforcement,3.1574649886807302,8.11643915320869
785,Suburban community,zoned_enforcement,5.437240571897901,14.04468272990199
785,Urban community,zoned_enforcement,6.079200768449574,17.29404267192562
786,Protected land,zoned_enforcement,3.130246084404937,6.24282372039983
786,Rural community,zoned_enforcement,4.21941701994769,9.463115855981691
786,Suburban community,zoned_enforcement,7.342446167068115,16.229185992837365
786,Urban community,zoned_enforcement,8.234571195796214,19.881706199813124
787,Protected land,zoned_enforcement,2.2478802128867827,5.277946205065472
787,Rural community,zoned_enforcement,3.1514573721678776,8.055091773953615
787,Suburban community,zoned_enforcement,5.506538634414477,13.89133681280108
787,Urban community,zoned_enforcement,5.789791531990819,16.965576619092474
788,Protected land,adaptive_curfew,2.5610310087634693,5.958577055259984
788,Rural community,zoned_enforcement,3.7182244114901133,8.896700290498536
788,Suburban community,zoned_enforcement,6.471826579903441,15.191072130197874
788,Urban community,zoned_enforcement,7.274252988636265,18.759627184162404
789,Protected land,zoned_enforcement,2.505080261992124,5.588115648871036
789,Rural community,zoned_enforcement,3.57205133969296,8.610691244404919
789,Suburban community,zoned_enforcement,6.320724008022392,14.869873613620483
789,Urban community,zoned_enforcement,7.150012854386695,18.19641583726686
790,Protected land,adaptive_curfew,2.707840917051526,6.076534724918808
790,Rural community,zoned_enforcement,3.63099468412097,9.098345289978694
790,Suburban community,zoned_enforcement,6.715293025065881,15.56554167724213
790,Urban community,zoned_enforcement,7.901201333077324,19.035596476783333
791,Protected land,zoned_enforcement,2.3039258615447933,5.325863859108432
791,Rural community,zoned_enforcement,2.8691704660738155,8.033895350379208
791,Suburban community,zoned_enforcement,4.605372644831434,13.709465207714047
791,Urban community,zoned_enforcement,5.876552055697639,16.811717601228292
792,Protected land,adaptive_curfew,2.9031962279707244,5.778853668886568
792,Rural community,zoned_enforcement,3.8704556652305957,8.952127701823223
792,Suburban community,zoned_enforcement,6.475945225832149,15.662947318671941
792,Urban community,zoned_enforcement,7.809280951318868,19.08665743704755
793,Protected land,zoned_enforcement,2.892727077685561,5.955465644679251
793,Rural community,zoned_enforcement,4.034773453013512,9.059809791502731
793,Suburban community,zoned_enforcement,6.497004856154971,15.586744709283067
793,Urban community,zoned_enforcement,7.657648126204636,19.14739798403049
794,Protected land,adaptive_curfew,2.3833637167443125,5.6412787402702405
794,Rural community,zoned_enforcement,3.598623371735999,8.46835343388013
794,Suburban community,zoned_enforcement,5.138421737147219,14.414746656283958
794,Urban community,zoned_enforcement,6.096573099655442,17.761829571271566
795,Protected land,adaptive_curfew,3.2672411582704113,6.481846588694992
795,Rural community,adaptive_curfew,4.453890123362194,9.781673669053662
795,Suburban community,zoned_enforcement,7.243573245752012,16.599805128714
795,Urban community,zoned_enforcement,9.091022484679828,20.30727425935618
796,Protected land,zoned_enforcement,2.8436379064274395,6.078345383900755
796,Rural community,zoned_enforcement,4.343197131085303,9.318653091669397
796,Suburban community,zoned_enforcement,7.232748232550923,16.08837676055301
796,Urban community,zoned_enforcement,8.50857327988446,19.78752927115506
797,Protected land,zoned_enforcement,2.3633133881128274,5.228093129681811
797,Rural community,zoned_enforcement,3.1012864689947577,8.067733899871495
797,Suburban community,zoned_enforcement,5.043494536906753,13.988405738364532
797,Urban community,zoned_enforcement,6.173444443108938,17.170729162510472
798,Protected land,adaptive_curfew,2.886959371377263,6.007304935204069
798,Rural community,zoned_enforcement,4.011628048730685,9.015622330370668
798,Suburban community,zoned_enforcement,6.192867859672896,15.360049577215651
798,Urban community,zoned_enforcement,7.431679547069232,18.75467467773662
799,Protected land,zoned_enforcement,2.710611287072905,5.896502122684712
799,Rural community,zoned_enforcement,3.7942303967681346,9.062084774551954
799,Suburban community,zoned_enforcement,6.366472917524206,15.577945990225315
799,Urban community,zoned_enforcement,7.389798222212187,19.04438644553756
800,Protected land,zoned_enforcement,2.4150330923088634,5.453372264128395
800,Rural community,zoned_enforcement,3.0743822753551786,8.292737627168052
800,Suburban community,zoned_enforcement,5.400782812296704,14.305045455134383
800,Urban community,zoned_enforcement,6.271795870750994,17.552584886079213
801,Protected land,adaptive_curfew,3.14240507109115,6.589631805630865
801,Rural community,adaptive_curfew,4.53320715127071,9.833874066947173
801,Suburban community,zoned_enforcement,7.459559168882114,16.66862382422262
801,Urban community,zoned_enforcement,8.791112553153159,20.40759060551986
802,Protected land,zoned_enforcement,3.108547039178856,6.309401400607993
802,Rural community,zoned_enforcement,4.207402939413561,9.506482088416787
802,Suburban community,adaptive_curfew,6.761654285198315,16.182926756835876
802,Urban community,zoned_enforcement,8.832628413118245,19.765815971201185
803,Protected land,zoned_enforcement,2.281613128606962,5.551143523553382
803,Rural community,zoned_enforcement,3.1271462702865103,8.203849915558532
803,Suburban community,zoned_enforcement,5.39281082209998,13.895302080582267
803,Urban community,zoned_enforcement,5.666526410442394,17.12769775246014
804,Protected land,zoned_enforcement,2.389755157523308,5.439297916769813
804,Rural community,zoned_enforcement,3.258388229345586,8.36971485234159
804,Suburban community,zoned_enforcement,5.9373467889742315,14.56026279480791
804,Urban community,zoned_enforcement,6.02817894146577,17.776265405071573
805,Protected land,adaptive_curfew,2.9233823777911363,5.934361561372728
805,Rural community,zoned_enforcement,3.9679964717014276,9.196042403776682
805,Suburban community,zoned_enforcement,7.143941010012901,16.001854888124065
805,Urban community,zoned_enforcement,8.342782324948352,19.674990943205447
806,Protected land,zoned_enforcement,1.938290579756552,4.926366659742757
806,Rural community,zoned_enforcement,2.658571405981945,7.642086958862721
806,Suburban community,zoned_enforcement,4.593300155408855,13.29235241891737
806,Urban community,zoned_enforcement,5.454466561966292,16.371005146320073
807,Protected land,adaptive_curfew,2.85163929147953,5.989081040359491
807,Rural community,zoned_enforcement,3.7838413476983073,8.83750195240351
807,Suburban community,zoned_enforcement,6.065962630229334,14.923169425843255
807,Urban community,zoned_enforcement,6.834491631710353,18.3483280118772
808,Protected land,zoned_enforcement,2.516127747928737,5.38729060782406
808,Rural community,zoned_enforcement,3.0943679195442506,8.332031847827533
808,Suburban community,zoned_enforcement,5.738640229186643,14.497709803258193
808,Urban community,zoned_enforcement,6.822558972422499,17.786084598755536
809,Protected land,adaptive_curfew,2.8856501989324865,5.881946085954951
809,Rural community,zoned_enforcement,4.117076923453741,9.12132797060173
809,Suburban community,zoned_enforcement,6.5429834575522445,15.942998275163964
809,Urban community,zoned_enforcement,7.477883167573978,19.598908097532693
810,Protected land,zoned_enforcement,2.8838557284271236,5.9727938807364485
810,Rural community,zoned_enforcement,4.129277534373893,9.194468859550684
810,Suburban community,zoned_enforcement,7.079570603618572,15.83725691419528
810,Urban community,zoned_enforcement,8.32485890234635,19.308811739457816
811,Protected land,zoned_enforcement,2.485318669297809,5.370893320056603
811,Rural community,zoned_enforcement,3.4978886850454494,8.22787520595108
811,Suburban community,zoned_enforcement,5.485826884381899,14.303538444410819
811,Urban community,zoned_enforcement,6.228516470546628,17.57045781168242
812,Protected land,zoned_enforcement,2.758502435777619,5.8079248732253115
812,Rural community,zoned_enforcement,3.877914132618878,9.007832648275139
812,Suburban community,zoned_enforcement,6.651572238943393,15.567780712257436
812,Urban community,zoned_enforcement,7.928819429044276,19.082139056347394
813,Protected land,zoned_enforcement,2.6252889372245742,5.512195016843442
813,Rural community,zoned_enforcement,3.642513751987135,8.630880195174342
813,Suburban community,zoned_enforcement,6.596609568802338,15.101849315349869
813,Urban community,zoned_enforcement,7.532555743385965,18.59004472381156
814,Protected land,zoned_enforcement,2.5298849658051914,5.527452805721227
814,Rural community,zoned_enforcement,3.596282713574926,8.455556486167277
814,Suburban community,zoned_enforcement,5.975608206388197,14.582810336943774
814,Urban community,zoned_enforcement,6.673111561164953,17.920326695498538
815,Protected land,zoned_enforcement,2.185826754694219,5.181087983107083
815,Rural community,zoned_enforcement,2.7647609603165177,7.798481804257673
815,Suburban community,zoned_enforcement,4.440585566707654,13.352627820203846
815,Urban community,zoned_enforcement,5.2715841900876725,16.34207653165464
816,Protected land,zoned_enforcement,2.5511599037223225,5.421600222257849
816,Rural community,zoned_enforcement,3.578792494920534,8.370978224526398
816,Suburban community,zoned_enforcement,5.999635750280397,14.58983057642966
816,Urban community,zoned_enforcement,6.358094821638407,18.04348469349188
817,Protected land,adaptive_curfew,2.776450396143127,6.014889419354217
817,Rural community,zoned_enforcement,3.7807746060993246,9.060681223054093
817,Suburban community,zoned_enforcement,6.677447553113655,15.572000656130552
817,Urban community,zoned_enforcement,7.927925134652064,19.073142760782012
818,Protected land,adaptive_curfew,2.6715502228950476,6.054764164572245
818,Rural community,zoned_enforcement,3.8938647679545895,9.177179102213053
818,Suburban community,zoned_enforcement,6.423928951976119,15.77961064945005
818,Urban community,zoned_enforcement,7.495321124935574,19.348077855402163
819,Protected land,zoned_enforcement,2.9085369088069277,6.238529283277339
819,Rural community,zoned_enforcement,4.487442252722398,9.45388667556368
819,Suburban community,zoned_enforcement,7.207234227975363,16.257871643805245
819,Urban community,zoned_enforcement,9.046206980774977,20.05520309548188
820,Protected land,adaptive_curfew,2.8795895595187675,5.827782966189166
820,Rural community,zoned_enforcement,3.982949658023778,9.035395568048694
820,Suburban community,zoned_enforcement,6.734659814318814,15.830463471068738
820,Urban community,zoned_enforcement,8.075402683190195,19.40216555129702
821,Protected land,zoned_enforcement,2.7812178830830194,6.0070091256472375
821,Rural community,zoned_enforcement,4.132035824224542,9.019986859739449
821,Suburban community,zoned_enforcement,6.336913117740886,15.331580936877124
821,Urban community,zoned_enforcement,7.745234873832288,18.836767533410388
822,Protected land,zoned_enforcement,2.546576109097485,5.601552293397028
822,Rural community,zoned_enforcement,3.487679223145035,8.487579544629275
822,Suburban community,zoned_enforcement,5.622315114835864,14.644805587948337
822,Urban community,zoned_enforcement,6.801503243215546,17.926819468563473
823,Protected land,zoned_enforcement,2.9016394305048294,6.087574381895858
823,Rural community,zoned_enforcement,4.352227886206857,9.381822514991498
823,Suburban community,zoned_enforcement,7.518985971180163,16.25218307520962
823,Urban community,zoned_enforcement,8.084157193100088,19.94712548032151
824,Protected land,adaptive_curfew,2.9259476811284255,6.061468550486006
824,Rural community,zoned_enforcement,4.346711867260143,9.311503238612923
824,Suburban community,zoned_enforcement,6.82819961604452,16.13652074117775
824,Urban community,zoned_enforcement,8.624775550939273,19.898813754916617
825,Protected land,zoned_enforcement,2.0701652513714635,4.942274692935838
825,Rural community,zoned_enforcement,2.8220741669954936,7.688383440854388
825,Suburban community,zoned_enforcement,4.728884474844779,13.355783630740731
825,Urban community,zoned_enforcement,5.241608871810044,16.282054375471887
826,Protected land,zoned_enforcement,2.155818492979266,4.975384299281706
826,Rural community,zoned_enforcement,2.789595903025905,7.601229854913689
826,Suburban community,zoned_enforcement,4.99996319320862,13.160645192321812
826,Urban community,zoned_enforcement,5.2334713472107826,16.24631848438483
827,Protected land,adaptive_curfew,2.2586168421028745,5.477707454712986
827,Rural community,zoned_enforcement,3.218682743291094,8.29982245621157
827,Suburban community,zoned_enforcement,4.973876742956506,14.224384247248267
827,Urban community,zoned_enforcement,6.393578185760806,17.328991546821978
828,Protected land,adaptive_curfew,3.078780020935,6.1187014589651545
828,Rural community,zoned_enforcement,3.998881045442287,9.346033043730802
828,Suburban community,zoned_enforcement,7.3455896743098315,16.177780636986714
828,Urban community,zoned_enforcement,8.340461655042846,19.79225823915361
829,Protected land,adaptive_curfew,3.0990483500687556,6.352692976702647
829,Rural community,zoned_enforcement,4.537165044320096,9.683221568806005
829,Suburban community,zoned_enforcement,7.6883068049571595,16.601885082361814
829,Urban community,zoned_enforcement,8.196855993955593,20.335396286074726
830,Protected land,zoned_enforcement,2.353767906768888,5.166646294900442
830,Rural community,zoned_enforcement,3.0071642085323402,7.943036230933173
830,Suburban community,zoned_enforcement,4.832018249572778,13.78830750953021
830,Urban community,zoned_enforcement,5.590426896424912,16.8751256020659
831,Protected land,adaptive_curfew,2.6758831578906728,5.900902985476989
831,Rural community,zoned_enforcement,3.9471941801810564,9.128872911011388
831,Suburban community,zoned_enforcement,6.489778200007391,15.80122412351906
831,Urban community,zoned_enforcement,7.838704108850774,19.249914600343626
832,Protected land,zoned_enforcement,2.333525347112228,5.271657542179603
832,Rural community,zoned_enforcement,3.1580000749875765,8.097807304644467
832,Suburban community,zoned_enforcement,4.648649703452843,14.092104702246159
832,Urban community,zoned_enforcement,6.008596380613859,17.251113245452384
833,Protected land,adaptive_curfew,2.6617860149463257,5.940358139957259
833,Rural community,zoned_enforcement,4.122428646074289,9.15697212116859
833,Suburban community,zoned_enforcement,7.179767481217803,15.857670191100476
833,Urban community,zoned_enforcement,7.821057515972898,19.439872837304666
834,Protected land,zoned_enforcement,2.2049500131601123,5.27913305497207
834,Rural community,zoned_enforcement,3.0863739009786952,8.012476276363365
834,Suburban community,zoned_enforcement,4.880202758843016,13.70609368222049
834,Urban community,zoned_enforcement,6.02818258974629,16.813191723146453
835,Protected land,adaptive_curfew,2.948605262042135,6.170186529940012
835,Rural community,zoned_enforcement,4.2388644721468705,9.360257142328688
835,Suburban community,zoned_enforcement,6.988779974028107,16.121616577778198
835,Urban community,zoned_enforcement,8.040081241445165,19.66051864878252
836,Protected land,zoned_enforcement,2.7759091358588113,6.044085906178742
836,Rural community,zoned_enforcement,4.143984741036244,9.2581866530105
836,Suburban community,zoned_enforcement,7.184505392844617,16.003855593625737
836,Urban community,zoned_enforcement,8.472910114661827,19.61742752360715
837,Protected land,zoned_enforcement,2.8145367251325246,5.974871131015452
837,Rural community,adaptive_curfew,3.9093113660695913,9.140433255983886
837,Suburban community,zoned_enforcement,6.49680178072391,15.781315936159473
837,Urban community,zoned_enforcement,7.693062886827153,19.38564206164061
838,Protected land,adaptive_curfew,2.5737591838135976,5.666832922044775
838,Rural community,zoned_enforcement,3.7232811325779362,8.827796964457514
838,Suburban community,zoned_enforcement,6.908565013400649,15.480453009694378
838,Urban community,zoned_enforcement,7.551284819328371,19.12743160502968
839,Protected land,zoned_enforcement,2.325188570139442,5.311965892861352
839,Rural community,zoned_enforcement,2.9372783743660245,7.9648319840271045
839,Suburban community,zoned_enforcement,4.717342298428386,13.540011421144749
839,Urban community,zoned_enforcement,5.711787760077483,16.700532054808882
840,Protected land,adaptive_curfew,2.459240508577144,5.380543261325302
840,Rural community,zoned_enforcement,3.243549286860315,8.290302475692869
840,Suburban community,zoned_enforcement,5.953660274741054,14.417845820876272
840,Urban community,zoned_enforcement,6.982064851393712,17.82696570525724
841,Protected land,zoned_enforcement,2.5554964845860426,5.461290532926751
841,Rural community,zoned_enforcement,3.5993303379169514,8.553380071705734
841,Suburban community,zoned_enforcement,6.44790659575898,14.93419996192651
841,Urban community,zoned_enforcement,7.377896725866821,18.433306434888294
842,Protected land,adaptive_curfew,2.837981152563217,5.888268478181018
842,Rural community,zoned_enforcement,3.710281638841395,8.694104673589308
842,Suburban community,zoned_enforcement,6.221931339288867,14.664586385059145
842,Urban community,zoned_enforcement,6.251358347098218,17.984829725188906
843,Protected land,zoned_enforcement,2.8786689182517873,5.993408377691675
843,Rural community,zoned_enforcement,4.27771138388734,9.314673145405816
843,Suburban community,zoned_enforcement,7.24847114245536,16.309863565628877
843,Urban community,zoned_enforcement,8.341909954071392,20.120906987367302
844,Protected land,adaptive_curfew,2.6638806352335536,5.933181962951663
844,Rural community,zoned_enforcement,3.9028252497597125,9.092898124872631
844,Suburban community,adaptive_curfew,6.484032540931542,15.79569813988556
844,Urban community,zoned_enforcement,7.572451336808312,19.2455457244689
845,Protected land,zoned_enforcement,2.680085933648702,5.859372971716944
845,Rural community,zoned_enforcement,3.6062547566677274,8.857873631701851
845,Suburban community,zoned_enforcement,5.96516122489253,15.187939486263202
845,Urban community,zoned_enforcement,7.034046550737029,18.699146057137696
846,Protected land,zoned_enforcement,2.505114434830054,5.51154688030331
846,Rural community,zoned_enforcement,3.7563541111778074,8.680905651881911
846,Suburban community,zoned_enforcement,6.162946395320931,15.214620282984766
846,Urban community,zoned_enforcement,7.085089090084425,18.540550975776274
847,Protected land,zoned_enforcement,2.237578068123741,5.4236626355718665
847,Rural community,zoned_enforcement,2.878083113555946,8.170149073922481
847,Suburban community,zoned_enforcement,5.214356422731678,13.947368768821075
847,Urban community,zoned_enforcement,5.721417370069876,16.996526736581625
848,Protected land,zoned_enforcement,2.116181542549166,5.063487823306267
848,Rural community,zoned_enforcement,2.770659525696643,7.823959844089931
848,Suburban community,zoned_enforcement,5.038772109341581,13.626349520282286
848,Urban community,zoned_enforcement,5.690203159990256,16.71919519702714
849,Protected land,adaptive_curfew,2.679498492671421,5.709063133750878
849,Rural community,zoned_enforcement,3.3886604978462236,8.705571540027076
849,Suburban community,zoned_enforcement,6.402023679396974,15.045503694591092
849,Urban community,zoned_enforcement,7.626880828139241,18.52758102405618
850,Protected land,adaptive_curfew,2.5039335677192383,5.5806859823609205
850,Rural community,zoned_enforcement,3.1168309967850396,8.303019258952803
850,Suburban community,zoned_enforcement,5.179733797966726,14.033190650578739
850,Urban community,zoned_enforcement,5.8958790212607255,17.13157116783182
851,Protected land,adaptive_curfew,2.614533004837887,5.647814540920377
851,Rural community,zoned_enforcement,3.5340398232230275,8.613599989524692
851,Suburban community,zoned_enforcement,5.870782248399504,14.925382899992304
851,Urban community,zoned_enforcement,6.9857516457129485,18.210435889094388
852,Protected land,zoned_enforcement,2.1118165977190677,5.0341990895024535
852,Rural community,zoned_enforcement,2.8103617021902254,7.7887841486734
852,Suburban community,zoned_enforcement,4.7324242302795785,13.637743279253284
852,Urban community,zoned_enforcement,5.424860299556588,16.708699441527155
853,Protected land,zoned_enforcement,2.282466822064671,5.405435328079245
853,Rural community,zoned_enforcement,3.0904507427497077,8.219559900939066
853,Suburban community,zoned_enforcement,5.453086068760612,14.122691342850638
853,Urban community,zoned_enforcement,6.236720335838461,17.341480523464085
854,Protected land,zoned_enforcement,2.822364963596468,6.118571750034612
854,Rural community,zoned_enforcement,4.256731315594611,9.235816326746336
854,Suburban community,zoned_enforcement,6.833210356204548,15.733720553705666
854,Urban community,zoned_enforcement,8.165332281816692,19.312551246280307
855,Protected land,zoned_enforcement,1.9630173742989792,4.7999369386419755
855,Rural community,zoned_enforcement,2.8983290046219112,7.48816773244541
855,Suburban community,zoned_enforcement,4.758204484574284,13.196923387040144
855,Urban community,zoned_enforcement,5.065465189228567,16.291501773408452
856,Protected land,zoned_enforcement,2.0866705234157408,5.0792265073188005
856,Rural community,zoned_enforcement,3.0965260623135276,7.847085294682723
856,Suburban community,zoned_enforcement,4.7712315694531675,13.717515052212962
856,Urban community,zoned_enforcement,6.012584072857289,16.885657922919545
857,Protected land,adaptive_curfew,2.4240923581031577,5.4729567233962735
857,Rural community,zoned_enforcement,3.3127545780312113,8.303981745596012
857,Suburban community,zoned_enforcement,5.484767329960475,14.336312277021285
857,Urban community,zoned_enforcement,6.146529510956514,17.477550043437805
858,Protected land,zoned_enforcement,2.8963189416967454,5.887376694150013
858,Rural community,zoned_enforcement,3.8640221025062544,9.099386343420173
858,Suburban community,zoned_enforcement,6.687011257220433,15.885536936695383
858,Urban community,zoned_enforcement,8.124274771068164,19.516014395964422
859,Protected land,adaptive_curfew,2.6528074365304484,5.688120543721423
859,Rural community,zoned_enforcement,3.7087533776133004,8.84989884741592
859,Suburban community,zoned_enforcement,6.2937586336879825,15.446901300577077
859,Urban community,zoned_enforcement,7.959918038410157,18.943149608910918
860,Protected land,adaptive_curfew,2.758909792624797,5.871690775391594
860,Rural community,zoned_enforcement,3.812579237556462,8.869770208172985
860,Suburban community,zoned_enforcement,6.181843269469306,15.23878292234066
860,Urban community,zoned_enforcement,7.172049734538545,18.77683221304303
861,Protected land,zoned_enforcement,2.3091828788697533,5.526386922793747
861,Rural community,zoned_enforcement,2.7710000117788702,8.17392600788219
861,Suburban community,zoned_enforcement,4.734051060987971,13.863584661785255
861,Urban community,zoned_enforcement,5.411589696708994,16.952641424521385
862,Protected land,adaptive_curfew,2.8981833884916517,6.198624538767147
862,Rural community,zoned_enforcement,4.644877539853891,9.490018297718352
862,Suburban community,adaptive_curfew,6.981277581303138,16.39209492871095
862,Urban community,zoned_enforcement,8.46116313720602,20.03796478508238
863,Protected land,adaptive_curfew,2.7956822816905516,5.949316789997661
863,Rural community,zoned_enforcement,4.16556219906734,9.342382150258457
863,Suburban community,zoned_enforcement,7.238242426376734,16.40408961103109
863,Urban community,zoned_enforcement,9.117091727038233,20.114904918023154
864,Protected land,adaptive_curfew,2.7992339994257542,5.920781679899496
864,Rural community,zoned_enforcement,3.777274069186155,9.091548407348995
864,Suburban community,zoned_enforcement,6.839788919724777,15.795456744601472
864,Urban community,zoned_enforcement,7.862791574253629,19.373972730320148
865,Protected land,adaptive_curfew,2.6565763740266153,5.9262508769157245
865,Rural community,zoned_enforcement,3.967328169055002,8.980207897080266
865,Suburban community,zoned_enforcement,6.658774889023681,15.393544600241041
865,Urban community,zoned_enforcement,7.574055828791449,18.90441259315148
866,Protected land,zoned_enforcement,2.9269619357682233,6.193322729261945
866,Rural community,zoned_enforcement,4.501042312402753,9.455010404322323
866,Suburban community,zoned_enforcement,6.789871170617916,16.264852789200425
866,Urban community,zoned_enforcement,8.404605506873338,19.996001598134864
867,Protected land,zoned_enforcement,2.919366893516728,6.320911346187211
867,Rural community,zoned_enforcement,4.324315999500189,9.493010479471682
867,Suburban community,adaptive_curfew,6.757199544753716,16.159014487653003
867,Urban community,zoned_enforcement,8.655323378570763,19.841619024256474
868,Protected land,zoned_enforcement,2.603928885768077,5.6734242057879225
868,Rural community,zoned_enforcement,3.3285760508135143,8.565875910360928
868,Suburban community,zoned_enforcement,5.874227887117355,14.660753001578563
868,Urban community,zoned_enforcement,6.7789294074152995,17.987163091159715
869,Protected land,adaptive_curfew,2.7481210146356747,6.025338436219283
869,Rural community,zoned_enforcement,3.9747396063264917,9.094605001998294
869,Suburban community,zoned_enforcement,6.686426982871454,15.47258000775988
869,Urban community,zoned_enforcement,7.615527973073389,18.940925720848785
870,Protected land,zoned_enforcement,2.1840638914585795,5.084980485563313
870,Rural community,zoned_enforcement,3.0872867999975186,8.039363119363522
870,Suburban community,zoned_enforcement,5.092791264190327,14.157411856928295
870,Urban community,zoned_enforcement,6.427092175505139,17.31471898921219
871,Protected land,adaptive_curfew,2.3683798942947702,5.282160465725017
871,Rural community,zoned_enforcement,3.2386195796172244,8.157282749559224
871,Suburban community,zoned_enforcement,5.346145728657799,14.175853415057604
871,Urban community,zoned_enforcement,5.947733131618179,17.26814442200663
872,Protected land,zoned_enforcement,2.514206896636243,5.613180677031802
872,Rural community,zoned_enforcement,3.4922262594900646,8.581130759621116
872,Suburban community,zoned_enforcement,6.076036636886734,14.79401848129329
872,Urban community,zoned_enforcement,6.726731432209277,18.047331709265052
873,Protected land,adaptive_curfew,3.39523884924098,6.590346247694895
873,Rural community,adaptive_curfew,4.782519190148195,9.790559220979357
873,Suburban community,adaptive_curfew,7.349642303045197,16.618354541855496
873,Urban community,zoned_enforcement,8.53344046786523,20.336252725466814
874,Protected land,zoned_enforcement,2.898185390068957,6.174408353318881
874,Rural community,zoned_enforcement,4.016968909620864,9.207422401546337
874,Suburban community,adaptive_curfew,6.287534626006803,15.645914396322405
874,Urban community,zoned_enforcement,8.0653089673607,19.18798311640694
875,Protected land,adaptive_curfew,2.7092358097016622,5.883809461676672
875,Rural community,adaptive_curfew,3.837526906870238,8.932343298693317
875,Suburban community,zoned_enforcement,6.035305623488247,15.32677116134367
875,Urban community,zoned_enforcement,7.40846407086522,18.744033561512214
876,Protected land,adaptive_curfew,3.0679881486109983,6.316235879937379
876,Rural community,zoned_enforcement,4.364125676070213,9.536659621050063
876,Suburban community,zoned_enforcement,7.43407579587846,16.363898830347686
876,Urban community,zoned_enforcement,8.294387812712309,20.0594143516109
877,Protected land,adaptive_curfew,2.7774553823916177,6.012275401313359
877,Rural community,zoned_enforcement,3.761777068744279,8.972497949774748
877,Suburban community,zoned_enforcement,6.395884063828655,15.238433348936667
877,Urban community,zoned_enforcement,7.285648571547062,18.77303502046362
878,Protected land,zoned_enforcement,2.342196064804649,5.533074609367794
878,Rural community,zoned_enforcement,3.2197007000049815,8.21371265748716
878,Suburban community,zoned_enforcement,5.058029725249861,13.945071906482202
878,Urban community,zoned_enforcement,5.668962012540348,17.06910736207158
879,Protected land,adaptive_curfew,2.8313926503458324,5.869657007531857
879,Rural community,zoned_enforcement,4.2961687847810035,9.137123885811537
879,Suburban community,zoned_enforcement,6.93221343839776,15.96739977179471
879,Urban community,zoned_enforcement,8.038586868155827,19.702296085486765
880,Protected land,adaptive_curfew,2.7499170076933996,5.986956545110423
880,Rural community,zoned_enforcement,3.7563804631724844,8.964528323550658
880,Suburban community,zoned_enforcement,6.3928470196272364,15.323718066883812
880,Urban community,zoned_enforcement,7.25254801800498,18.861890716389254
881,Protected land,zoned_enforcement,2.507228559240364,5.373779093562798
881,Rural community,zoned_enforcement,3.361505877412908,8.284619874513957
881,Suburban community,zoned_enforcement,5.383527395563105,14.338284289080045
881,Urban community,zoned_enforcement,6.47323181760971,17.588466150636446
882,Protected land,zoned_enforcement,2.3143075833312405,5.155879163032549
882,Rural community,zoned_enforcement,2.774528917612856,7.858114669693747
882,Suburban community,zoned_enforcement,4.903362394253596,13.528786716555913
882,Urban community,zoned_enforcement,5.660115206773458,16.64469594892502
883,Protected land,zoned_enforcement,2.360146645427456,5.459860450923649
883,Rural community,zoned_enforcement,3.2820055351972703,8.250936221599096
883,Suburban community,zoned_enforcement,5.828201805687293,14.237492679513538
883,Urban community,zoned_enforcement,6.431052074461098,17.54289837722871
884,Protected land,zoned_enforcement,2.4472887422632046,5.427364085974766
884,Rural community,zoned_enforcement,3.350144129453631,8.427972937013484
884,Suburban community,zoned_enforcement,5.726888533213733,14.649007830139022
884,Urban community,zoned_enforcement,6.610583261984221,17.959547176419967
885,Protected land,zoned_enforcement,2.7712818150976277,5.87396136941629
885,Rural community,zoned_enforcement,3.697110363714871,8.978083778327576
885,Suburban community,zoned_enforcement,6.380615982716142,15.585822603696409
885,Urban community,zoned_enforcement,7.547359846921346,19.113124152042513
886,Protected land,zoned_enforcement,2.86203201056357,5.957122047346994
886,Rural community,zoned_enforcement,4.084127374527414,9.226571237624329
886,Suburban community,zoned_enforcement,6.73804750460528,16.04900136186143
886,Urban community,zoned_enforcement,8.284135773306682,19.607663731694135
887,Protected land,zoned_enforcement,2.959838706526779,5.982106423724916
887,Rural community,zoned_enforcement,4.190471874142165,9.195483955178746
887,Suburban community,zoned_enforcement,7.307576233327188,15.806436923834422
887,Urban community,zoned_enforcement,7.86334608808253,19.3501359195298
888,Protected land,zoned_enforcement,2.1474106699433917,5.06031828550354
888,Rural community,zoned_enforcement,2.9860656320353334,7.757825586380794
888,Suburban community,zoned_enforcement,4.790413333607274,13.428231525587114
888,Urban community,zoned_enforcement,5.370872719845172,16.50234129140512
889,Protected land,adaptive_curfew,3.1491157134139405,6.253395400793724
889,Rural community,zoned_enforcement,4.2994251978255535,9.48753217520964
889,Suburban community,zoned_enforcement,6.8474471522438805,16.327690652201195
889,Urban community,zoned_enforcement,8.666167080531606,20.076925090119605
890,Protected land,zoned_enforcement,2.8052076862101316,6.228743671983168
890,Rural community,zoned_enforcement,3.9153467734640905,9.298357972191427
890,Suburban community,zoned_enforcement,7.067281716478826,15.899994751786473
890,Urban community,zoned_enforcement,7.753096732650871,19.563806982433412
891,Protected land,zoned_enforcement,2.9367684328117276,6.204386100419514
891,Rural community,zoned_enforcement,4.275157373647088,9.569659568126422
891,Suburban community,zoned_enforcement,7.160856106009158,16.612080545758193
891,Urban community,zoned_enforcement,8.56321490269039,20.294938165844396
892,Protected land,adaptive_curfew,2.268333407072506,5.175158865970674
892,Rural community,zoned_enforcement,3.1840896441726976,8.153109387064196
892,Suburban community,zoned_enforcement,5.581117484068539,14.432310334146143
892,Urban community,zoned_enforcement,6.957823148426884,17.748447523849446
893,Protected land,zoned_enforcement,2.827823109135789,5.997452765397031
893,Rural community,zoned_enforcement,4.006632833908319,9.045121763822063
893,Suburban community,zoned_enforcement,6.589343905783293,15.472645035119106
893,Urban community,zoned_enforcement,8.02301739203301,19.095366317392234
894,Protected land,adaptive_curfew,2.789828712121235,5.7598970051929825
894,Rural community,zoned_enforcement,3.5123648820097495,8.737173828226103
894,Suburban community,zoned_enforcement,5.984706202272619,15.038077548270829
894,Urban community,zoned_enforcement,6.794737255004609,18.345661947774516
895,Protected land,zoned_enforcement,2.13547416901053,5.003355384232746
895,Rural community,zoned_enforcement,2.879942297199534,7.695938434189068
895,Suburban community,zoned_enforcement,4.556026597437928,13.224799847293301
895,Urban community,zoned_enforcement,5.085720926420191,16.16807901819087
896,Protected land,zoned_enforcement,2.6041261990358664,5.663171284636761
896,Rural community,zoned_enforcement,3.8220358316422844,8.843842476861424
896,Suburban community,zoned_enforcement,6.855900472809948,15.503528679032913
896,Urban community,zoned_enforcement,7.264492921723614,19.1135110775702
897,Protected land,zoned_enforcement,2.7181613821992476,5.977623665737018
897,Rural community,zoned_enforcement,3.837814771034485,9.03905581944911
897,Suburban community,zoned_enforcement,6.423716406689694,15.549620021871178
897,Urban community,zoned_enforcement,7.862122639016121,19.04126493569886
898,Protected land,adaptive_curfew,2.586858922050227,5.788139884812947
898,Rural community,zoned_enforcement,3.744125026923527,8.71524578059259
898,Suburban community,zoned_enforcement,6.0223207175497,14.844753884437514
898,Urban community,zoned_enforcement,6.504087376475471,18.174657840770948
899,Protected land,zoned_enforcement,2.424134727217433,5.387571159343818
899,Rural community,zoned_enforcement,3.0373059469980825,8.068428545869969
899,Suburban community,zoned_enforcement,4.683798744691815,13.766532046234687
899,Urban community,zoned_enforcement,5.433668684105136,16.85609917054992
900,Protected land,zoned_enforcement,2.2607285081681416,5.38986532553154
900,Rural community,zoned_enforcement,3.365558076903805,8.389556492416123
900,Suburban community,zoned_enforcement,5.641605585043974,14.747785540500335
900,Urban community,zoned_enforcement,6.638145450734768,18.146560311829713
901,Protected land,zoned_enforcement,2.555622999920984,5.65094930006139
901,Rural community,zoned_enforcement,3.6027255163269984,8.589998525909111
901,Suburban community,zoned_enforcement,6.2092222846697105,14.862981412970228
901,Urban community,zoned_enforcement,7.251790226218647,18.27709238845405
902,Protected land,adaptive_curfew,2.663408927539104,5.635082457921527
902,Rural community,zoned_enforcement,3.645491869786408,8.709407648802614
902,Suburban community,zoned_enforcement,6.482574683397242,15.108354389672455
902,Urban community,zoned_enforcement,7.016375109513138,18.572802345008974
903,Protected land,zoned_enforcement,3.0045163570227653,6.335737533915836
903,Rural community,adaptive_curfew,4.426996824146593,9.682272878458917
903,Suburban community,zoned_enforcement,7.3294351701582166,16.674923410047587
903,Urban community,zoned_enforcement,8.574199985414978,20.316746265703074
904,Protected land,zoned_enforcement,2.850818980853147,5.937094349198924
904,Rural community,zoned_enforcement,3.983285656857566,9.067292190017145
904,Suburban community,zoned_enforcement,6.359217088178909,15.635309071853268
904,Urban community,zoned_enforcement,7.801727938989718,19.107966656493915
905,Protected land,zoned_enforcement,2.2341052658918965,5.07760068169016
905,Rural community,zoned_enforcement,2.7259712767391333,7.840414605074307
905,Suburban community,zoned_enforcement,4.7954342548061835,13.605991788382296
905,Urban community,zoned_enforcement,5.65226830951174,16.61301935449884
906,Protected land,zoned_enforcement,2.403057867635004,5.51596875244742
906,Rural community,zoned_enforcement,3.1023194384160737,8.302994354119233
906,Suburban community,zoned_enforcement,5.72695923389451,14.278984284409546
906,Urban community,zoned_enforcement,5.8917294479430105,17.619151288967938
907,Protected land,zoned_enforcement,2.1195529167407186,5.081860877290304
907,Rural community,zoned_enforcement,2.817840432496374,7.724871108836378
907,Suburban community,zoned_enforcement,4.482292625597598,13.377320768470055
907,Urban community,zoned_enforcement,5.189756939681157,16.398517952663898
908,Protected land,adaptive_curfew,2.736555337811076,6.031035199908499
908,Rural community,zoned_enforcement,4.261417003004324,9.251180532328911
908,Suburban community,zoned_enforcement,6.983214842313268,16.072243301177544
908,Urban community,zoned_enforcement,8.136568965605733,19.68747035103007
909,Protected land,adaptive_curfew,2.6104269441529073,5.740953650388681
909,Rural community,zoned_enforcement,3.4565151380834003,8.595459232871969
909,Suburban community,zoned_enforcement,5.741326089925661,14.6984311221494
909,Urban community,zoned_enforcement,6.568057102228067,17.942932286458245
910,Protected land,zoned_enforcement,2.2379924495633934,5.1535361892464
910,Rural community,zoned_enforcement,3.0491365166944604,8.050736304461793
910,Suburban community,zoned_enforcement,5.102921334567544,14.089183409080752
910,Urban community,zoned_enforcement,5.843015540862218,17.359890752543393
911,Protected land,zoned_enforcement,2.226285222823068,5.385800577796044
911,Rural community,zoned_enforcement,2.892022215336075,8.028834642190454
911,Suburban community,zoned_enforcement,4.475127315500307,13.659526701709312
911,Urban community,zoned_enforcement,5.545415991148392,16.71653506332042
912,Protected land,zoned_enforcement,2.2998492081937867,5.6182090691383335
912,Rural community,zoned_enforcement,3.5587039739279485,8.386009501663699
912,Suburban community,zoned_enforcement,5.32201961684444,14.232112933096069
912,Urban community,zoned_enforcement,6.628987034466281,17.536194126959764
913,Protected land,adaptive_curfew,2.8836726186743933,6.171952551440217
913,Rural community,zoned_enforcement,4.507937817730643,9.501617251376164
913,Suburban community,adaptive_curfew,7.166729270405039,16.535289765283192
913,Urban community,zoned_enforcement,8.789933007225407,20.26712595461713
914,Protected land,adaptive_curfew,2.9725541241740814,6.024304067098986
914,Rural community,zoned_enforcement,4.178510307547989,9.319363148894505
914,Suburban community,zoned_enforcement,7.289837626185735,16.144542688336667
914,Urban community,zoned_enforcement,8.41754073730704,19.774811081794184
915,Protected land,adaptive_curfew,2.8751597618355014,5.990985872212587
915,Rural community,zoned_enforcement,4.092806241404809,9.04381813825988
915,Suburban community,zoned_enforcement,6.512803825896109,15.43140430382308
915,Urban community,zoned_enforcement,7.512561009898468,18.88308696242187
916,Protected land,zoned_enforcement,2.3002980368773303,5.364537543471428
916,Rural community,zoned_enforcement,3.3393843752313073,8.250481184953768
916,Suburban community,zoned_enforcement,5.551452651876517,14.333835274907363
916,Urban community,zoned_enforcement,6.483777586849536,17.559539415632567
917,Protected land,zoned_enforcement,2.873959386287299,5.8610286955390665
917,Rural community,zoned_enforcement,3.8135358299041595,9.04449480993951
917,Suburban community,zoned_enforcement,7.056745143145305,15.67814239344188
917,Urban community,zoned_enforcement,7.693816641841591,19.292364127390133
918,Protected land,adaptive_curfew,2.898138267518344,6.174064520384195
918,Rural community,zoned_enforcement,4.141231182266134,9.454868516318573
918,Suburban community,zoned_enforcement,6.919007569088164,16.274866204507514
918,Urban community,zoned_enforcement,8.786958828641513,19.87110841650027
919,Protected land,zoned_enforcement,2.6032839663994376,5.845224709181896
919,Rural community,zoned_enforcement,4.020690207930488,8.985492913115408
919,Suburban community,zoned_enforcement,6.493272916424649,15.498106503665058
919,Urban community,zoned_enforcement,7.769589731496952,18.98060505446759
920,Protected land,zoned_enforcement,2.516333788523871,5.521402234910988
920,Rural community,zoned_enforcement,3.2161103232459283,8.290988139259854
920,Suburban community,zoned_enforcement,5.607962269613795,14.196045681643929
920,Urban community,zoned_enforcement,6.142503893331,17.484639069314074
921,Protected land,zoned_enforcement,2.754932732762522,5.802222910967334
921,Rural community,zoned_enforcement,3.9910753170258157,9.07392710322886
921,Suburban community,zoned_enforcement,6.743498663346205,15.916287652474995
921,Urban community,zoned_enforcement,8.178485388083372,19.493759230613648
922,Protected land,adaptive_curfew,2.8643059525850463,5.851314159964469
922,Rural community,zoned_enforcement,3.7142758396248556,8.731974779935396
922,Suburban community,adaptive_curfew,5.54050863475241,14.90372623024013
922,Urban community,zoned_enforcement,6.658920076317795,18.260459221489736
923,Protected land,zoned_enforcement,2.2013832044412323,5.115513138841577
923,Rural community,zoned_enforcement,2.5362410192099887,7.720498305110259
923,Suburban community,zoned_enforcement,4.644777807725861,13.250053521150637
923,Urban community,zoned_enforcement,5.526859506049668,16.216621308481873
924,Protected land,adaptive_curfew,2.647405949476049,5.95070504261952
924,Rural community,zoned_enforcement,3.813366488898784,8.844219221225426
924,Suburban community,zoned_enforcement,5.921068369574593,14.885056204887814
924,Urban community,zoned_enforcement,6.627265518376584,18.240178060791436
925,Protected land,adaptive_curfew,2.8067086881894405,5.914830740086152
925,Rural community,zoned_enforcement,3.7987537256438504,9.047315527258712
925,Suburban community,zoned_enforcement,6.3189523405162795,15.688627305319178
925,Urban community,zoned_enforcement,7.669820180261533,19.29145068605684
926,Protected land,adaptive_curfew,3.2608408442860526,6.494680547549252
926,Rural community,adaptive_curfew,4.346056040824013,9.707930336596096
926,Suburban community,zoned_enforcement,6.9159288308011,16.537609544737776
926,Urban community,zoned_enforcement,8.444891978688961,20.219807149278683
927,Protected land,adaptive_curfew,2.779512706548332,5.909316358891883
927,Rural community,zoned_enforcement,4.147698364020909,9.033294414777691
927,Suburban community,zoned_enforcement,6.409973118879403,15.61702016526958
927,Urban community,zoned_enforcement,7.089889329103464,19.1875145073761
928,Protected land,zoned_enforcement,2.5397013983066214,5.868051143358998
928,Rural community,zoned_enforcement,3.5757643058543653,8.78671080788752
928,Suburban community,zoned_enforcement,5.925439872600393,15.00352820064134
928,Urban community,zoned_enforcement,7.125192322165324,18.34911043989362
929,Protected land,adaptive_curfew,2.8234421032516197,6.040365729315434
929,Rural community,zoned_enforcement,3.726366818147757,9.031444910813976
929,Suburban community,zoned_enforcement,6.416513651558311,15.463239047487729
929,Urban community,zoned_enforcement,7.499073601547712,19.12425713033695
930,Protected land,adaptive_curfew,2.6248733483504028,5.5089575671728355
930,Rural community,zoned_enforcement,3.8888401177662146,8.776827172473553
930,Suburban community,zoned_enforcement,6.617196136527836,15.642785791254669
930,Urban community,zoned_enforcement,8.049524254039715,19.21726749405427
931,Protected land,zoned_enforcement,3.112960412428548,6.446062600211451
931,Rural community,zoned_enforcement,4.404249066340666,9.64331801291052
931,Suburban community,zoned_enforcement,7.2036821758753735,16.411758163804148
931,Urban community,zoned_enforcement,8.791276933541972,20.219838478855213
932,Protected land,adaptive_curfew,2.7425300777103203,5.896116297686154
932,Rural community,zoned_enforcement,3.5371530335540697,8.860230298645916
932,Suburban community,zoned_enforcement,6.118775115094516,15.202204107493047
932,Urban community,zoned_enforcement,7.3183832061363105,18.695628492497697
933,Protected land,zoned_enforcement,2.6029083709996685,5.756107302846767
933,Rural community,zoned_enforcement,3.6569159248900283,8.90177837900924
933,Suburban community,zoned_enforcement,6.578381263057283,15.509011048757676
933,Urban community,zoned_enforcement,7.581811761009053,18.96773102705378
934,Protected land,zoned_enforcement,2.6096970105023263,5.611168926885175
934,Rural community,zoned_enforcement,3.81153293099118,8.808093709002634
934,Suburban community,zoned_enforcement,6.3309937032737125,15.423559444965882
934,Urban community,zoned_enforcement,7.866019415454369,18.906269956140477
935,Protected land,zoned_enforcement,2.3102262360429378,5.185494604086912
935,Rural community,zoned_enforcement,3.1147407565831715,7.988394119074477
935,Suburban community,zoned_enforcement,5.217684457998756,13.935757772724303
935,Urban community,zoned_enforcement,5.667992553425936,17.129554397067164
936,Protected land,zoned_enforcement,2.819736652913276,5.759597295210075
936,Rural community,zoned_enforcement,4.003256539410632,8.952100998664331
936,Suburban community,zoned_enforcement,6.500421810636023,15.57041236414457
936,Urban community,zoned_enforcement,7.462849115324232,19.04948571249102
937,Protected land,zoned_enforcement,2.5997224066499207,5.794416853901647
937,Rural community,zoned_enforcement,3.621324041648972,8.803494435951094
937,Suburban community,zoned_enforcement,5.640482304019226,15.205535003673512
937,Urban community,zoned_enforcement,7.728690668056895,18.623577071072887
938,Protected land,adaptive_curfew,2.7430516415031865,5.725360373412351
938,Rural community,adaptive_curfew,3.8248523235179066,8.969648034417158
938,Suburban community,zoned_enforcement,7.353622646690869,15.704286834846995
938,Urban community,zoned_enforcement,7.760259629172841,19.361578014951668
939,Protected land,zoned_enforcement,2.445646510457081,5.49731100518193
939,Rural community,zoned_enforcement,3.4713774348708144,8.488089804744394
939,Suburban community,zoned_enforcement,5.822723102060799,14.722780864613592
939,Urban community,zoned_enforcement,7.121123030010425,18.064716180292706
940,Protected land,zoned_enforcement,2.212785749117764,5.151354312813266
940,Rural community,zoned_enforcement,2.5033523649603566,7.741548880663393
940,Suburban community,zoned_enforcement,4.179402192622595,13.191228844868
940,Urban community,zoned_enforcement,5.055774913813435,16.179874790851358
941,Protected land,adaptive_curfew,3.1696615340428687,6.371295438357462
941,Rural community,zoned_enforcement,4.562567069586044,9.662386840060009
941,Suburban community,adaptive_curfew,7.58845344122598,16.690844673669638
941,Urban community,zoned_enforcement,8.572189475591387,20.420936139184477
942,Protected land,zoned_enforcement,2.9638937586782315,6.138616182786182
942,Rural community,zoned_enforcement,4.234364153805464,9.358882292182361
942,Suburban community,zoned_enforcement,7.167773728625939,16.123074689936008
942,Urban community,zoned_enforcement,8.459269128104253,19.757669715168827
943,Protected land,zoned_enforcement,2.8968652241961665,6.024864789003659
943,Rural community,zoned_enforcement,4.235216940574665,9.320666396819613
943,Suburban community,zoned_enforcement,7.075698517466774,16.179148319984215
943,Urban community,zoned_enforcement,7.646250683661961,19.719260406601276
944,Protected land,adaptive_curfew,2.9933306936403925,6.062656772198251
944,Rural community,zoned_enforcement,3.9976921207225704,9.1903826423499
944,Suburban community,zoned_enforcement,6.670793966385565,15.706699330999161
944,Urban community,zoned_enforcement,8.014829318533788,19.176591157919688
945,Protected land,adaptive_curfew,2.947971759944481,5.986285565120343
945,Rural community,zoned_enforcement,4.574760467476015,9.40806241043204
945,Suburban community,zoned_enforcement,7.1079398590882175,16.513478176072873
945,Urban community,zoned_enforcement,8.872115370257097,20.19947265071232
946,Protected land,zoned_enforcement,2.340384837841229,5.246976364147475
946,Rural community,zoned_enforcement,2.6441137583366805,7.77198999454802
946,Suburban community,zoned_enforcement,4.662673657872038,13.2034650591994
946,Urban community,zoned_enforcement,5.321881148432066,16.251093050296117
947,Protected land,adaptive_curfew,2.7955387110261154,5.858659325318175
947,Rural community,zoned_enforcement,4.16463916363028,9.192200931942516
947,Suburban community,zoned_enforcement,7.028370854602224,16.058450096572106
947,Urban community,zoned_enforcement,8.393254400973843,19.78341834544573
948,Protected land,zoned_enforcement,2.1288542952734493,5.053242487402119
948,Rural community,zoned_enforcement,2.6751055706601683,7.634265572122898
948,Suburban community,zoned_enforcement,4.612540136897746,13.120084493906436
948,Urban community,zoned_enforcement,5.312230055921592,16.16270860419271
949,Protected land,zoned_enforcement,2.569509419752052,5.747156699108712
949,Rural community,zoned_enforcement,3.448328387811891,8.516477695396064
949,Suburban community,zoned_enforcement,5.529628900700372,14.432008988454815
949,Urban community,zoned_enforcement,5.912513392026186,17.705215500826696
950,Protected land,adaptive_curfew,2.1198301179743915,5.029464808259306
950,Rural community,zoned_enforcement,2.7106352805090133,7.758267514287116
950,Suburban community,zoned_enforcement,4.543251276694335,13.476618210692628
950,Urban community,zoned_enforcement,5.639272364261927,16.46913631774548
951,Protected land,zoned_enforcement,2.1820835049628946,5.040211809364933
951,Rural community,zoned_enforcement,3.236576227805192,7.857637329327441
951,Suburban community,zoned_enforcement,4.857345682059002,13.788789951760194
951,Urban community,zoned_enforcement,5.967175393714234,16.96630554927928
952,Protected land,adaptive_curfew,2.149329166725315,5.216574752244842
952,Rural community,zoned_enforcement,2.69804210837907,7.805699199742684
952,Suburban community,zoned_enforcement,4.8928750750040315,13.328679207321043
952,Urban community,zoned_enforcement,5.59748537337099,16.33036838536324
953,Protected land,zoned_enforcement,2.48450900890043,5.686420248651984
953,Rural community,zoned_enforcement,3.374612253170466,8.456634934048543
953,Suburban community,zoned_enforcement,5.554687135262382,14.268527972861841
953,Urban community,zoned_enforcement,6.323352117536686,17.49322985724497
954,Protected land,adaptive_curfew,2.2355061822375113,5.349038306329904
954,Rural community,zoned_enforcement,3.1248491179467752,8.026870538715544
954,Suburban community,zoned_enforcement,5.047372231213819,13.671273277099658
954,Urban community,zoned_enforcement,5.72036790535282,16.628311872486293
955,Protected land,zoned_enforcement,2.3385258184783932,5.254773448954667
955,Rural community,zoned_enforcement,3.2090098850725495,8.222981906673347
955,Suburban community,zoned_enforcement,5.371710120452191,14.458983136041374
955,Urban community,zoned_enforcement,6.572665238304982,17.814623124075364
956,Protected land,zoned_enforcement,2.411789573007941,5.2556167502573725
956,Rural community,zoned_enforcement,3.098040936627328,8.20622852927446
956,Suburban community,zoned_enforcement,5.484770472343074,14.37725729701861
956,Urban community,zoned_enforcement,6.445143777241292,17.607650642692974
957,Protected land,zoned_enforcement,2.518137582991269,5.2860013968713275
957,Rural community,zoned_enforcement,3.164395498662058,8.208279132212922
957,Suburban community,zoned_enforcement,5.630418702875961,14.305808841100113
957,Urban community,zoned_enforcement,6.052680596016879,17.595212589865117
958,Protected land,adaptive_curfew,2.530840477990016,5.83427522548455
958,Rural community,zoned_enforcement,3.284250536973751,8.675301401507184
958,Suburban community,zoned_enforcement,5.585613909882673,14.65453165805301
958,Urban community,zoned_enforcement,6.220803755617494,17.943405925771337
959,Protected land,adaptive_curfew,2.557683982395062,5.4921048036973765
959,Rural community,zoned_enforcement,3.6460661137007913,8.717311713185323
959,Suburban community,zoned_enforcement,6.565973558046084,15.381091349492374
959,Urban community,zoned_enforcement,7.525718095120114,18.859324085848318
960,Protected land,adaptive_curfew,2.7772273236140346,5.856679204311989
960,Rural community,zoned_enforcement,3.9063814571840725,8.88067129667296
960,Suburban community,zoned_enforcement,6.1788609727673,15.293299594270133
960,Urban community,zoned_enforcement,7.047732021098149,18.764195515281937
961,Protected land,adaptive_curfew,3.063172297752118,6.350952609837501
961,Rural community,zoned_enforcement,4.158085492779,9.522777151069459
961,Suburban community,zoned_enforcement,7.1255863469168315,16.225341834557913
961,Urban community,zoned_enforcement,8.189335983558077,19.871446850334138
962,Protected land,zoned_enforcement,2.9639932760705316,6.1311932125719375
962,Rural community,zoned_enforcement,4.167649627441844,9.427480809309612
962,Suburban community,zoned_enforcement,6.900185892753877,16.229497633753716
962,Urban community,zoned_enforcement,8.140285338699993,19.845031815584708
963,Protected land,adaptive_curfew,2.5063399890382043,5.633183798714522
963,Rural community,zoned_enforcement,3.253836346131033,8.375481443745898
963,Suburban community,zoned_enforcement,5.396539073107778,14.215266720568259
963,Urban community,zoned_enforcement,5.542161353146623,17.43443052907541
964,Protected land,adaptive_curfew,3.0126680754633983,6.312636570475576
964,Rural community,zoned_enforcement,4.263263901058946,9.527237425671359
964,Suburban community,zoned_enforcement,7.623525473099566,16.39290154638479
964,Urban community,zoned_enforcement,8.542871972189362,20.233779346552684
965,Protected land,zoned_enforcement,2.8974248122958173,5.965407260230264
965,Rural community,zoned_enforcement,3.9817972899352316,9.139723216587106
965,Suburban community,zoned_enforcement,6.796117110088847,15.761035067573683
965,Urban community,zoned_enforcement,8.197090400927719,19.42297121273192
966,Protected land,zoned_enforcement,3.0062306600793627,6.2323622905102365
966,Rural community,zoned_enforcement,4.328533937314872,9.459440042267552
966,Suburban community,zoned_enforcement,7.032285902718652,16.178013965549766
966,Urban community,zoned_enforcement,8.231814493050845,19.874750019490122
967,Protected land,adaptive_curfew,2.466214867074749,5.508471266640913
967,Rural community,zoned_enforcement,3.3112331961252046,8.401991340501445
967,Suburban community,zoned_enforcement,6.147308463204613,14.433017613421562
967,Urban community,zoned_enforcement,6.7617257439260605,17.750045507415024
968,Protected land,adaptive_curfew,3.0246385987940445,6.20523545268957
968,Rural community,zoned_enforcement,4.068246589666895,9.416686161752885
968,Suburban community,zoned_enforcement,6.932650525848754,16.12162667925901
968,Urban community,zoned_enforcement,8.56551260803741,19.83476109697871
969,Protected land,adaptive_curfew,2.346873858913392,5.5387741744288235
969,Rural community,zoned_enforcement,3.132248807460087,8.272130359699176
969,Suburban community,zoned_enforcement,5.40934179793698,14.023974628628725
969,Urban community,zoned_enforcement,5.970450926656781,17.219372943558792
970,Protected land,adaptive_curfew,3.090592807005912,6.247950315241544
970,Rural community,zoned_enforcement,4.61139260465784,9.58847364070401
970,Suburban community,adaptive_curfew,6.979466901455483,16.58114607471633
970,Urban community,zoned_enforcement,8.74151060695244,20.25695954273482
971,Protected land,zoned_enforcement,2.666674813674204,5.646604201959769
971,Rural community,zoned_enforcement,3.78938785313927,8.677584088310391
971,Suburban community,zoned_enforcement,6.152191151618553,15.075033535607108
971,Urban community,zoned_enforcement,7.602667646361892,18.507283701765427
972,Protected land,adaptive_curfew,2.782436025304364,5.813453256066434
972,Rural community,zoned_enforcement,3.928306304614175,9.014329047918457
972,Suburban community,zoned_enforcement,7.046242141831186,15.76033927484507
972,Urban community,zoned_enforcement,7.84968549740713,19.366613408795125
973,Protected land,zoned_enforcement,2.4667674286383763,5.505529677414588
973,Rural community,zoned_enforcement,3.4590904330961756,8.505245099267896
973,Suburban community,zoned_enforcement,5.845537874731521,14.884519801863311
973,Urban community,zoned_enforcement,6.44937509597732,18.32151691666339
974,Protected land,zoned_enforcement,2.3913924060063785,5.418673610365042
974,Rural community,zoned_enforcement,3.544572092465298,8.329039684321526
974,Suburban community,zoned_enforcement,5.3930799200156585,14.375723684672732
974,Urban community,zoned_enforcement,6.6534062462905315,17.55576766256309
975,Protected land,adaptive_curfew,2.7145410330299633,5.744567416846958
975,Rural community,zoned_enforcement,3.795759350273676,8.911847092621592
975,Suburban community,zoned_enforcement,6.6164283768285355,15.559471770395875
975,Urban community,zoned_enforcement,7.93002406001326,19.144812201406438
976,Protected land,zoned_enforcement,2.0871131844992,4.9365479616816
976,Rural community,zoned_enforcement,2.948004874078123,7.819299531317431
976,Suburban community,zoned_enforcement,4.972702087670436,13.853841951877472
976,Urban community,zoned_enforcement,5.873736633086136,16.98812304731647
977,Protected land,zoned_enforcement,2.8675904560146135,5.965294601597947
977,Rural community,zoned_enforcement,3.7620819245178847,8.996346172661749
977,Suburban community,zoned_enforcement,6.453024650537472,15.392124096943865
977,Urban community,zoned_enforcement,7.361930912192854,18.930220090754414
978,Protected land,zoned_enforcement,2.7488212626971236,5.790587403274203
978,Rural community,zoned_enforcement,4.131379452529221,8.951300918403623
978,Suburban community,zoned_enforcement,6.927341325722448,15.60410453775095
978,Urban community,zoned_enforcement,7.86684763437419,19.20899997086717
979,Protected land,zoned_enforcement,2.508606465804558,5.7570086680147705
979,Rural community,zoned_enforcement,3.6146168459752026,8.657042160110208
979,Suburban community,zoned_enforcement,5.728907057099766,14.742242078661095
979,Urban community,zoned_enforcement,6.800910926301931,18.143885372344233
980,Protected land,adaptive_curfew,2.98326341860184,6.073213069687583
980,Rural community,zoned_enforcement,4.247396915287765,9.244166496096613
980,Suburban community,zoned_enforcement,7.157697421779851,16.010907163138572
980,Urban community,zoned_enforcement,8.434121346247464,19.779761179195134
981,Protected land,zoned_enforcement,2.3288784978357167,5.330905912248005
981,Rural community,zoned_enforcement,3.062640532880306,8.115487462087458
981,Suburban community,zoned_enforcement,5.207563783474194,13.906434310771107
981,Urban community,zoned_enforcement,5.824781043752809,16.946797852548524
982,Protected land,zoned_enforcement,2.5312308805027053,5.510106873976738
982,Rural community,zoned_enforcement,3.4282300713141654,8.293849964435054
982,Suburban community,zoned_enforcement,5.734244962527201,14.23677214041332
982,Urban community,zoned_enforcement,6.106778719131787,17.562924651375074
983,Protected land,zoned_enforcement,2.030395581077086,4.880947278247582
983,Rural community,zoned_enforcement,2.8234859761183504,7.5420372841302
983,Suburban community,zoned_enforcement,4.596926740726575,13.212973916259301
983,Urban community,zoned_enforcement,4.939504122865404,16.267715911528498
984,Protected land,zoned_enforcement,3.0539112844033087,6.352875927605628
984,Rural community,adaptive_curfew,4.300756329346261,9.600300206277252
984,Suburban community,zoned_enforcement,7.173926230215928,16.48961918112356
984,Urban community,zoned_enforcement,8.660819979098582,20.177010064248186
985,Protected land,zoned_enforcement,3.0061654408731533,5.962680158864898
985,Rural community,zoned_enforcement,4.234073803970862,9.17700328084074
985,Suburban community,zoned_enforcement,6.789470025090234,15.913003374552307
985,Urban community,zoned_enforcement,8.019696531089789,19.460574510577008
986,Protected land,adaptive_curfew,2.9282476683086234,6.104849501368501
986,Rural community,adaptive_curfew,4.167671166650683,9.275261920351548
986,Suburban community,zoned_enforcement,7.053739886278489,15.941904362789971
986,Urban community,zoned_enforcement,7.7309643138118425,19.532190991569067
987,Protected land,zoned_enforcement,2.1837818979923758,5.024516907801786
987,Rural community,zoned_enforcement,2.92504801679486,7.743896232398837
987,Suburban community,zoned_enforcement,4.980860071837796,13.392124503816438
987,Urban community,zoned_enforcement,5.274509936504238,16.287830439761823
988,Protected land,adaptive_curfew,2.3903917269410284,5.392248598414911
988,Rural community,zoned_enforcement,3.412184653539504,8.2759538188327
988,Suburban community,zoned_enforcement,5.622349949620393,14.396980740947052
988,Urban community,zoned_enforcement,5.9728532502979075,17.686470949396167
989,Protected land,zoned_enforcement,2.223488048812187,5.21173834075319
989,Rural community,zoned_enforcement,3.064631054943069,8.07226263014874
989,Suburban community,zoned_enforcement,5.115309232327931,14.104714830222129
989,Urban community,zoned_enforcement,5.620954789174926,17.1620377379736
990,Protected land,zoned_enforcement,2.8312923241291257,6.031371456979174
990,Rural community,adaptive_curfew,3.8845696331199324,9.110684229944766
990,Suburban community,zoned_enforcement,6.775837888609416,15.724329948386842
990,Urban community,zoned_enforcement,7.6824244511801645,19.343823914029947
991,Protected land,zoned_enforcement,2.1472834802658043,5.033769113032858
991,Rural community,zoned_enforcement,2.8262843254319874,7.934979585539917
991,Suburban community,zoned_enforcement,5.088949739782608,13.960271871935928
991,Urban community,zoned_enforcement,5.809920092537446,17.107118973992588
992,Protected land,adaptive_curfew,2.8173823432336054,5.995006917323866
992,Rural community,zoned_enforcement,3.9710738529823937,9.11685479717533
992,Suburban community,zoned_enforcement,6.365903560535173,15.777332482882093
992,Urban community,zoned_enforcement,7.891059907362619,19.37716372714994
993,Protected land,adaptive_curfew,2.9166785657061522,6.059757023920861
993,Rural community,zoned_enforcement,4.311667683892739,9.250410492344363
993,Suburban community,zoned_enforcement,6.74785954744603,15.952604845615163
993,Urban community,zoned_enforcement,8.09926482291436,19.547839439134144
994,Protected land,adaptive_curfew,2.3562827158931614,5.267759353318118
994,Rural community,zoned_enforcement,2.872916759545129,7.974772853551139
994,Suburban community,zoned_enforcement,5.2718107856440355,13.68042002440557
994,Urban community,zoned_enforcement,5.43579444631056,16.79124421138854
995,Protected land,adaptive_curfew,2.796426956568781,5.8168470244453445
995,Rural community,zoned_enforcement,3.917321301589306,8.922068863320003
995,Suburban community,zoned_enforcement,6.274620464754818,15.42092194370972
995,Urban community,zoned_enforcement,7.498634907908743,18.91940811416971
996,Protected land,zoned_enforcement,2.595013534706607,5.640974999108569
996,Rural community,zoned_enforcement,4.000776769906592,8.835134877397024
996,Suburban community,zoned_enforcement,6.37431798437121,15.550357844500507
996,Urban community,zoned_enforcement,7.366355133914146,19.088973950454246
997,Protected land,zoned_enforcement,2.257730583183236,5.199910351752852
997,Rural community,zoned_enforcement,2.965596650803768,7.865676702807988
997,Suburban community,zoned_enforcement,4.9490925472602285,13.525821107129666
997,Urban community,zoned_enforcement,5.2218818940902185,16.664958072507027
998,Protected land,zoned_enforcement,2.100010229626108,5.11713151254119
998,Rural community,zoned_enforcement,2.8243123986020873,7.734043117595806
998,Suburban community,zoned_enforcement,4.40874800516583,13.249084746003458
998,Urban community,zoned_enforcement,5.2974052016103474,16.199015242972628
999,Protected land,zoned_enforcement,2.5800628322344648,5.925045622028477
999,Rural community,zoned_enforcement,3.8956847432305244,9.125530571831218
999,Suburban community,adaptive_curfew,6.519999891679872,15.863977410436403
999,Urban community,zoned_enforcement,8.103206155359956,19.50073891724685
1000,Protected land,zoned_enforcement,2.5229730079399273,5.660470703230117
1000,Rural community,zoned_enforcement,3.702966396350348,8.675119750977263
1000,Suburban community,zoned_enforcement,6.04802739188565,15.042943277563046
1000,Urban community,zoned_enforcement,6.632424959742066,18.32209768527278
1001,Protected land,zoned_enforcement,2.2009725498722092,4.960430336639756
1001,Rural community,zoned_enforcement,2.9670226966537863,7.731223886359927
1001,Suburban community,zoned_enforcement,5.1084459679223055,13.496609154727013
1001,Urban community,zoned_enforcement,5.919952514763805,16.53881414422257
1002,Protected land,zoned_enforcement,2.5030473565437865,5.373211351064777
1002,Rural community,zoned_enforcement,3.2292336359653273,8.138935422771088
1002,Suburban community,zoned_enforcement,5.493454867958926,14.029640012179351
1002,Urban community,zoned_enforcement,6.266271755999915,17.319557048440686
1003,Protected land,zoned_enforcement,2.3975941713745352,5.474601699044338
1003,Rural community,zoned_enforcement,3.3846610498663994,8.39008332827577
1003,Suburban community,zoned_enforcement,5.479903478759349,14.51626821856529
1003,Urban community,zoned_enforcement,6.743318962426571,17.824269584497976
1004,Protected land,zoned_enforcement,2.3398337842815837,5.257128730687645
1004,Rural community,zoned_enforcement,3.0207573938750363,7.811710421613917
1004,Suburban community,zoned_enforcement,4.454591161561369,13.260537421126683
1004,Urban community,zoned_enforcement,4.711393643419548,16.191067635033352
1005,Protected land,zoned_enforcement,2.254389812632933,5.157547807372179
1005,Rural community,zoned_enforcement,3.202950458986538,8.014913510910114
1005,Suburban community,zoned_enforcement,5.440428753837441,14.014537667356702
1005,Urban community,zoned_enforcement,5.9862815716931586,17.1646162168203
1006,Protected land,adaptive_curfew,2.306365420714078,5.1804229522969845
1006,Rural community,zoned_enforcement,3.153441328900481,8.197101468953562
1006,Suburban community,zoned_enforcement,6.047865196208502,14.502586218284588
1006,Urban community,zoned_enforcement,6.663333852772748,17.761065070226273
1007,Protected land,zoned_enforcement,2.7331906914645385,5.992990389777974
1007,Rural community,zoned_enforcement,3.851954802873294,9.063611836771052
1007,Suburban community,zoned_enforcement,6.5382577138891484,15.462934899467731
1007,Urban community,zoned_enforcement,7.126235396842995,18.962935041352807
1008,Protected land,zoned_enforcement,2.0328392951473453,4.887666006169847
1008,Rural community,zoned_enforcement,2.695631915663413,7.634406698743934
1008,Suburban community,zoned_enforcement,4.749363266759429,13.396655510610808
1008,Urban community,zoned_enforcement,5.17257312003815,16.358744737994154
1009,Protected land,adaptive_curfew,3.0973058122209536,6.26076326782497
1009,Rural community,zoned_enforcement,4.253465809779803,9.497206068137778
1009,Suburban community,zoned_enforcement,7.178964814687641,16.321315776571772
1009,Urban community,zoned_enforcement,8.662342217862193,19.981359286090044
1010,Protected land,zoned_enforcement,2.710899721250089,5.798021854831317
1010,Rural community,zoned_enforcement,3.7156756757428298,8.927735778177013
1010,Suburban community,zoned_enforcement,6.88073979794523,15.50826347710764
1010,Urban community,zoned_enforcement,7.600973932034838,19.075091593727638
1011,Protected land,adaptive_curfew,2.8864555372655207,5.962457353086754
1011,Rural community,zoned_enforcement,4.334513343858271,9.188106400698507
1011,Suburban community,zoned_enforcement,6.555120643083949,16.050819522838044
1011,Urban community,zoned_enforcement,8.00845237973037,19.799352915603517
1012,Protected land,zoned_enforcement,2.6567378787846625,5.621127756395077
1012,Rural community,zoned_enforcement,3.429016484061348,8.49491202494616
1012,Suburban community,zoned_enforcement,5.5834577203666935,14.620543776295047
1012,Urban community,zoned_enforcement,6.9183356989887095,17.93914663250553
1013,Protected land,zoned_enforcement,2.52999016716528,5.518255100533646
1013,Rural community,zoned_enforcement,3.4588000610708463,8.365613187334638
1013,Suburban community,zoned_enforcement,5.64529322051407,14.34240031390403
1013,Urban community,zoned_enforcement,6.562178939986204,17.538482000380665
1014,Protected land,zoned_enforcement,2.639382407924049,5.6407290973627875
1014,Rural community,zoned_enforcement,3.765920069396758,8.838561671895931
1014,Suburban community,zoned_enforcement,6.936355470152266,15.478946241435636
1014,Urban community,zoned_enforcement,7.947638771327162,18.938385745104075
1015,Protected land,zoned_enforcement,2.53695773773637,5.628313676691914
1015,Rural community,zoned_enforcement,3.213712515820964,8.447440163228933
1015,Suburban community,zoned_enforcement,5.285202399858003,14.4144750849051
1015,Urban community,zoned_enforcement,6.032746699999729,17.542799426311
1016,Protected land,zoned_enforcement,2.416669598829226,5.464134330838982
1016,Rural community,zoned_enforcement,3.1606453571596163,8.202013617992659
1016,Suburban community,zoned_enforcement,5.308763359150907,14.068845251702221
1016,Urban community,zoned_enforcement,6.283667898276864,17.15728260656605
1017,Protected land,zoned_enforcement,2.2553939616734153,5.064367556608882
1017,Rural community,zoned_enforcement,2.8300994298794917,7.7659770783308435
1017,Suburban community,zoned_enforcement,4.838239210009318,13.384073943474212
1017,Urban community,zoned_enforcement,5.276431387648678,16.420675239000857
1018,Protected land,adaptive_curfew,2.214890955242004,5.025772501546341
1018,Rural community,zoned_enforcement,3.0395787779059535,7.832989183194517
1018,Suburban community,zoned_enforcement,5.305147464151322,13.705893055343498
1018,Urban community,zoned_enforcement,5.717255099009172,16.794153242309932
1019,Protected land,adaptive_curfew,2.6882645011944093,5.977911812354632
1019,Rural community,zoned_enforcement,3.666661073536882,8.9157912378269
1019,Suburban community,zoned_enforcement,6.116216006692223,15.101904792845398
1019,Urban community,zoned_enforcement,7.274191247595914,18.48075892536009
1020,Protected land,zoned_enforcement,3.1868245751423934,6.4709969216931755
1020,Rural community,adaptive_curfew,4.292922564489808,9.643378669556792
1020,Suburban community,zoned_enforcement,7.248937428580506,16.31552285548999
1020,Urban community,zoned_enforcement,8.664656397502995,19.957299465475316
1021,Protected land,zoned_enforcement,2.8429701627656923,5.713239124187284
1021,Rural community,zoned_enforcement,4.207275522905204,9.062169308211704
1021,Suburban community,zoned_enforcement,7.285496412288998,15.984378889391607
1021,Urban community,zoned_enforcement,7.982358819310569,19.590186993314994
1022,Protected land,zoned_enforcement,2.512555648298037,5.485115462433191
1022,Rural community,zoned_enforcement,3.5636647924356906,8.374634709861004
1022,Suburban community,zoned_enforcement,5.389331784536386,14.46509954383633
1022,Urban community,zoned_enforcement,6.9808786234856,17.85245963827396
1023,Protected land,zoned_enforcement,2.394085547116721,5.103205504736359
1023,Rural community,zoned_enforcement,3.1262284847259956,7.91608528127004
1023,Suburban community,zoned_enforcement,5.020666643146219,13.77715635790954
1023,Urban community,zoned_enforcement,5.7133887225876645,17.001551978818377
1024,Protected land,zoned_enforcement,2.53007130799231,5.487547723761943
1024,Rural community,zoned_enforcement,3.319827736127202,8.507899103007047
1024,Suburban community,zoned_enforcement,5.784231539600164,14.814089235777885
1024,Urban community,zoned_enforcement,6.972058556606557,18.114737318117875
1025,Protected land,adaptive_curfew,2.6670239260877566,5.790297671194303
1025,Rural community,zoned_enforcement,3.56628008607691,8.774461882040816
1025,Suburban community,zoned_enforcement,5.9943476546159555,15.025594055442687
1025,Urban community,zoned_enforcement,6.917357785820851,18.456140781937734
1026,Protected land,zoned_enforcement,2.1253015852833537,4.917463195119973
1026,Rural community,zoned_enforcement,2.7852330296442736,7.58634713931605
1026,Suburban community,zoned_enforcement,4.42530501437378,13.128584859732104
1026,Urban community,zoned_enforcement,5.485349681605689,16.16179810368201
1027,Protected land,adaptive_curfew,2.6191961864697624,5.953669411390768
1027,Rural community,zoned_enforcement,3.797720918357977,8.994280083231516
1027,Suburban community,zoned_enforcement,5.991607021803741,15.39155947231024
1027,Urban community,zoned_enforcement,6.794221108769712,18.810833650695102
1028,Protected land,adaptive_curfew,3.0428874015202214,6.116764265559793
1028,Rural community,zoned_enforcement,3.727080857208607,9.1494219562119
1028,Suburban community,zoned_enforcement,7.003760972108498,15.533511760183675
1028,Urban community,zoned_enforcement,7.179144927264627,18.939691185624234
1029,Protected land,zoned_enforcement,2.2247517005189876,5.208302782594622
1029,Rural community,zoned_enforcement,2.9014232900848027,7.97833504053372
1029,Suburban community,zoned_enforcement,4.929016100070603,13.78426935150138
1029,Urban community,zoned_enforcement,5.826791006288337,16.964064217184895
1030,Protected land,zoned_enforcement,2.5091050373641193,5.450173283673319
1030,Rural community,zoned_enforcement,3.62735104025598,8.615428477526201
1030,Suburban community,zoned_enforcement,5.983051484866786,15.179874601116468
1030,Urban community,zoned_enforcement,7.221215350573678,18.57661371893186
1031,Protected land,adaptive_curfew,2.1353091714465413,5.070380588394423
1031,Rural community,zoned_enforcement,2.9217760824382832,7.7284941768807816
1031,Suburban community,zoned_enforcement,4.694379305743237,13.32233661507215
1031,Urban community,zoned_enforcement,4.979356098262709,16.277382289582683
1032,Protected land,adaptive_curfew,2.5113720276361224,5.4812995517786405
1032,Rural community,zoned_enforcement,2.9609045229305853,8.128418205016299
1032,Suburban community,zoned_enforcement,4.77893991813931,13.733811714056005
1032,Urban community,zoned_enforcement,5.306182984362735,16.784465669600955
1033,Protected land,zoned_enforcement,2.549385198920464,5.4166214949607125
1033,Rural community,zoned_enforcement,3.7937203792506002,8.528511870793333
1033,Suburban community,zoned_enforcement,6.42228974992155,15.029996441940416
1033,Urban community,zoned_enforcement,7.002360374738567,18.422430569722177
1034,Protected land,zoned_enforcement,2.1783781987226396,5.205019770008007
1034,Rural community,zoned_enforcement,2.727239548018046,7.833780569888724
1034,Suburban community,zoned_enforcement,4.6437529375843205,13.469567152639009
1034,Urban community,zoned_enforcement,5.278896602535591,16.555270632721665
1035,Protected land,zoned_enforcement,2.3465446029222807,5.338009118013132
1035,Rural community,zoned_enforcement,2.9845674847654147,8.15955343073175
1035,Suburban community,zoned_enforcement,5.073980675604076,14.047388715142922
1035,Urban community,zoned_enforcement,6.106404599313752,17.12161477893164
1036,Protected land,adaptive_curfew,2.4261118058120386,5.623888631285358
1036,Rural community,zoned_enforcement,3.6377596400694188,8.60665395347597
1036,Suburban community,zoned_enforcement,5.955726343700205,14.920227732978178
1036,Urban community,zoned_enforcement,6.944444629074198,18.272455927476187
1037,Protected land,zoned_enforcement,2.2907048589650496,5.011982994016336
1037,Rural community,zoned_enforcement,2.8331313321837666,7.689496433164672
1037,Suburban community,zoned_enforcement,4.5864553468657885,13.264876190664934
1037,Urban community,zoned_enforcement,5.151160659425349,16.288597915353552
1038,Protected land,adaptive_curfew,2.571385168324864,5.912817343528252
1038,Rural community,adaptive_curfew,3.525668682879812,8.806453494155067
1038,Suburban community,zoned_enforcement,5.77817008927474,14.989947994937141
1038,Urban community,zoned_enforcement,7.024594929145085,18.37154439221163
1039,Protected land,adaptive_curfew,2.2999120853437978,5.236557750611075
1039,Rural community,zoned_enforcement,3.2475768216668204,8.078228263061456
1039,Suburban community,zoned_enforcement,5.34249674932982,14.156315873403388
1039,Urban community,zoned_enforcement,6.168612981609298,17.387840116023316
1040,Protected land,adaptive_curfew,2.85617625107785,6.357543937020216
1040,Rural community,zoned_enforcement,4.246464755685159,9.518151593771249
1040,Suburban community,zoned_enforcement,7.095180928507887,16.146645675681174
1040,Urban community,zoned_enforcement,8.401685062715245,19.839598135250238
1041,Protected land,zoned_enforcement,2.8907751663925323,6.3100549405363555
1041,Rural community,zoned_enforcement,4.169837726840986,9.36870549149817
1041,Suburban community,zoned_enforcement,6.750439033471578,15.944262286599875
1041,Urban community,zoned_enforcement,8.050242886100001,19.682579058987702
1042,Protected land,adaptive_curfew,2.7803611457709594,5.835867890033806
1042,Rural community,zoned_enforcement,3.8438110409500093,9.032313011634894
1042,Suburban community,zoned_enforcement,6.845224995883484,15.700542385809356
1042,Urban community,zoned_enforcement,7.7801126750944505,19.255827358919685
1043,Protected land,adaptive_curfew,2.1035284447641245,5.197282477015755
1043,Rural community,zoned_enforcement,3.082462288614085,7.789430787678779
1043,Suburban community,zoned_enforcement,4.53921824716525,13.278236179576814
1043,Urban community,zoned_enforcement,5.183289433339969,16.389436205766465
1044,Protected land,zoned_enforcement,2.6172940633311037,5.615025258626425
1044,Rural community,zoned_enforcement,3.4393688764472046,8.616529883085288
1044,Suburban community,zoned_enforcement,6.117048329200536,14.934725844983177
1044,Urban community,zoned_enforcement,6.923828095437276,18.430357540795974
1045,Protected land,zoned_enforcement,2.1886948169512106,5.1266280689826615
1045,Rural community,zoned_enforcement,2.972150625649869,7.792077903621339
1045,Suburban community,zoned_enforcement,4.989082468602939,13.451789810014098
1045,Urban community,zoned_enforcement,5.4320810103033725,16.51415127950623
1046,Protected land,zoned_enforcement,2.2021098645098087,5.160260696356909
1046,Rural community,zoned_enforcement,2.9847067828515508,7.930877148884706
1046,Suburban community,zoned_enforcement,5.125837758618035,13.698613713181453
1046,Urban community,zoned_enforcement,5.56880661240252,16.808991851647754
1047,Protected land,zoned_enforcement,2.484899216240371,5.430316250854895
1047,Rural community,zoned_enforcement,3.345598333410022,8.352858366479763
1047,Suburban community,zoned_enforcement,5.68639261239503,14.482439318681722
1047,Urban community,zoned_enforcement,6.527568156663541,17.764143662949554
1048,Protected land,adaptive_curfew,2.548497482823917,5.659068609574431
1048,Rural community,zoned_enforcement,3.6391173833537103,8.6752042284721
1048,Suburban community,zoned_enforcement,6.090780821747346,15.030438498785092
1048,Urban community,zoned_enforcement,6.655306429914008,18.364635552974757
1049,Protected land,zoned_enforcement,2.4098704038059955,5.222443026394265
1049,Rural community,zoned_enforcement,3.1859880744268505,8.155158985006878
1049,Suburban community,zoned_enforcement,5.701969102197982,14.235727704646065
1049,Urban community,zoned_enforcement,6.945328021829155,17.561387376443353
1050,Protected land,adaptive_curfew,3.1325439570930946,6.351989656483127
1050,Rural community,adaptive_curfew,4.284609060268703,9.596883866367802
1050,Suburban community,zoned_enforcement,7.545906450047623,16.47590794310784
1050,Urban community,adaptive_curfew,8.40174055935262,20.179989338021212
1051,Protected land,zoned_enforcement,2.732532332855803,5.778676037563889
1051,Rural community,zoned_enforcement,3.5159367185224397,8.800427783663558
1051,Suburban community,zoned_enforcement,6.205708169963456,15.154227452010904
1051,Urban community,zoned_enforcement,7.328955062233829,18.486341707405344
1052,Protected land,adaptive_curfew,2.602185384689735,5.7955220796502624
1052,Rural community,zoned_enforcement,3.759231961514603,8.785094962039182
1052,Suburban community,zoned_enforcement,5.835055522838706,15.056205482547178
1052,Urban community,zoned_enforcement,6.802853617607115,18.477580634079715
1053,Protected land,zoned_enforcement,2.1778335806980067,5.262745552556219
1053,Rural community,zoned_enforcement,2.8111263429927593,7.927375665714267
1053,Suburban community,zoned_enforcement,4.82157828005891,13.557775146656667
1053,Urban community,zoned_enforcement,5.206161242258274,16.611464244572698
1054,Protected land,zoned_enforcement,1.9955789138376137,4.79304995531878
1054,Rural community,zoned_enforcement,2.802300574475721,7.532422172241991
1054,Suburban community,zoned_enforcement,5.20831532935256,13.231753676048005
1054,Urban community,zoned_enforcement,5.412359236790312,16.240481825583036
1055,Protected land,zoned_enforcement,2.208865421284787,5.148806462043339
1055,Rural community,zoned_enforcement,3.0928033423763184,8.043931196898539
1055,Suburban community,zoned_enforcement,5.383887667781499,14.023916946473303
1055,Urban community,zoned_enforcement,6.044683865978277,17.178923463245376
1056,Protected land,adaptive_curfew,2.856035304377017,6.2053747755701565
1056,Rural community,zoned_enforcement,4.366801580092465,9.396858862579935
1056,Suburban community,zoned_enforcement,6.917681311731384,16.154628943543084
1056,Urban community,zoned_enforcement,8.458648348440896,19.75506675366662
1057,Protected land,zoned_enforcement,2.553955114531494,5.437096574030215
1057,Rural community,zoned_enforcement,3.440564054594784,8.386012231504475
1057,Suburban community,zoned_enforcement,5.281130779854964,14.419596768393216
1057,Urban community,zoned_enforcement,6.405045101028458,17.64474704599337
1058,Protected land,zoned_enforcement,2.2835622505816957,5.066557574603205
1058,Rural community,zoned_enforcement,3.4068703372812488,7.992359894925317
1058,Suburban community,zoned_enforcement,5.744276452044721,14.026333419379473
1058,Urban community,zoned_enforcement,6.007838110165009,17.17418594711599
1059,Protected land,zoned_enforcement,2.5196343974991744,5.690858871261036
1059,Rural community,adaptive_curfew,3.4014166753745823,8.600528528369994
1059,Suburban community,zoned_enforcement,5.767472723292141,14.704532955870055
1059,Urban community,zoned_enforcement,7.089363204655081,17.935322760726024
1060,Protected land,zoned_enforcement,2.56601616190833,5.521188530835102
1060,Rural community,zoned_enforcement,3.7466121059132353,8.486235896054321
1060,Suburban community,zoned_enforcement,5.493569988169142,14.697136524484304
1060,Urban community,zoned_enforcement,6.3009569391586435,17.93225901728009
1061,Protected land,adaptive_curfew,2.2122541273150262,5.306121710904251
1061,Rural community,zoned_enforcement,2.8771491562237,7.9611087794268744
1061,Suburban community,zoned_enforcement,4.870674748121152,13.652449079597098
1061,Urban community,zoned_enforcement,5.2335240363180535,16.87197271800065
1062,Protected land,zoned_enforcement,2.412185420847498,5.161872073301942
1062,Rural community,zoned_enforcement,3.2566167055495736,7.989949246032809
1062,Suburban community,zoned_enforcement,5.107720735433331,13.946931600710059
1062,Urban community,zoned_enforcement,6.008340193289069,17.197416229422203
1063,Protected land,zoned_enforcement,2.4552080738450144,5.352250579792017
1063,Rural community,zoned_enforcement,3.106644557140081,8.294068281666236
1063,Suburban community,zoned_enforcement,5.492206541721835,14.482564590363548
1063,Urban community,zoned_enforcement,6.833938280439128,17.743972589609847
1064,Protected land,zoned_enforcement,2.076524374554134,4.846450343398294
1064,Rural community,zoned_enforcement,2.7099720288550913,7.6138923776009975
1064,Suburban community,zoned_enforcement,5.046499965802143,13.344710447742758
1064,Urban community,zoned_enforcement,5.4284882173410836,16.370848113105975
1065,Protected land,zoned_enforcement,2.7209957330461627,5.841623376599764
1065,Rural community,zoned_enforcement,3.590636741487355,8.850730270059174
1065,Suburban community,zoned_enforcement,6.056154317511268,15.126450751455616
1065,Urban community,zoned_enforcement,7.4216029090857045,18.519803075686667
1066,Protected land,adaptive_curfew,2.432602606062144,5.515107475502341
1066,Rural community,zoned_enforcement,3.3433894096983376,8.45967334558738
1066,Suburban community,zoned_enforcement,6.0020466146430405,14.676957723073924
1066,Urban community,zoned_enforcement,6.757797265177384,17.940404832009065
1067,Protected land,zoned_enforcement,2.6821392213442117,5.689730407148459
1067,Rural community,zoned_enforcement,3.545711482497314,8.623969738270388
1067,Suburban community,zoned_enforcement,5.680690535212751,14.754595220770641
1067,Urban community,zoned_enforcement,6.480443722662397,17.991119858331242
1068,Protected land,zoned_enforcement,2.99233009743384,5.8644493890372775
1068,Rural community,zoned_enforcement,4.030234712111476,9.106744753020722
1068,Suburban community,zoned_enforcement,6.55863166798037,15.871129660360886
1068,Urban community,zoned_enforcement,8.095805015091289,19.418419736858784
1069,Protected land,zoned_enforcement,2.3916293431268723,5.4143626141513765
1069,Rural community,zoned_enforcement,3.269446028398141,8.2209294399209
1069,Suburban community,zoned_enforcement,5.152653593153682,14.128563342286919
1069,Urban community,zoned_enforcement,6.162628166454079,17.25278023940888
1070,Protected land,zoned_enforcement,2.0964010639777957,5.08438320022093
1070,Rural community,zoned_enforcement,2.7687750998732445,7.783815935346676
1070,Suburban community,zoned_enforcement,4.964335330765765,13.486336186795993
1070,Urban community,zoned_enforcement,5.017591122393542,16.51950300773153
1071,Protected land,zoned_enforcement,2.1461206132400754,4.897433474770581
1071,Rural community,zoned_enforcement,2.900096485905425,7.745341192517047
1071,Suburban community,zoned_enforcement,5.002274447641,13.64986743745235
1071,Urban community,zoned_enforcement,5.240805089343947,16.711111229178872
1072,Protected land,zoned_enforcement,2.440629381319762,5.525132301644081
1072,Rural community,zoned_enforcement,2.938785365049827,8.241961137710865
1072,Suburban community,zoned_enforcement,5.359091950542059,13.931484182282816
1072,Urban community,zoned_enforcement,5.826912848048805,17.106932654238285
1073,Protected land,adaptive_curfew,2.768792863563197,5.799436827501463
1073,Rural community,zoned_enforcement,3.6339063595182024,8.811695183670656
1073,Suburban community,zoned_enforcement,6.420358344526544,15.223493845101602
1073,Urban community,zoned_enforcement,7.386651080757131,18.56825921788654
1074,Protected land,zoned_enforcement,2.617538170329017,5.764739709747089
1074,Rural community,zoned_enforcement,3.8132975129973126,8.838878525917924
1074,Suburban community,zoned_enforcement,6.192412114183073,15.357484067806638
1074,Urban community,adaptive_curfew,6.989032274463513,18.899691758562348
1075,Protected land,zoned_enforcement,2.7442786119245928,5.949737961310745
1075,Rural community,zoned_enforcement,3.921999373611203,8.958553420537354
1075,Suburban community,zoned_enforcement,5.872683919722668,15.282835353367044
1075,Urban community,zoned_enforcement,7.042025980476424,18.657390807876038
1076,Protected land,adaptive_curfew,2.249067162529993,5.24258376226545
1076,Rural community,zoned_enforcement,2.9283900535867433,7.901654834891468
1076,Suburban community,zoned_enforcement,4.929039081367089,13.519300252587648
1076,Urban community,zoned_enforcement,5.269215552502342,16.619656096885453
1077,Protected land,zoned_enforcement,2.202562252684076,5.278697283453988
1077,Rural community,zoned_enforcement,3.14201097008457,8.036881839927368
1077,Suburban community,zoned_enforcement,4.96700206240933,13.822061901148547
1077,Urban community,zoned_enforcement,5.553202521047709,16.900860922153534
1078,Protected land,zoned_enforcement,2.7407104389826595,5.897493396980919
1078,Rural community,zoned_enforcement,3.9478530736231336,9.027945717138861
1078,Suburban community,zoned_enforcement,6.550725263718862,15.675036564584369
1078,Urban community,zoned_enforcement,7.965426542482733,19.1748626202111
1079,Protected land,zoned_enforcement,2.7642627990900217,5.691432948052956
1079,Rural community,zoned_enforcement,4.007339855306023,8.982890063110602
1079,Suburban community,zoned_enforcement,6.968504510600772,15.890442276434962
1079,Urban community,zoned_enforcement,7.843490534993281,19.46251017955307
1080,Protected land,adaptive_curfew,2.5999533950860023,5.589356158389761
1080,Rural community,zoned_enforcement,3.795431860786932,8.794592635939976
1080,Suburban community,zoned_enforcement,6.6369447270130415,15.406532645433105
1080,Urban community,zoned_enforcement,7.2219911308479965,18.865335176221688
1081,Protected land,zoned_enforcement,2.5596400165063113,5.622128585622992
1081,Rural community,zoned_enforcement,3.7616011960497664,8.694825557225187
1081,Suburban community,zoned_enforcement,5.812570456223504,15.060744849884403
1081,Urban community,zoned_enforcement,7.408450869985575,18.42522933837926
1082,Protected land,adaptive_curfew,2.074427388093682,5.039170215732752
1082,Rural community,zoned_enforcement,2.8673442463344463,7.7535243869659185
1082,Suburban community,zoned_enforcement,4.683161439591503,13.509767724840122
1082,Urban community,zoned_enforcement,5.376456564837154,16.551588753918615
1083,Protected land,adaptive_curfew,2.8180431233201944,5.875840899530945
1083,Rural community,zoned_enforcement,3.9355458721426606,9.00018182545047
1083,Suburban community,zoned_enforcement,6.524680389170548,15.59945689202555
1083,Urban community,zoned_enforcement,7.19819540782993,19.129124593053874
1084,Protected land,zoned_enforcement,2.392211426913818,5.34722616068649
1084,Rural community,zoned_enforcement,2.891610056661559,8.11302037633804
1084,Suburban community,zoned_enforcement,5.210632187746796,14.029026935502584
1084,Urban community,zoned_enforcement,6.182469869432822,17.147499696519343
1085,Protected land,adaptive_curfew,2.8499042745283982,6.044082061359132
1085,Rural community,zoned_enforcement,4.277212982554885,9.184246506218894
1085,Suburban community,zoned_enforcement,6.211315003158029,15.742771908791713
1085,Urban community,zoned_enforcement,8.411990121345422,19.304427756455464
1086,Protected land,adaptive_curfew,2.8073971086732445,6.0233556928642615
1086,Rural community,zoned_enforcement,3.9817977037380308,9.05573880052001
1086,Suburban community,zoned_enforcement,6.73201851145339,15.513279436641165
1086,Urban community,zoned_enforcement,7.177751018721294,19.16339654967432
1087,Protected land,adaptive_curfew,2.7915496405548224,5.825238739881575
1087,Rural community,zoned_enforcement,4.349596772002017,9.162515749572004
1087,Suburban community,zoned_enforcement,7.319096965714397,16.165747193953205
1087,Urban community,zoned_enforcement,8.436081767170203,19.901441585266046
1088,Protected land,zoned_enforcement,2.5472874834900137,5.486500462281292
1088,Rural community,zoned_enforcement,3.7341593993529907,8.650100775773382
1088,Suburban community,zoned_enforcement,6.444579173691617,15.333066209047486
1088,Urban community,zoned_enforcement,7.615947816515343,18.88352273159101
1089,Protected land,adaptive_curfew,2.8718307546661417,5.930121415396405
1089,Rural community,zoned_enforcement,4.18081265927476,9.192720736306022
1089,Suburban community,zoned_enforcement,6.9274732219784685,15.99577437370713
1089,Urban community,zoned_enforcement,7.826276596858543,19.438870639722715
1090,Protected land,adaptive_curfew,2.3604380139051035,5.314270841603509
1090,Rural community,zoned_enforcement,3.083692481704465,7.975496437903516
1090,Suburban community,zoned_enforcement,4.988580046405367,13.578832235317151
1090,Urban community,zoned_enforcement,5.653222698140198,16.684394686706916
1091,Protected land,zoned_enforcement,2.3133645166787873,5.300780728606312
1091,Rural community,zoned_enforcement,3.1059403291100818,8.059292650504887
1091,Suburban community,zoned_enforcement,5.534709057420175,13.922606562004008
1091,Urban community,zoned_enforcement,5.5698622086488125,17.177562403719115
1092,Protected land,zoned_enforcement,2.643756754999603,5.759922891119816
1092,Rural community,zoned_enforcement,3.909430277564069,8.967345268247797
1092,Suburban community,zoned_enforcement,6.435810141123428,15.658706832358982
1092,Urban community,zoned_enforcement,7.368413837331069,19.064062392085425
1093,Protected land,adaptive_curfew,3.0389081033998244,6.6228011277965955
1093,Rural community,zoned_enforcement,4.492037604374338,9.819239380843472
1093,Suburban community,zoned_enforcement,7.407690411093611,16.63809339767074
1093,Urban community,adaptive_curfew,8.731234466250426,20.320400294001438
1094,Protected land,zoned_enforcement,2.5504842804378267,5.650898566109914
1094,Rural community,zoned_enforcement,4.001992807565578,8.864751483453094
1094,Suburban community,zoned_enforcement,6.4471451121772905,15.525444501898361
1094,Urban community,zoned_enforcement,7.802855961739496,18.98344343517463
1095,Protected land,adaptive_curfew,3.0998022931063884,6.12690080489541
1095,Rural community,adaptive_curfew,4.287540837503455,9.460982148980174
1095,Suburban community,zoned_enforcement,7.383548346790716,16.47195162727909
1095,Urban community,zoned_enforcement,8.678455755144986,20.239742729613035
1096,Protected land,zoned_enforcement,2.8213217864956825,5.91062136235374
1096,Rural community,zoned_enforcement,4.0293347063275435,9.063993204278175
1096,Suburban community,zoned_enforcement,6.380268327855102,15.667983594950197
1096,Urban community,zoned_enforcement,7.209231748241878,19.21345539437028
1097,Protected land,adaptive_curfew,2.95642262221152,6.003329074910187
1097,Rural community,zoned_enforcement,4.076618303592638,9.107611621540912
1097,Suburban community,zoned_enforcement,6.297463489975067,15.691996877504815
1097,Urban community,zoned_enforcement,7.896236442867689,19.24251723831773
1098,Protected land,zoned_enforcement,2.574627655827455,5.520522182260699
1098,Rural community,zoned_enforcement,3.172156596636823,8.39359678311761
1098,Suburban community,zoned_enforcement,5.3069275185394105,14.501005343526593
1098,Urban community,zoned_enforcement,6.480607498922618,17.79706365407276
1099,Protected land,zoned_enforcement,2.8709217658380775,6.16309452803087
1099,Rural community,zoned_enforcement,4.351333252554213,9.513270048031583
1099,Suburban community,zoned_enforcement,6.969160327960873,16.596857772042956
1099,Urban community,adaptive_curfew,8.683430799665095,20.34509670813968
1100,Protected land,zoned_enforcement,2.0792673936962407,4.871031478389313
1100,Rural community,zoned_enforcement,2.7113460596907117,7.5924432811994125
1100,Suburban community,zoned_enforcement,4.54758110674879,13.243152603055721
1100,Urban community,zoned_enforcement,4.996969594253644,16.220960742562053
1101,Protected land,zoned_enforcement,2.3491273174739047,5.240609110426444
1101,Rural community,zoned_enforcement,3.0802499592543926,8.038280448625429
1101,Suburban community,zoned_enforcement,5.0458061880694505,14.007851873037271
1101,Urban community,zoned_enforcement,5.689784473302909,17.22558690045542
1102,Protected land,zoned_enforcement,2.3903194882357917,5.450373494337518
1102,Rural community,zoned_enforcement,3.246089687355619,8.109805122237512
1102,Suburban community,zoned_enforcement,4.830469095907654,13.65759324890757
1102,Urban community,zoned_enforcement,5.600876923359076,16.719262936121797
1103,Protected land,zoned_enforcement,1.987740807172532,4.819791115534569
1103,Rural community,zoned_enforcement,2.518460353189126,7.527399933201762
1103,Suburban community,zoned_enforcement,4.690196109430325,13.205664980214863
1103,Urban community,zoned_enforcement,5.564604587699582,16.22427948808617
1104,Protected land,zoned_enforcement,2.748426458295302,5.8233801757449575
1104,Rural community,zoned_enforcement,3.6657473390781368,8.822760743938355
1104,Suburban community,zoned_enforcement,6.271751237807109,15.192846811764207
1104,Urban community,zoned_enforcement,7.158996698842902,18.734759131338695
1105,Protected land,adaptive_curfew,2.3358240375553265,5.42884961399586
1105,Rural community,zoned_enforcement,3.038223001138837,8.164455092314691
1105,Suburban community,zoned_enforcement,5.235687337495813,13.904176515593461
1105,Urban community,zoned_enforcement,6.057565261864134,17.147039656687795
1106,Protected land,adaptive_curfew,2.9806754635621897,6.16381081009054
1106,Rural community,zoned_enforcement,4.175407668178677,9.256567776900031
1106,Suburban community,zoned_enforcement,7.163749923112164,15.876777500395416
1106,Urban community,zoned_enforcement,8.00240844196041,19.49571405925319
1107,Protected land,zoned_enforcement,2.11130977648756,4.845970153364847
1107,Rural community,zoned_enforcement,2.846205430507995,7.597944729054627
1107,Suburban community,zoned_enforcement,4.8162187974063215,13.43502239650181
1107,Urban community,zoned_enforcement,5.340157682403522,16.4919995131844
1108,Protected land,zoned_enforcement,2.393831695818181,5.20706832354857
1108,Rural community,zoned_enforcement,3.1982801988370175,7.967454421486695
1108,Suburban community,zoned_enforcement,4.914430442406436,13.733956215496262
1108,Urban community,zoned_enforcement,6.1035106175349565,16.940332413291245
1109,Protected land,adaptive_curfew,2.623688504720967,5.9760078970212
1109,Rural community,zoned_enforcement,3.860296659249996,9.048655286824395
1109,Suburban community,zoned_enforcement,6.521150066454876,15.596356859637833
1109,Urban community,zoned_enforcement,7.318529669354842,19.144293550362544
1110,Protected land,adaptive_curfew,2.0796841862545947,4.9028354250563355
1110,Rural community,zoned_enforcement,2.6909799142536954,7.636797642185281
1110,Suburban community,zoned_enforcement,4.937906821474499,13.357649090928621
1110,Urban community,zoned_enforcement,5.71944973741814,16.431794605143647
1111,Protected land,zoned_enforcement,2.238778910905545,5.170726488290566
1111,Rural community,zoned_enforcement,2.9060064860829984,7.880161531509229
1111,Suburban community,zoned_enforcement,4.932063334219377,13.558110954879856
1111,Urban community,zoned_enforcement,5.352053431132363,16.689018006345265
1112,Protected land,adaptive_curfew,2.5357049664694955,5.534233159932009
1112,Rural community,zoned_enforcement,3.052219670472554,8.255957500902547
1112,Suburban community,zoned_enforcement,5.202060623197973,14.074967788303939
1112,Urban community,zoned_enforcement,5.696959997196672,17.203043051230733
1113,Protected land,zoned_enforcement,2.714617963380391,5.7589982790943015
1113,Rural community,zoned_enforcement,3.4583563365364522,8.732906045714758
1113,Suburban community,zoned_enforcement,6.186634700281241,15.107984870534711
1113,Urban community,zoned_enforcement,6.839719205056822,18.54123241942966
1114,Protected land,zoned_enforcement,2.268254113181383,5.223568070515545
1114,Rural community,zoned_enforcement,3.0981170115051926,8.028802102843956
1114,Suburban community,zoned_enforcement,5.155960023404404,13.862897194966973
1114,Urban community,zoned_enforcement,5.323555489645983,16.9424718499806
1115,Protected land,zoned_enforcement,3.179108558920942,6.479840686299687
1115,Rural community,zoned_enforcement,4.34472209246331,9.715498053060557
1115,Suburban community,zoned_enforcement,7.04085199070561,16.48178039777246
1115,Urban community,zoned_enforcement,8.542096456368094,20.11325580352184
1116,Protected land,zoned_enforcement,2.3186651373364855,5.318596760287817
1116,Rural community,zoned_enforcement,3.1643726379831163,8.152383939185919
1116,Suburban community,zoned_enforcement,5.411898816776127,14.129849525136787
1116,Urban community,zoned_enforcement,5.923739622205911,17.282626669034347
1117,Protected land,adaptive_curfew,2.9119691201883597,6.261528633324745
1117,Rural community,adaptive_curfew,4.335956747850809,9.446090892838754
1117,Suburban community,zoned_enforcement,7.120707018217416,16.240616914869335
1117,Urban community,zoned_enforcement,7.96427014946207,20.000666158757824
1118,Protected land,adaptive_curfew,2.830738163524936,6.048131149509915
1118,Rural community,zoned_enforcement,3.7985857890499624,8.955397049424112
1118,Suburban community,zoned_enforcement,6.006118775418997,15.153534167534813
1118,Urban community,zoned_enforcement,7.463881892530864,18.65902095700902
1119,Protected land,zoned_enforcement,2.893900053831679,6.113327809134638
1119,Rural community,zoned_enforcement,3.7285023314531704,9.04785128122608
1119,Suburban community,zoned_enforcement,6.0980182485467544,15.358646807858209
1119,Urban community,zoned_enforcement,6.881738452058713,18.87222098359125
1120,Protected land,zoned_enforcement,2.4840705085930317,5.460967353355755
1120,Rural community,zoned_enforcement,3.4446972315741515,8.394281703963982
1120,Suburban community,zoned_enforcement,5.353085245130895,14.503137614229871
1120,Urban community,zoned_enforcement,6.639094729787823,17.723389200696257
1121,Protected land,adaptive_curfew,2.446183366978513,5.353939049187457
1121,Rural community,zoned_enforcement,3.579539208214098,8.393919653660229
1121,Suburban community,zoned_enforcement,6.150862295132889,14.801523081940177
1121,Urban community,zoned_enforcement,6.891390580842598,18.2214908933965
1122,Protected land,zoned_enforcement,1.992708931657309,4.867123081273161
1122,Rural community,zoned_enforcement,2.6877207457584165,7.545766151128981
1122,Suburban community,zoned_enforcement,4.638226828986387,13.19785083344598
1122,Urban community,zoned_enforcement,5.193166160714709,16.186260106264132
1123,Protected land,zoned_enforcement,2.1909429386338832,5.1905824330532075
1123,Rural community,zoned_enforcement,3.2545955927691104,7.967291089426648
1123,Suburban community,zoned_enforcement,5.066912941151413,13.806539362260867
1123,Urban community,zoned_enforcement,5.769248506089353,17.063509973471202
1124,Protected land,zoned_enforcement,2.173894274207392,5.085073165965865
1124,Rural community,zoned_enforcement,3.022436802064087,7.882037682904768
1124,Suburban community,zoned_enforcement,4.946356495479307,13.738448245560544
1124,Urban community,zoned_enforcement,5.41480933016487,16.794340463304504
1125,Protected land,zoned_enforcement,2.733535868509011,5.66385806614589
1125,Rural community,zoned_enforcement,3.7394269163389673,8.857377150810851
1125,Suburban community,zoned_enforcement,6.456583805051256,15.501596329592735
1125,Urban community,zoned_enforcement,7.392133532935748,19.01324250881568
1126,Protected land,zoned_enforcement,2.128206077232545,5.1372579137973595
1126,Rural community,zoned_enforcement,2.872512995875038,7.718072648757812
1126,Suburban community,zoned_enforcement,4.4733488178134095,13.180671768583471
1126,Urban community,zoned_enforcement,5.678474061912668,16.159573285466085
1127,Protected land,zoned_enforcement,2.5343440632429073,5.618082415122864
1127,Rural community,zoned_enforcement,3.3964511183479207,8.565106004789735
1127,Suburban community,zoned_enforcement,5.710512463636256,14.813871610820298
1127,Urban community,zoned_enforcement,6.519036499974037,18.182241343826803
1128,Protected land,zoned_enforcement,2.2193762478036216,5.29155089754143
1128,Rural community,zoned_enforcement,3.326291473408311,8.168744119683975
1128,Suburban community,zoned_enforcement,5.2797147344237345,14.130049409413648
1128,Urban community,zoned_enforcement,5.753672694008259,17.237909519454462
1129,Protected land,adaptive_curfew,2.5081688952431556,5.558608844422308
1129,Rural community,zoned_enforcement,3.591934635618787,8.620936638187112
1129,Suburban community,zoned_enforcement,6.026794696974189,14.964616814508208
1129,Urban community,zoned_enforcement,7.416821845287709,18.27035211427965
1130,Protected land,adaptive_curfew,2.539098847213598,5.515808668761365
1130,Rural community,zoned_enforcement,3.480719124960565,8.400568311277818
1130,Suburban community,zoned_enforcement,5.366266531279834,14.556860221764154
1130,Urban community,zoned_enforcement,6.314428647505144,17.78455710862192
1131,Protected land,zoned_enforcement,2.166973039473563,5.14771255919345
1131,Rural community,zoned_enforcement,3.195108483526991,7.936762039577827
1131,Suburban community,zoned_enforcement,5.212869659391771,13.71530094342435
1131,Urban community,zoned_enforcement,5.8096514511702235,16.763821697741125
1132,Protected land,adaptive_curfew,2.438320453729694,5.620533493045758
1132,Rural community,zoned_enforcement,3.276796829553282,8.38655295230422
1132,Suburban community,zoned_enforcement,5.445559456702705,14.196182275003801
1132,Urban community,zoned_enforcement,5.829440532880804,17.29353880711256
1133,Protected land,zoned_enforcement,2.2370601749988257,5.14804141103644
1133,Rural community,zoned_enforcement,2.983819026902509,7.781793089543582
1133,Suburban community,zoned_enforcement,4.8872359068674065,13.360990553161296
1133,Urban community,zoned_enforcement,5.085955788120829,16.457506616348613
1134,Protected land,adaptive_curfew,2.889380448007988,5.953895159392857
1134,Rural community,zoned_enforcement,4.2424846167542665,9.243662711546456
1134,Suburban community,zoned_enforcement,6.95455378277077,16.180865607760587
1134,Urban community,zoned_enforcement,8.349701024762767,19.862823551622043
1135,Protected land,zoned_enforcement,2.6109791310534067,5.674730519787683
1135,Rural community,zoned_enforcement,3.7724366125619557,8.777520061906753
1135,Suburban community,zoned_enforcement,6.038536366599075,15.202823706642961
1135,Urban community,zoned_enforcement,6.606949249765565,18.642044381149525
1136,Protected land,adaptive_curfew,3.241837165401628,6.361684428258011
1136,Rural community,zoned_enforcement,4.558191931732042,9.63002685669474
1136,Suburban community,zoned_enforcement,7.257052515789496,16.591416904041115
1136,Urban community,adaptive_curfew,8.385000096864742,20.223150211733028
1137,Protected land,adaptive_curfew,2.897333659377257,6.357369059710215
1137,Rural community,adaptive_curfew,4.155869172747363,9.443663054079467
1137,Suburban community,adaptive_curfew,6.8111237946338505,16.04079026818209
1137,Urban community,zoned_enforcement,7.667900676620041,19.70615462497355
1138,Protected land,zoned_enforcement,1.9781107276239118,4.971514587673241
1138,Rural community,zoned_enforcement,2.989115225014867,7.696514372126321
1138,Suburban community,zoned_enforcement,4.8160733644010865,13.45225522230867
1138,Urban community,zoned_enforcement,5.534299113362975,16.478632417401972
1139,Protected land,zoned_enforcement,2.754671477479132,6.04836663290972
1139,Rural community,zoned_enforcement,4.18060930068028,9.074136741395247
1139,Suburban community,zoned_enforcement,6.286670460680938,15.473212204471984
1139,Urban community,zoned_enforcement,7.688988336320385,19.082630864989905
1140,Protected land,zoned_enforcement,2.2922367640541954,5.197548305309016
1140,Rural community,zoned_enforcement,3.018938722094349,7.953042748496178
1140,Suburban community,zoned_enforcement,4.6930901337253275,13.754434201113384
1140,Urban community,zoned_enforcement,6.01983523622483,16.887187415337362
1141,Protected land,zoned_enforcement,2.441856432311755,5.391757936517765
1141,Rural community,zoned_enforcement,3.1735993632255264,8.212743028963862
1141,Suburban community,zoned_enforcement,5.780541981338612,14.105183638377671
1141,Urban community,zoned_enforcement,6.211490719004017,17.340972474873066
1142,Protected land,zoned_enforcement,2.3203660912392405,5.265385137022247
1142,Rural community,zoned_enforcement,3.2890273931671627,8.092931262879432
1142,Suburban community,zoned_enforcement,5.188772219372513,14.025824062599021
1142,Urban community,zoned_enforcement,6.12466839441853,17.292460890302138
1143,Protected land,zoned_enforcement,2.221169968657505,5.217144563270744
1143,Rural community,zoned_enforcement,2.777190159338044,7.920027317683792
1143,Suburban community,zoned_enforcement,4.573845694654054,13.562231181942924
1143,Urban community,zoned_enforcement,5.18935291833461,16.53486793840811
1144,Protected land,zoned_enforcement,2.1620685558175428,5.085742976997049
1144,Rural community,zoned_enforcement,2.5755298506226403,7.662153117901677
1144,Suburban community,zoned_enforcement,4.221643914553541,13.10889643667625
1144,Urban community,zoned_enforcement,4.793795229155512,16.14036390790163
1145,Protected land,zoned_enforcement,2.8275271794271775,6.11017398207228
1145,Rural community,zoned_enforcement,4.305307482286012,9.360917451292531
1145,Suburban community,zoned_enforcement,6.969797504223875,16.09335079693139
1145,Urban community,zoned_enforcement,8.501950510716814,19.75015457427683
1146,Protected land,adaptive_curfew,2.7514946193088106,6.307442982487441
1146,Rural community,adaptive_curfew,4.053830098179215,9.339988563942256
1146,Suburban community,zoned_enforcement,6.663239981045098,15.854448284832134
1146,Urban community,zoned_enforcement,7.548344276710971,19.408861713072493
1147,Protected land,adaptive_curfew,2.7554053424433302,6.040675456226015
1147,Rural community,zoned_enforcement,3.8377319275430377,9.097560511010713
1147,Suburban community,zoned_enforcement,6.228947766060756,15.64992365750228
1147,Urban community,zoned_enforcement,8.125190827125937,19.243974984080857
1148,Protected land,zoned_enforcement,2.5929398716780163,5.749584487373943
1148,Rural community,zoned_enforcement,3.931377881425756,8.73378730633644
1148,Suburban community,zoned_enforcement,5.996595779337964,14.974762267850805
1148,Urban community,zoned_enforcement,7.060296975025846,18.302749071951986
1149,Protected land,adaptive_curfew,2.5884619227808714,5.687369881757341
1149,Rural community,zoned_enforcement,3.652372466765188,8.520234030359447
1149,Suburban community,zoned_enforcement,5.693580722417307,14.473041787841472
1149,Urban community,zoned_enforcement,6.526760575980854,17.811657220156192
1150,Protected land,zoned_enforcement,2.5105830057381704,5.75222822955097
1150,Rural community,zoned_enforcement,3.6828205256408815,8.746765203922411
1150,Suburban community,zoned_enforcement,5.908729510754581,15.03557311634682
1150,Urban community,zoned_enforcement,7.145184194250227,18.360496547420468
1151,Protected land,zoned_enforcement,2.439623289106688,5.6352191422586735
1151,Rural community,zoned_enforcement,3.304787650607471,8.50390904758617
1151,Suburban community,zoned_enforcement,5.555645715751224,14.568978778568104
1151,Urban community,zoned_enforcement,6.634258220038095,17.75622664267625
1152,Protected land,adaptive_curfew,3.019496986651717,6.224606865493616
1152,Rural community,zoned_enforcement,4.564619772282935,9.508298998887762
1152,Suburban community,zoned_enforcement,6.8300754679339235,16.436183571931963
1152,Urban community,zoned_enforcement,8.750023119381328,20.19906253643155
1153,Protected land,adaptive_curfew,2.654195380652412,5.673277298601331
1153,Rural community,zoned_enforcement,3.5680393609975702,8.566639058490127
1153,Suburban community,zoned_enforcement,5.7524530162743694,14.70517538159971
1153,Urban community,zoned_enforcement,7.203637738462033,18.147615654389597
1154,Protected land,zoned_enforcement,2.9866333786654846,6.071052270183711
1154,Rural community,zoned_enforcement,4.608329632019549,9.458961557457037
1154,Suburban community,adaptive_curfew,7.1978685218877665,16.517056519238135
1154,Urban community,zoned_enforcement,8.417901524081525,20.1649207221789
1155,Protected land,zoned_enforcement,2.7448564495382173,5.699336103538901
1155,Rural community,zoned_enforcement,3.9210211359868383,8.903082484923743
1155,Suburban community,zoned_enforcement,6.489229025966358,15.532719106486939
1155,Urban community,zoned_enforcement,7.294988497375728,18.935168574926415
1156,Protected land,adaptive_curfew,3.0684435535746806,6.189644020318945
1156,Rural community,zoned_enforcement,4.45479293362818,9.513132401251656
1156,Suburban community,zoned_enforcement,7.650889070813376,16.39329060752783
1156,Urban community,zoned_enforcement,8.637610473577935,20.069100855731012
1157,Protected land,zoned_enforcement,1.975170975701396,4.863727450314243
1157,Rural community,zoned_enforcement,2.6355600622045268,7.595342984090188
1157,Suburban community,zoned_enforcement,4.730162461103493,13.362896377687344
1157,Urban community,zoned_enforcement,5.152936831799179,16.348949518301676
1158,Protected land,zoned_enforcement,2.3691177252507116,5.474945039851294
1158,Rural community,zoned_enforcement,3.2189796423965253,8.285341896942283
1158,Suburban community,zoned_enforcement,5.508157487176984,14.210014702933874
1158,Urban community,zoned_enforcement,5.935145186416284,17.351050476691668
1159,Protected land,zoned_enforcement,2.611486690876269,5.785908060430208
1159,Rural community,zoned_enforcement,3.5172143452463587,8.708372718536138
1159,Suburban community,zoned_enforcement,5.938113221424549,14.894030108158399
1159,Urban community,zoned_enforcement,6.8060826246338735,18.213599912077875
1160,Protected land,zoned_enforcement,2.183547406786547,5.2211573045842945
1160,Rural community,zoned_enforcement,3.00357743441588,7.97702614751183
1160,Suburban community,zoned_enforcement,4.609353010563659,13.793555570377624
1160,Urban community,zoned_enforcement,5.4639278442740515,16.838633962786723
1161,Protected land,zoned_enforcement,2.146780333477336,5.207264990990248
1161,Rural community,zoned_enforcement,2.739873228673596,7.820969024367701
1161,Suburban community,zoned_enforcement,4.880960756627925,13.405279364370617
1161,Urban community,zoned_enforcement,5.383165471589171,16.46423670499212
1162,Protected land,adaptive_curfew,2.866740721905969,5.98258373911939
1162,Rural community,zoned_enforcement,4.16760583172725,9.132745312817631
1162,Suburban community,zoned_enforcement,7.164014412306429,15.783633118387424
1162,Urban community,zoned_enforcement,8.32506974440241,19.34609778217632
1163,Protected land,adaptive_curfew,2.565714806468405,5.655624751034908
1163,Rural community,zoned_enforcement,3.674571677552512,8.659324669290472
1163,Suburban community,zoned_enforcement,5.902183144183043,14.995920526541354
1163,Urban community,zoned_enforcement,6.754133426722893,18.361203744310547
1164,Protected land,adaptive_curfew,2.8017682681704157,6.034982594065841
1164,Rural community,zoned_enforcement,4.114735360517985,9.319639836389387
1164,Suburban community,zoned_enforcement,7.1830701448563925,16.19107450709175
1164,Urban community,zoned_enforcement,8.11079564029208,19.818214813665445
1165,Protected land,adaptive_curfew,2.9074966062977636,6.034173503927827
1165,Rural community,zoned_enforcement,3.9653155197060412,9.163905393571316
1165,Suburban community,zoned_enforcement,6.9404690684145525,15.79755361186769
1165,Urban community,zoned_enforcement,8.258842288852511,19.405019744051252
1166,Protected land,adaptive_curfew,2.78230376116637,5.930250742852764
1166,Rural community,zoned_enforcement,3.9289800489634414,8.89885959248102
1166,Suburban community,zoned_enforcement,6.076674539465779,15.174451555582769
1166,Urban community,zoned_enforcement,7.637114574649313,18.664373311300093
1167,Protected land,zoned_enforcement,2.058968660066688,4.985857527067829
1167,Rural community,zoned_enforcement,2.73618475489864,7.708165494324512
1167,Suburban community,zoned_enforcement,4.380175310968706,13.401126288188697
1167,Urban community,zoned_enforcement,5.40101814641616,16.31946168806332
1168,Protected land,zoned_enforcement,3.0865027729792907,6.272889186737431
1168,Rural community,zoned_enforcement,4.227634792246554,9.41397343185496
1168,Suburban community,zoned_enforcement,6.849932139776875,16.01685655756793
1168,Urban community,zoned_enforcement,7.708703968090219,19.64377314329714
1169,Protected land,zoned_enforcement,2.8624784556568055,6.183385069741076
1169,Rural community,zoned_enforcement,4.087183469437878,9.287818799626733
1169,Suburban community,zoned_enforcement,6.65067911566843,15.77741510054175
1169,Urban community,zoned_enforcement,8.271363285044334,19.417029530846552
1170,Protected land,adaptive_curfew,3.1277971624688767,6.362186198786181
1170,Rural community,zoned_enforcement,4.495410542224243,9.558137222725605
1170,Suburban community,zoned_enforcement,6.710692509616427,16.406241982027836
1170,Urban community,zoned_enforcement,8.324567335159744,20.14446524261282
1171,Protected land,zoned_enforcement,2.628027685466412,5.557385193844061
1171,Rural community,zoned_enforcement,3.821082811464759,8.759026619272916
1171,Suburban community,zoned_enforcement,6.420853870804937,15.368128032003758
1171,Urban community,zoned_enforcement,7.496873716211029,18.842533098004896
1172,Protected land,adaptive_curfew,3.080576267640339,6.461103713260412
1172,Rural community,zoned_enforcement,4.411820084863399,9.671584316127928
1172,Suburban community,zoned_enforcement,7.225589584674495,16.422888119000536
1172,Urban community,zoned_enforcement,8.753527856707128,20.177488999623076
1173,Protected land,adaptive_curfew,2.9990584234635653,6.465116861153511
1173,Rural community,zoned_enforcement,4.1854816661875205,9.567292582998661
1173,Suburban community,zoned_enforcement,6.746372068267192,16.098322070745613
1173,Urban community,zoned_enforcement,8.13725844906519,19.705219010368378
1174,Protected land,zoned_enforcement,2.4458801048063927,5.354496327073665
1174,Rural community,zoned_enforcement,3.406832963963498,8.248422599644316
1174,Suburban community,zoned_enforcement,5.541579781345007,14.284884947412458
1174,Urban community,zoned_enforcement,6.533725986866623,17.563933996178623
1175,Protected land,zoned_enforcement,2.4754315656780634,5.395557032058839
1175,Rural community,zoned_enforcement,3.368657834919909,8.344557642447537
1175,Suburban community,zoned_enforcement,5.783370606086558,14.46539061048192
1175,Urban community,zoned_enforcement,6.620606170893552,17.77168551204853
1176,Protected land,zoned_enforcement,2.4752130725855634,5.456581037213443
1176,Rural community,zoned_enforcement,3.1204563052125103,8.274545997255323
1176,Suburban community,zoned_enforcement,5.438205615931082,14.159477140147922
1176,Urban community,zoned_enforcement,5.586172966015068,17.339407410524302
1177,Protected land,zoned_enforcement,2.2917484029257302,5.234339784722112
1177,Rural community,zoned_enforcement,2.810034358084163,7.94649371132162
1177,Suburban community,zoned_enforcement,4.892609730456108,13.73935819464189
1177,Urban community,zoned_enforcement,5.538542525517672,16.858444110553002
1178,Protected land,zoned_enforcement,2.190414286670924,4.940496868081399
1178,Rural community,zoned_enforcement,2.979551804826177,7.711633170190499
1178,Suburban community,zoned_enforcement,4.820996749773293,13.520473876963802
1178,Urban community,zoned_enforcement,6.0259421455040485,16.565030363009324
1179,Protected land,zoned_enforcement,2.262767862239797,5.0664308600639485
1179,Rural community,zoned_enforcement,2.970445134401648,7.891697283887887
1179,Suburban community,zoned_enforcement,5.267242777534756,13.717221512166974
1179,Urban community,zoned_enforcement,5.742974236015954,16.782293918722367
1180,Protected land,zoned_enforcement,2.061682589445523,4.915616944485135
1180,Rural community,zoned_enforcement,2.8365293530924136,7.628898156847069
1180,Suburban community,zoned_enforcement,4.277995039712842,13.253445823629622
1180,Urban community,zoned_enforcement,5.102187668368279,16.175266910407178
1181,Protected land,zoned_enforcement,2.5945568685102662,5.6854027790484505
1181,Rural community,zoned_enforcement,3.671828912421188,8.586161667941203
1181,Suburban community,zoned_enforcement,5.814493147578986,14.725322860931145
1181,Urban community,zoned_enforcement,7.080300986101172,18.188052719612056
1182,Protected land,adaptive_curfew,2.996987734672122,6.246148379018656
1182,Rural community,zoned_enforcement,4.331938421935293,9.442835027768389
1182,Suburban community,zoned_enforcement,7.125981112216747,16.081116804430252
1182,Urban community,zoned_enforcement,8.053111386711773,19.692875099206443
1183,Protected land,zoned_enforcement,2.787283322521251,5.793559160959316
1183,Rural community,zoned_enforcement,3.893022745103557,9.051369890537245
1183,Suburban community,zoned_enforcement,6.840356222259773,15.875826586366538
1183,Urban community,zoned_enforcement,8.02887440233133,19.512600082553593
1184,Protected land,zoned_enforcement,2.7427650829422765,5.962575787100838
1184,Rural community,zoned_enforcement,4.157454552741783,9.066882607095634
1184,Suburban community,zoned_enforcement,6.148245007870301,15.644565992778167
1184,Urban community,zoned_enforcement,7.737678205785402,19.226320286520853
1185,Protected land,adaptive_curfew,3.069808989690713,6.108216822213513
1185,Rural community,adaptive_curfew,3.9764530429274716,9.307876413217505
1185,Suburban community,zoned_enforcement,6.824192518405839,15.947888999220645
1185,Urban community,zoned_enforcement,8.169426046946915,19.500435717804336
1186,Protected land,zoned_enforcement,2.1909258733351096,5.311475923175943
1186,Rural community,zoned_enforcement,2.8914863038439265,7.908544003085917
1186,Suburban community,zoned_enforcement,5.06141799903234,13.424929332710263
1186,Urban community,zoned_enforcement,4.828471099333527,16.54609296679271
1187,Protected land,zoned_enforcement,2.2240106306124936,5.085226555387344
1187,Rural community,zoned_enforcement,2.7185166657290765,7.6801697057119105
1187,Suburban community,zoned_enforcement,4.60572073999591,13.18556051039392
1187,Urban community,zoned_enforcement,5.055900173652606,16.185909303025984
1188,Protected land,adaptive_curfew,2.996716250129378,6.227599629337721
1188,Rural community,zoned_enforcement,4.145627489472498,9.344824916618304
1188,Suburban community,zoned_enforcement,6.73178144408304,15.909560851124521
1188,Urban community,zoned_enforcement,8.202206239705028,19.49706574921075
1189,Protected land,adaptive_curfew,2.5457822331710345,5.590035837829222
1189,Rural community,zoned_enforcement,3.272849032772079,8.289828137858587
1189,Suburban community,zoned_enforcement,5.145407180639337,14.084404097849646
1189,Urban community,zoned_enforcement,5.821416582843973,17.29009886823541
1190,Protected land,zoned_enforcement,2.742438009704612,5.705623125869797
1190,Rural community,zoned_enforcement,3.9387785078664708,8.913228042105164
1190,Suburban community,zoned_enforcement,6.634463060705951,15.698254368865694
1190,Urban community,zoned_enforcement,7.710219810826773,19.269068117973664
1191,Protected land,adaptive_curfew,2.1546061213877077,5.290158879401003
1191,Rural community,zoned_enforcement,3.0671145646128037,8.062779381586001
1191,Suburban community,zoned_enforcement,5.055049334561835,13.923334105535377
1191,Urban community,zoned_enforcement,5.622263310080681,17.04444361611456
1192,Protected land,zoned_enforcement,2.340773507690947,5.267472982629586
1192,Rural community,zoned_enforcement,3.3563664944966254,8.155426704019392
1192,Suburban community,zoned_enforcement,5.163522501409108,14.180871266078213
1192,Urban community,zoned_enforcement,6.082614161543766,17.343976516408063
1193,Protected land,zoned_enforcement,2.2005656531238618,5.105716417150032
1193,Rural community,zoned_enforcement,2.8725547221016043,7.77089810945992
1193,Suburban community,zoned_enforcement,4.756307125624806,13.437698250942647
1193,Urban community,zoned_enforcement,5.106158259275919,16.487226423556404
1194,Protected land,zoned_enforcement,2.2272901678801933,4.8868558365557275
1194,Rural community,zoned_enforcement,3.0781762557050385,7.721930189944026
1194,Suburban community,zoned_enforcement,4.988146112845129,13.575117373830043
1194,Urban community,zoned_enforcement,5.359300717230504,16.613628885983513
1195,Protected land,zoned_enforcement,2.5088035035509892,5.532361555351686
1195,Rural community,zoned_enforcement,3.5981299197567314,8.57925518841836
1195,Suburban community,zoned_enforcement,5.965881674360613,14.90597739723752
1195,Urban community,zoned_enforcement,6.406996498282426,18.17824170487829
1196,Protected land,zoned_enforcement,2.2607982554678636,5.270220636198017
1196,Rural community,zoned_enforcement,3.5644341131029513,8.275133334918158
1196,Suburban community,zoned_enforcement,5.472516872997572,14.529750757018894
1196,Urban community,zoned_enforcement,6.253543012619961,17.774601726050086
1197,Protected land,zoned_enforcement,3.110920717987172,6.562510170300634
1197,Rural community,zoned_enforcement,4.394867654749327,9.700163595445629
1197,Suburban community,zoned_enforcement,7.2757303831597575,16.35341379834264
1197,Urban community,adaptive_curfew,8.102545824671145,19.976863468043316
1198,Protected land,adaptive_curfew,2.6346205673710417,5.880151572340598
1198,Rural community,zoned_enforcement,3.9156984542364466,9.049021364116529
1198,Suburban community,zoned_enforcement,6.821959175769356,15.767383844556493
1198,Urban community,zoned_enforcement,7.99120023359405,19.38616710934048
1199,Protected land,zoned_enforcement,2.381125898100866,5.37312395022367
1199,Rural community,zoned_enforcement,3.3162217809279344,8.113942964019966
1199,Suburban community,zoned_enforcement,5.441637257713854,13.916820227295542
1199,Urban community,zoned_enforcement,5.777793234582386,17.09259724151038
1200,Protected land,adaptive_curfew,2.1039039814247387,5.1178970901071335
1200,Rural community,zoned_enforcement,3.0651836332791724,7.99516431807646
1200,Suburban community,zoned_enforcement,4.8606175119643655,13.900131188465037
1200,Urban community,zoned_enforcement,6.079386496174269,16.97594124562181
1201,Protected land,zoned_enforcement,2.646479943440794,5.700266430133294
1201,Rural community,zoned_enforcement,3.788055128493103,8.776097031658042
1201,Suburban community,zoned_enforcement,6.441007835013062,15.278931996297196
1201,Urban community,zoned_enforcement,7.828303560021601,18.817161442227594
1202,Protected land,zoned_enforcement,2.7159653765884655,5.744009243195971
1202,Rural community,zoned_enforcement,3.5535601611975176,8.79536014218955
1202,Suburban community,zoned_enforcement,6.4463715763410185,15.117113551764932
1202,Urban community,zoned_enforcement,7.732040548658077,18.571455014972496
1203,Protected land,adaptive_curfew,3.151994871902476,6.3749328368551765
1203,Rural community,zoned_enforcement,4.4165077522298075,9.694270045559753
1203,Suburban community,zoned_enforcement,7.3533965864574835,16.613289025812506
1203,Urban community,adaptive_curfew,8.93403375516025,20.202851905056942
1204,Protected land,zoned_enforcement,2.349461408563075,5.2295450208992476
1204,Rural community,zoned_enforcement,3.2626512337804945,8.170589509319983
1204,Suburban community,zoned_enforcement,5.409967952754728,14.323235566064408
1204,Urban community,zoned_enforcement,6.869795478984388,17.685880346215736
1205,Protected land,adaptive_curfew,2.8585950074765774,5.938793533862284
1205,Rural community,zoned_enforcement,4.209401509787427,9.2772194290884
1205,Suburban community,zoned_enforcement,7.285715261210186,16.266029637417567
1205,Urban community,zoned_enforcement,8.112871887569735,19.957854943004207
1206,Protected land,adaptive_curfew,2.6909722879079436,5.742491966267163
1206,Rural community,zoned_enforcement,4.206024585129502,9.012653594180717
1206,Suburban community,zoned_enforcement,6.797637237655218,15.805127135351446
1206,Urban community,zoned_enforcement,8.085602395228875,19.23181465136642
1207,Protected land,adaptive_curfew,2.699759749692778,5.701989294100391
1207,Rural community,zoned_enforcement,3.9329243722390155,8.966048099969447
1207,Suburban community,zoned_enforcement,6.647322903136525,15.784230946949664
1207,Urban community,zoned_enforcement,7.857497873841631,19.245955164079277
1208,Protected land,zoned_enforcement,2.84851137371104,5.928117560127824
1208,Rural community,zoned_enforcement,3.8240152029681544,9.06924695546675
1208,Suburban community,zoned_enforcement,6.864427185265784,15.618907668026955
1208,Urban community,zoned_enforcement,7.650083427967449,19.116692100068473
1209,Protected land,adaptive_curfew,2.8284933982393285,6.191051650992625
1209,Rural community,adaptive_curfew,3.9650799109692647,9.168022700586944
1209,Suburban community,zoned_enforcement,6.278699488883326,15.580686418057294
1209,Urban community,zoned_enforcement,7.337454473779323,19.08146809333781
1210,Protected land,zoned_enforcement,2.698568674078988,5.766524103446764
1210,Rural community,zoned_enforcement,3.8349336105650185,8.832505987298383
1210,Suburban community,zoned_enforcement,6.030646966917665,15.159461418042689
1210,Urban community,zoned_enforcement,7.7313102352784195,18.52451785041587
1211,Protected land,zoned_enforcement,2.887758021165038,6.126964927343534
1211,Rural community,zoned_enforcement,3.690462213923757,9.088992647335761
1211,Suburban community,zoned_enforcement,6.402323812988433,15.358321541956368
1211,Urban community,zoned_enforcement,6.973338279932905,18.782362692264712
1212,Protected land,zoned_enforcement,2.364338304553902,5.263142949857889
1212,Rural community,zoned_enforcement,3.2311898438500473,8.202726395461442
1212,Suburban community,zoned_enforcement,5.661770985536078,14.377989017305728
1212,Urban community,zoned_enforcement,6.674584815801948,17.572875440394306
1213,Protected land,zoned_enforcement,2.5408437807497477,5.57044985165403
1213,Rural community,zoned_enforcement,3.666671526559636,8.610500403941328
1213,Suburban community,zoned_enforcement,5.8552583950933865,15.015605357575426
1213,Urban community,zoned_enforcement,7.117222541933847,18.296644993814244
1214,Protected land,zoned_enforcement,2.4633674781653196,5.400994467927242
1214,Rural community,zoned_enforcement,3.504300950907157,8.326163970219765
1214,Suburban community,zoned_enforcement,5.847222168275945,14.43766595620754
1214,Urban community,zoned_enforcement,5.865000601272005,17.701291996387333
1215,Protected land,adaptive_curfew,2.4826727744231567,5.675167530155399
1215,Rural community,zoned_enforcement,3.8129685065768575,8.68046085129733
1215,Suburban community,zoned_enforcement,5.983948115339235,14.888806499567009
1215,Urban community,zoned_enforcement,7.406779169498273,18.2546557939526
1216,Protected land,zoned_enforcement,2.3387646413569536,5.397431826792878
1216,Rural community,zoned_enforcement,3.509909816965404,8.408789303766975
1216,Suburban community,zoned_enforcement,6.234923525293784,14.670002098337307
1216,Urban community,zoned_enforcement,6.644898665906794,17.96162074797078
1217,Protected land,zoned_enforcement,2.2928324658150556,5.149080733605891
1217,Rural community,zoned_enforcement,3.2054073924429147,7.983500684272579
1217,Suburban community,zoned_enforcement,4.922425921324519,13.864845727041578
1217,Urban community,zoned_enforcement,5.444488675002347,16.952750657903675
1218,Protected land,zoned_enforcement,2.420951689579777,5.401917310823355
1218,Rural community,zoned_enforcement,3.163795049887848,8.059076479304071
1218,Suburban community,zoned_enforcement,4.980152337514317,13.696017556604845
1218,Urban community,zoned_enforcement,5.550661880547921,16.852254818739098
1219,Protected land,zoned_enforcement,2.5465948201621025,5.408961589669323
1219,Rural community,zoned_enforcement,3.216797151530529,8.39103630180677
1219,Suburban community,zoned_enforcement,5.551214399055699,14.70942572470744
1219,Urban community,zoned_enforcement,6.814778132804337,17.977809831880815
1220,Protected land,zoned_enforcement,2.4429597524661912,5.400546171304773
1220,Rural community,zoned_enforcement,3.537897991317063,8.355043012189078
1220,Suburban community,zoned_enforcement,5.9645060151704,14.528393623600461
1220,Urban community,zoned_enforcement,6.583489179271327,17.844492974929466
1221,Protected land,zoned_enforcement,3.0695885589445226,6.360256412238233
1221,Rural community,adaptive_curfew,4.462613071307805,9.627730849087495
1221,Suburban community,zoned_enforcement,7.916591860472295,16.576824217336288
1221,Urban community,adaptive_curfew,8.739564511081594,20.308854460110553
1222,Protected land,zoned_enforcement,2.439888293791859,5.462259974422045
1222,Rural community,zoned_enforcement,3.957754774628812,8.599023871238426
1222,Suburban community,zoned_enforcement,6.383882783644346,15.078499644464536
1222,Urban community,zoned_enforcement,6.6308804579465495,18.395510882370992
1223,Protected land,zoned_enforcement,2.69240289251705,5.717493328533376
1223,Rural community,zoned_enforcement,4.044892547012682,8.984725130227199
1223,Suburban community,zoned_enforcement,6.712747284424202,15.787049240140878
1223,Urban community,zoned_enforcement,7.50344828330209,19.317479448040668
1224,Protected land,zoned_enforcement,2.559616013886545,5.559544150764055
1224,Rural community,zoned_enforcement,3.6383754955747163,8.58301266921562
1224,Suburban community,zoned_enforcement,6.060525423369926,14.796815162586205
1224,Urban community,zoned_enforcement,6.685400974189987,18.097480475695935
1225,Protected land,adaptive_curfew,2.6413319769438104,5.699911976122136
1225,Rural community,zoned_enforcement,3.7545157393282045,8.757564808123536
1225,Suburban community,zoned_enforcement,6.099696139252366,15.144621405238293
1225,Urban community,zoned_enforcement,6.9440329531010665,18.493520679660307
1226,Protected land,adaptive_curfew,2.355513397592013,5.386768208498835
1226,Rural community,zoned_enforcement,3.4305556834563964,8.219715150379233
1226,Suburban community,zoned_enforcement,5.064021124803675,14.119924966794356
1226,Urban community,zoned_enforcement,5.716564594166595,17.341386223174904
1227,Protected land,zoned_enforcement,2.3801815969447135,5.317570527034822
1227,Rural community,zoned_enforcement,3.1598153384461742,8.104060431203614
1227,Suburban community,zoned_enforcement,4.821611994350281,13.915075536382664
1227,Urban community,zoned_enforcement,5.458575635388357,16.981291090100836
1228,Protected land,zoned_enforcement,2.6998527509860053,5.630232701836254
1228,Rural community,zoned_enforcement,3.579804249675334,8.593972404699816
1228,Suburban community,zoned_enforcement,5.738417717150574,14.761414335578618
1228,Urban community,zoned_enforcement,7.053821116414204,18.089635815064728
1229,Protected land,zoned_enforcement,2.142091293362194,5.198761640595463
1229,Rural community,zoned_enforcement,2.9188752668737132,7.765901490162095
1229,Suburban community,zoned_enforcement,4.277821043406048,13.288433364696322
1229,Urban community,zoned_enforcement,5.454873936101178,16.339493998761267
1230,Protected land,zoned_enforcement,2.2937255251484503,5.246796950603061
1230,Rural community,zoned_enforcement,2.972906022330042,7.945907838261011
1230,Suburban community,zoned_enforcement,4.648392651479686,13.693264578972123
1230,Urban community,zoned_enforcement,5.869370394206143,16.772509101908234
1231,Protected land,adaptive_curfew,2.9179943022747525,5.853854824982041
1231,Rural community,zoned_enforcement,3.9786571808836895,9.146141602148973
1231,Suburban community,zoned_enforcement,6.9592909742726405,15.99569078083729
1231,Urban community,zoned_enforcement,8.009341397796245,19.448507601447858
1232,Protected land,adaptive_curfew,2.4980259571061114,5.478741912645113
1232,Rural community,zoned_enforcement,3.3797031728764377,8.253970812602713
1232,Suburban community,zoned_enforcement,5.227890358137772,14.133366530643999
1232,Urban community,zoned_enforcement,6.256038931633972,17.387354621514167
1233,Protected land,adaptive_curfew,2.9037106480027264,6.233670291466123
1233,Rural community,zoned_enforcement,4.2353222843394525,9.474808135909429
1233,Suburban community,zoned_enforcement,7.04400291197792,16.247306357709274
1233,Urban community,adaptive_curfew,8.096283898672418,19.840224847113156
1234,Protected land,adaptive_curfew,2.167138945153458,5.262317702093111
1234,Rural community,zoned_enforcement,2.9157195259449606,7.878015291734104
1234,Suburban community,zoned_enforcement,4.428451748062514,13.444726715163036
1234,Urban community,zoned_enforcement,5.147125162104251,16.40620626128025
1235,Protected land,adaptive_curfew,2.7851045097370664,6.0171591081661395
1235,Rural community,zoned_enforcement,4.115241567534612,9.068874943600324
1235,Suburban community,zoned_enforcement,6.401553737498634,15.465842073742376
1235,Urban community,zoned_enforcement,7.697351308952628,18.990122769228453
1236,Protected land,adaptive_curfew,3.074710894327762,6.637801703097063
1236,Rural community,adaptive_curfew,4.474261047406074,9.80445075374056
1236,Suburban community,zoned_enforcement,7.179744496198051,16.581290866863753
1236,Urban community,zoned_enforcement,9.102022699538093,20.39117506558972
1237,Protected land,zoned_enforcement,2.263770288261996,5.28013793626788
1237,Rural community,zoned_enforcement,2.997904026147869,7.910023744395861
1237,Suburban community,zoned_enforcement,4.711582079639367,13.383952582270556
1237,Urban community,zoned_enforcement,5.620767645812371,16.366772786470126
1238,Protected land,zoned_enforcement,2.3666032181105483,5.286434169829075
1238,Rural community,zoned_enforcement,3.4553796766803497,8.282533337981073
1238,Suburban community,zoned_enforcement,5.8308264674488015,14.476935762653264
1238,Urban community,zoned_enforcement,6.038030814986373,17.64901391749043
1239,Protected land,adaptive_curfew,2.037921529658236,4.930746652696512
1239,Rural community,zoned_enforcement,2.797539374814642,7.62425546376657
1239,Suburban community,zoned_enforcement,4.36286026866221,13.317876153326791
1239,Urban community,zoned_enforcement,5.051742292922864,16.294885346759067
1240,Protected land,adaptive_curfew,3.2016907680290827,6.233585815084692
1240,Rural community,zoned_enforcement,4.269817530986577,9.50386303378919
1240,Suburban community,zoned_enforcement,7.210272530824286,16.390543089853853
1240,Urban community,zoned_enforcement,8.44530741912082,20.041993348424302
1241,Protected land,zoned_enforcement,2.0815779523875473,5.033342584865316
1241,Rural community,zoned_enforcement,3.0999191776357033,7.8732813332556075
1241,Suburban community,zoned_enforcement,4.883669288805136,13.87147600712314
1241,Urban community,zoned_enforcement,6.235444144305733,17.08285554370214
1242,Protected land,adaptive_curfew,2.663070462089522,5.85909472503874
1242,Rural community,zoned_enforcement,3.8829422145664827,8.785776410196016
1242,Suburban community,zoned_enforcement,6.220481510092686,14.990434071147584
1242,Urban community,zoned_enforcement,6.810502083040491,18.369365752124516
1243,Protected land,adaptive_curfew,2.8570130301945023,6.022821043528197
1243,Rural community,zoned_enforcement,3.996383871107655,9.276537753733097
1243,Suburban community,zoned_enforcement,7.3018828268613,16.07638479069108
1243,Urban community,zoned_enforcement,8.147071883272995,19.696323919387297
1244,Protected land,zoned_enforcement,2.157085455270281,4.776386149496456
1244,Rural community,zoned_enforcement,2.6300965511425405,7.562572569373415
1244,Suburban community,zoned_enforcement,4.312095299454008,13.404403944892648
1244,Urban community,zoned_enforcement,5.560580137203029,16.413469574463154
1245,Protected land,zoned_enforcement,2.613498908482588,5.62234900741291
1245,Rural community,zoned_enforcement,3.9275811551281627,8.837878224478034
1245,Suburban community,zoned_enforcement,6.243278257264551,15.536744648039546
1245,Urban community,zoned_enforcement,7.478871775769111,19.034786249035605
1246,Protected land,adaptive_curfew,3.0180354671123557,6.465009054266739
1246,Rural community,zoned_enforcement,4.721220479393327,9.767987482664928
1246,Suburban community,zoned_enforcement,7.512535944323835,16.703958490284087
1246,Urban community,adaptive_curfew,8.458399039741508,20.35719602672373
1247,Protected land,zoned_enforcement,2.3104364346106334,5.125479554226685
1247,Rural community,zoned_enforcement,3.100343262579104,8.037750489337329
1247,Suburban community,zoned_enforcement,5.414276267013994,14.165135028365828
1247,Urban community,zoned_enforcement,6.033439712720508,17.422278357127208
1248,Protected land,zoned_enforcement,2.60284127775917,5.801652734647512
1248,Rural community,zoned_enforcement,3.851748948315014,8.804677730170605
1248,Suburban community,zoned_enforcement,6.16128631799482,15.162526627141995
1248,Urban community,zoned_enforcement,7.099111348256226,18.55815111521948
1249,Protected land,zoned_enforcement,2.6546533712379854,5.667915279710591
1249,Rural community,zoned_enforcement,3.527132015158438,8.608605135823243
1249,Suburban community,zoned_enforcement,6.16172963726153,14.866444681059788
1249,Urban community,zoned_enforcement,7.542829818835505,18.28488837002777
1250,Protected land,adaptive_curfew,3.1187427028005295,6.220819059494008
1250,Rural community,zoned_enforcement,4.1529364323909,9.344604879227106
1250,Suburban community,zoned_enforcement,6.740545956615392,16.03912458815997
1250,Urban community,zoned_enforcement,7.658941748776945,19.595875784321233
1251,Protected land,zoned_enforcement,2.722235888373529,5.591499615254607
1251,Rural community,zoned_enforcement,3.9076536666635144,8.927353090087292
1251,Suburban community,zoned_enforcement,6.604606427332159,15.841230565546601
1251,Urban community,zoned_enforcement,7.844124697015435,19.423379372841623
1252,Protected land,adaptive_curfew,3.2192325056482227,6.422887188972185
1252,Rural community,zoned_enforcement,4.476714141684818,9.637744379520132
1252,Suburban community,adaptive_curfew,7.210165260138252,16.486609454246196
1252,Urban community,zoned_enforcement,8.270906297362098,20.223972842760734
1253,Protected land,zoned_enforcement,2.699817659473281,6.0288233361728105
1253,Rural community,zoned_enforcement,4.138192432334178,9.114629869206052
1253,Suburban community,zoned_enforcement,6.5145021457463255,15.709582193912789
1253,Urban community,zoned_enforcement,7.546842059510965,19.3936596765309
1254,Protected land,adaptive_curfew,2.857227122554564,6.028404630101866
1254,Rural community,zoned_enforcement,4.454748937821999,9.386587545238733
1254,Suburban community,zoned_enforcement,7.169385937898138,16.348411037718208
1254,Urban community,zoned_enforcement,8.559532450586163,19.952755018115262
1255,Protected land,zoned_enforcement,2.219895184613398,4.974116203487455
1255,Rural community,zoned_enforcement,3.0768067504273544,7.733032094264327
1255,Suburban community,zoned_enforcement,4.989750347328471,13.600432897610762
1255,Urban community,zoned_enforcement,6.038059680825478,16.725870675977955
1256,Protected land,adaptive_curfew,2.960709152679,6.06547257664196
1256,Rural community,zoned_enforcement,3.7824580845281126,9.123953393465138
1256,Suburban community,zoned_enforcement,6.560592355554073,15.584232727995865
1256,Urban community,zoned_enforcement,7.590783174176135,19.09468513606776
1257,Protected land,adaptive_curfew,2.85732133453845,5.883615766487616
1257,Rural community,zoned_enforcement,4.125073641613367,8.9953823755926
1257,Suburban community,zoned_enforcement,6.564586888935356,15.619037026967492
1257,Urban community,zoned_enforcement,7.806706042767505,19.260386434495224
1258,Protected land,zoned_enforcement,2.981057872172797,6.228251306944292
1258,Rural community,zoned_enforcement,4.440007983566745,9.480517084159388
1258,Suburban community,zoned_enforcement,7.019494497688347,16.293929062645777
1258,Urban community,zoned_enforcement,8.060298446705962,20.029991490144145
1259,Protected land,zoned_enforcement,2.8112451307532518,5.896166132565463
1259,Rural community,zoned_enforcement,3.9226851688141258,8.933426815471648
1259,Suburban community,zoned_enforcement,6.887692457151985,15.392244121093206
1259,Urban community,zoned_enforcement,7.5159222245422335,19.042295220928473
1260,Protected land,adaptive_curfew,3.237304461415649,6.437539004442597
1260,Rural community,zoned_enforcement,4.438796700956452,9.673559608833486
1260,Suburban community,adaptive_curfew,7.299208204785277,16.504285515427
1260,Urban community,zoned_enforcement,9.014232647294124,20.256381556853295
1261,Protected land,zoned_enforcement,3.026949691487388,6.196647952647092
1261,Rural community,adaptive_curfew,4.34242160265107,9.423543318405752
1261,Suburban community,zoned_enforcement,7.090375342631322,16.24552111055517
1261,Urban community,zoned_enforcement,8.276817388228272,19.93285264233937
1262,Protected land,zoned_enforcement,2.143149717700312,4.948287901497426
1262,Rural community,zoned_enforcement,2.9851483871584703,7.624770515317805
1262,Suburban community,zoned_enforcement,4.587420508858962,13.220759983607861
1262,Urban community,zoned_enforcement,4.85013313729498,16.282693551027915
1263,Protected land,zoned_enforcement,2.2915548408917874,5.1593702792516165
1263,Rural community,zoned_enforcement,2.661685338348758,7.876462477016776
1263,Suburban community,zoned_enforcement,5.056480190451268,13.672645125564218
1263,Urban community,zoned_enforcement,5.480380973078821,16.80737477187693
1264,Protected land,zoned_enforcement,2.0603672090932963,5.0934946633690785
1264,Rural community,zoned_enforcement,2.722229954034474,7.712207552499679
1264,Suburban community,zoned_enforcement,4.4341787670437025,13.192847473784827
1264,Urban community,zoned_enforcement,5.145960097020181,16.110706482143073
1265,Protected land,adaptive_curfew,2.3627595764637235,5.323046324246944
1265,Rural community,zoned_enforcement,3.5407170748760803,8.319915407485237
1265,Suburban community,zoned_enforcement,5.927375455033115,14.60004233451278
1265,Urban community,zoned_enforcement,6.476349069844595,17.889958359943815
1266,Protected land,adaptive_curfew,2.579816694820946,5.855804641049456
1266,Rural community,zoned_enforcement,3.8745714928375916,8.790439472258175
1266,Suburban community,zoned_enforcement,6.51291854036478,15.023177459741547
1266,Urban community,zoned_enforcement,7.306246494929699,18.52408236094128
1267,Protected land,adaptive_curfew,2.297263094775374,5.248242858084816
1267,Rural community,zoned_enforcement,3.161409547091073,8.073603528220659
1267,Suburban community,zoned_enforcement,5.58814598651405,13.988186033537708
1267,Urban community,zoned_enforcement,6.398764552573361,17.174991278889955
1268,Protected land,zoned_enforcement,2.150702677977184,5.223751161202294
1268,Rural community,zoned_enforcement,3.088852619831088,7.97266109394806
1268,Suburban community,zoned_enforcement,4.94213516129677,13.757920415648304
1268,Urban community,zoned_enforcement,5.761120556418259,16.84247165793077
1269,Protected land,zoned_enforcement,2.536064288001541,5.862749451156914
1269,Rural community,zoned_enforcement,3.7556082143942824,8.842034846796384
1269,Suburban community,zoned_enforcement,5.653108570648801,15.11504664951279
1269,Urban community,zoned_enforcement,6.996535443130696,18.471237737604625
1270,Protected land,zoned_enforcement,2.258974485994818,5.030300983618259
1270,Rural community,zoned_enforcement,3.159834154455175,7.897582569132232
1270,Suburban community,zoned_enforcement,4.925681274660864,13.951188703808937
1270,Urban community,zoned_enforcement,6.32308083832644,17.1185373868212
1271,Protected land,adaptive_curfew,2.6700220751730046,5.898890661988589
1271,Rural community,zoned_enforcement,3.7927766184237894,8.903443249066626
1271,Suburban community,zoned_enforcement,6.1805686784057645,15.176550136632057
1271,Urban community,zoned_enforcement,6.715560127348148,18.615867790202696
1272,Protected land,zoned_enforcement,2.366319953785977,5.436602529614411
1272,Rural community,zoned_enforcement,3.1809287342840022,8.283552894636841
1272,Suburban community,zoned_enforcement,5.5494222998195575,14.191083192503315
1272,Urban community,zoned_enforcement,6.842096828197997,17.44173760756675
1273,Protected land,adaptive_curfew,2.938488814195501,6.175614639336909
1273,Rural community,adaptive_curfew,4.180751962112277,9.2652532200845
1273,Suburban community,zoned_enforcement,6.8617620153309815,15.88565923466547
1273,Urban community,zoned_enforcement,7.8944747638403765,19.42392732359101
1274,Protected land,adaptive_curfew,2.66949710292269,5.942377438778855
1274,Rural community,zoned_enforcement,3.6490916596641148,8.854605297512904
1274,Suburban community,zoned_enforcement,5.940604247822801,15.01215903426812
1274,Urban community,zoned_enforcement,7.180861891076857,18.338589719144828
1275,Protected land,zoned_enforcement,2.2685385655401507,5.34472934559808
1275,Rural community,zoned_enforcement,3.1440937821619324,8.24457939166641
1275,Suburban community,zoned_enforcement,5.662942564166331,14.350531082408596
1275,Urban community,zoned_enforcement,6.3147257766025735,17.661260169396105
1276,Protected land,adaptive_curfew,2.5073665992956125,5.4665047645373885
1276,Rural community,zoned_enforcement,3.4678083498940175,8.32050586894802
1276,Suburban community,zoned_enforcement,5.554039762613092,14.339430616581991
1276,Urban community,zoned_enforcement,5.9852018247860315,17.511521820991703
1277,Protected land,zoned_enforcement,2.830912164389875,5.965504171740161
1277,Rural community,zoned_enforcement,4.0779401796139965,9.126367666068639
1277,Suburban community,zoned_enforcement,6.342571353101102,15.813336467940351
1277,Urban community,zoned_enforcement,7.563971797305921,19.313705908156205
1278,Protected land,zoned_enforcement,2.5722977937317486,5.620974264786992
1278,Rural community,zoned_enforcement,4.001917661383333,8.68836613474845
1278,Suburban community,zoned_enforcement,6.216991639398438,15.064596696079438
1278,Urban community,zoned_enforcement,6.734199698075534,18.486769626833347
1279,Protected land,adaptive_curfew,2.7705924735967296,5.890563465488225
1279,Rural community,zoned_enforcement,3.7138152979721237,8.860585634218792
1279,Suburban community,zoned_enforcement,6.224195854817729,15.192778216510892
1279,Urban community,zoned_enforcement,7.505053349940074,18.664985452134257
1280,Protected land,adaptive_curfew,2.6932467131686497,6.017082884521246
1280,Rural community,zoned_enforcement,4.223734383328795,9.177409537436066
1280,Suburban community,zoned_enforcement,6.82361297483553,15.82001950274184
1280,Urban community,zoned_enforcement,7.7875223482624065,19.30724466644365
1281,Protected land,zoned_enforcement,2.5181938250967084,5.575534228190332
1281,Rural community,zoned_enforcement,3.166149488244926,8.414460638196427
1281,Suburban community,zoned_enforcement,5.7926531151853204,14.491372151991014
1281,Urban community,zoned_enforcement,6.596012282192184,17.903053341083
1282,Protected land,zoned_enforcement,2.3026790622810562,5.133242699399753
1282,Rural community,zoned_enforcement,2.9099275899462507,7.909497532799918
1282,Suburban community,zoned_enforcement,5.298905489272924,13.673477716689767
1282,Urban community,zoned_enforcement,5.651697503625549,16.746212813429292
1283,Protected land,zoned_enforcement,2.092000892920454,5.04860162018176
1283,Rural community,zoned_enforcement,2.945796892231689,7.9388482774418945
1283,Suburban community,zoned_enforcement,5.0563576663694505,13.998040084252828
1283,Urban community,zoned_enforcement,6.320817228284387,17.22919140687451
1284,Protected land,zoned_enforcement,2.319808116491099,5.444845563234242
1284,Rural community,zoned_enforcement,3.5409478841332547,8.388911278981018
1284,Suburban community,zoned_enforcement,5.8830413146429645,14.59164978381782
1284,Urban community,zoned_enforcement,6.8813807207324516,17.966905886605552
1285,Protected land,adaptive_curfew,2.228622400667898,5.254520779678887
1285,Rural community,zoned_enforcement,3.016661931988951,7.914304463356505
1285,Suburban community,zoned_enforcement,4.5266520419706815,13.52345467303793
1285,Urban community,zoned_enforcement,5.922698711914428,16.577220962433145
1286,Protected land,adaptive_curfew,3.1406573979606254,6.2999442228391445
1286,Rural community,zoned_enforcement,4.407888280627078,9.638459476056067
1286,Suburban community,adaptive_curfew,7.035719221678537,16.610450958225755
1286,Urban community,zoned_enforcement,8.593840837485907,20.25948940116573
1287,Protected land,adaptive_curfew,3.0921723272892967,6.488108111265848
1287,Rural community,adaptive_curfew,4.332481321491075,9.630696432021036
1287,Suburban community,zoned_enforcement,7.258673696951682,16.344386295137518
1287,Urban community,zoned_enforcement,8.648617160088213,19.998858131651602
1288,Protected land,zoned_enforcement,2.906558379629969,6.1186963210446
1288,Rural community,zoned_enforcement,4.410342703506774,9.46085026649858
1288,Suburban community,zoned_enforcement,6.820967003998479,16.432553641821617
1288,Urban community,zoned_enforcement,8.532448016579512,20.187427758845725
1289,Protected land,zoned_enforcement,2.816922464490569,5.871596189024783
1289,Rural community,zoned_enforcement,3.5848126893006915,8.767295696644325
1289,Suburban community,zoned_enforcement,6.034835239025599,14.975678817566665
1289,Urban community,zoned_enforcement,6.8909779468403585,18.45247208088577
1290,Protected land,adaptive_curfew,2.315411322751223,5.2712547266607706
1290,Rural community,zoned_enforcement,3.167332700503535,8.254563493456605
1290,Suburban community,zoned_enforcement,5.495397373973912,14.548819531799994
1290,Urban community,zoned_enforcement,6.452237179468764,17.9161458149812
1291,Protected land,adaptive_curfew,2.9768215842754473,6.131044291529529
1291,Rural community,zoned_enforcement,4.677173364836152,9.531464498761835
1291,Suburban community,zoned_enforcement,7.15932124412779,16.64072950451013
1291,Urban community,zoned_enforcement,8.855508877987589,20.358376802093606
1292,Protected land,adaptive_curfew,2.928440458295848,6.129602882028763
1292,Rural community,adaptive_curfew,4.505214525037326,9.502532463127595
1292,Suburban community,zoned_enforcement,7.5390769075370745,16.59491566462944
1292,Urban community,zoned_enforcement,8.487317148419711,20.334078535848665
1293,Protected land,zoned_enforcement,2.221273308931036,5.080202234629465
1293,Rural community,zoned_enforcement,2.7566525596202416,7.801374926012901
1293,Suburban community,zoned_enforcement,4.502926294279096,13.521255382193232
1293,Urban community,zoned_enforcement,5.545434960287347,16.498689308704716
1294,Protected land,zoned_enforcement,2.979042056384551,6.019258358203188
1294,Rural community,zoned_enforcement,4.663879335772887,9.363462844431796
1294,Suburban community,zoned_enforcement,7.05152012916475,16.31981419739618
1294,Urban community,zoned_enforcement,8.511220198779295,20.02731892453162
1295,Protected land,adaptive_curfew,2.3464081147484843,5.46310815049945
1295,Rural community,zoned_enforcement,3.285414409848282,8.320561334019693
1295,Suburban community,zoned_enforcement,5.2438948899938485,14.290686260525302
1295,Urban community,zoned_enforcement,6.4066269851922755,17.570571897418617
1296,Protected land,adaptive_curfew,2.890788948165073,6.256349504117853
1296,Rural community,zoned_enforcement,4.2768731112160685,9.358102629721813
1296,Suburban community,zoned_enforcement,6.6581988108177885,15.897185769336788
1296,Urban community,zoned_enforcement,7.604660885458472,19.38810240681773
1297,Protected land,adaptive_curfew,2.603519801225822,5.693542525982482
1297,Rural community,zoned_enforcement,3.8922789681210856,8.69163441229223
1297,Suburban community,zoned_enforcement,6.178618003893632,15.010953083792355
1297,Urban community,zoned_enforcement,7.134019201695207,18.461908405627696
1298,Protected land,zoned_enforcement,2.350636462870909,5.324231357749909
1298,Rural community,zoned_enforcement,3.1749341870012113,8.22823840491442
1298,Suburban community,zoned_enforcement,5.767576141836376,14.367220030599068
1298,Urban community,zoned_enforcement,6.620692880374529,17.578936834824987
1299,Protected land,zoned_enforcement,2.254823897858691,5.149555091629356
1299,Rural community,zoned_enforcement,3.0680822323394947,7.989131628862052
1299,Suburban community,zoned_enforcement,5.029115597623543,13.888487233458905
1299,Urban community,zoned_enforcement,5.736089742442681,17.00183780623484
1300,Protected land,zoned_enforcement,2.2633267135932176,5.152671413530211
1300,Rural community,zoned_enforcement,2.761236880945064,7.839202019360562
1300,Suburban community,zoned_enforcement,4.864136066593813,13.491290100415613
1300,Urban community,zoned_enforcement,5.935477231660316,16.552118525037205
1301,Protected land,zoned_enforcement,2.667874838838748,5.949105638165208
1301,Rural community,zoned_enforcement,4.09143689985346,9.302834670441507
1301,Suburban community,zoned_enforcement,7.0258269379930685,16.265260672573383
1301,Urban community,zoned_enforcement,8.473154449407827,20.035773266413266
1302,Protected land,adaptive_curfew,2.575180488099808,5.866964394095822
1302,Rural community,zoned_enforcement,3.6248707542143404,8.68242424379073
1302,Suburban community,zoned_enforcement,5.930631783570499,14.734479864713498
1302,Urban community,zoned_enforcement,6.891200050716375,18.14643897627205
1303,Protected land,zoned_enforcement,2.568374734798107,5.606380563756877
1303,Rural community,zoned_enforcement,3.576412835062796,8.562455995550053
1303,Suburban community,zoned_enforcement,5.960736436728215,14.718701716008706
1303,Urban community,zoned_enforcement,6.818400374147805,18.1391732807881
1304,Protected land,zoned_enforcement,2.9699464227787016,6.15222029098341
1304,Rural community,adaptive_curfew,4.090331609433397,9.370674469587582
1304,Suburban community,zoned_enforcement,7.097438732270323,16.15634223319692
1304,Urban community,zoned_enforcement,7.892020188833444,19.698930698962457
1305,Protected land,adaptive_curfew,2.558399551365481,5.611978820061973
1305,Rural community,zoned_enforcement,3.3343148446795645,8.403353844454902
1305,Suburban community,zoned_enforcement,5.8083189646645454,14.329415942742557
1305,Urban community,zoned_enforcement,6.623761140153109,17.61758820370879
1306,Protected land,zoned_enforcement,2.012222889013834,4.874598720807273
1306,Rural community,zoned_enforcement,2.7965683270474093,7.679712877254259
1306,Suburban community,zoned_enforcement,5.263356874605815,13.565859926341489
1306,Urban community,zoned_enforcement,5.586284515011563,16.667165932793548
1307,Protected land,zoned_enforcement,2.2478758934543976,5.261709986736474
1307,Rural community,zoned_enforcement,3.0484388086407552,7.90486560681698
1307,Suburban community,zoned_enforcement,4.931926286028633,13.497819274242154
1307,Urban community,zoned_enforcement,5.237709292860584,16.53209371985994
1308,Protected land,zoned_enforcement,3.055331892872856,6.011030046139681
1308,Rural community,zoned_enforcement,4.324021459599641,9.354971427020606
1308,Suburban community,zoned_enforcement,7.230882703485971,16.387583974529953
1308,Urban community,zoned_enforcement,9.098695035189367,20.23761918198439
1309,Protected land,zoned_enforcement,2.405479686801793,5.489129771609093
1309,Rural community,zoned_enforcement,3.302003833069998,8.230627535814468
1309,Suburban community,zoned_enforcement,5.459794403504121,14.096252090722242
1309,Urban community,zoned_enforcement,6.6262052877408575,17.37207704362062
1310,Protected land,adaptive_curfew,2.1276973291829298,5.0202852448233255
1310,Rural community,shielded_warm,2.5623713729186184,7.664924442450636
1310,Suburban community,zoned_enforcement,4.510985427280119,13.173860080709929
1310,Urban community,zoned_enforcement,5.06119374403314,16.17141284521188
1311,Protected land,zoned_enforcement,2.236728848494304,4.928545766545696
1311,Rural community,zoned_enforcement,2.893401981913203,7.6493843315243195
1311,Suburban community,zoned_enforcement,4.797084931562285,13.330629098781113
1311,Urban community,zoned_enforcement,5.5140895861211305,16.43340341498116
1312,Protected land,zoned_enforcement,2.1120306501198516,5.021552090991095
1312,Rural community,zoned_enforcement,2.9363274999451194,7.642037737058419
1312,Suburban community,zoned_enforcement,4.708563527190687,13.119114689571502
1312,Urban community,zoned_enforcement,5.027165432697544,16.14097876460249
1313,Protected land,zoned_enforcement,2.6295434533899655,5.865610327360506
1313,Rural community,zoned_enforcement,3.635190182989491,8.753580500977886
1313,Suburban community,zoned_enforcement,5.939702359979377,14.809040263635461
1313,Urban community,zoned_enforcement,6.984875672234644,18.066582199295127
1314,Protected land,zoned_enforcement,2.3682226947160667,5.299769473398629
1314,Rural community,zoned_enforcement,3.169156739082453,8.122959319951564
1314,Suburban community,zoned_enforcement,5.097415970549527,14.080779769699229
1314,Urban community,zoned_enforcement,6.484942947964829,17.323569864192592
1315,Protected land,zoned_enforcement,2.7921732972442306,5.916787127096561
1315,Rural community,zoned_enforcement,4.4721633920951245,9.300502778544889
1315,Suburban community,zoned_enforcement,7.173553425515063,16.331154534743664
1315,Urban community,zoned_enforcement,8.866483051753626,19.987985836288207
1316,Protected land,zoned_enforcement,2.7750799110625985,5.998088207319547
1316,Rural community,zoned_enforcement,4.001576014632069,9.138882764644807
1316,Suburban community,zoned_enforcement,6.629760516806989,15.795591029706696
1316,Urban community,zoned_enforcement,7.630482129386195,19.43935312496078
1317,Protected land,zoned_enforcement,2.55795743096907,5.446377933772826
1317,Rural community,zoned_enforcement,3.6960191809768475,8.485209143051216
1317,Suburban community,zoned_enforcement,6.097241682900814,14.861174241324646
1317,Urban community,zoned_enforcement,7.055701405895025,18.226517524575016
1318,Protected land,zoned_enforcement,2.4368718936972305,5.335606234311905
1318,Rural community,zoned_enforcement,3.284572383435786,8.207224406596925
1318,Suburban community,zoned_enforcement,5.161729181932969,14.148843804555803
1318,Urban community,zoned_enforcement,6.160360265222421,17.310685540862295
1319,Protected land,zoned_enforcement,2.420543534822728,5.392375688645664
1319,Rural community,zoned_enforcement,3.254815098756521,8.308123914472125
1319,Suburban community,zoned_enforcement,5.703904829795626,14.323902784189807
1319,Urban community,zoned_enforcement,6.001169045746076,17.470859527260497
1320,Protected land,zoned_enforcement,2.4673812102290804,5.307421280814408
1320,Rural community,zoned_enforcement,3.309236678261528,8.322860686272652
1320,Suburban community,zoned_enforcement,5.917406691933122,14.668891581008598
1320,Urban community,zoned_enforcement,6.690756405505514,18.025725130772223
1321,Protected land,adaptive_curfew,2.4661396748782103,5.588141750835604
1321,Rural community,zoned_enforcement,3.5758187130426116,8.563498493509215
1321,Suburban community,zoned_enforcement,6.030370750270858,14.832094531405158
1321,Urban community,zoned_enforcement,6.442250463072186,18.05806412481662
1322,Protected land,zoned_enforcement,2.7850768831149533,5.968251704588316
1322,Rural community,zoned_enforcement,4.019031554374237,9.18765659746038
1322,Suburban community,zoned_enforcement,6.822185016696347,15.854825180413645
1322,Urban community,zoned_enforcement,8.327807896429057,19.4615278830995
1323,Protected land,zoned_enforcement,2.9054304765745185,6.008414090603596
1323,Rural community,zoned_enforcement,4.203712433274027,9.35281388784853
1323,Suburban community,zoned_enforcement,7.044304748676492,16.30262933321068
1323,Urban community,zoned_enforcement,8.727537527504913,20.008291039743337
1324,Protected land,adaptive_curfew,2.5237150904755286,5.632856850211173
1324,Rural community,zoned_enforcement,3.4530834637273875,8.616991669323673
1324,Suburban community,zoned_enforcement,6.288797856707639,14.92031116652309
1324,Urban community,zoned_enforcement,7.218459178714278,18.342059701502546
1325,Protected land,zoned_enforcement,2.4703693162484113,5.453736284367315
1325,Rural community,zoned_enforcement,3.4958603135652995,8.472667560209473
1325,Suburban community,zoned_enforcement,5.806582792366138,14.72517118599486
1325,Urban community,zoned_enforcement,6.799704860732268,17.934235939131284
1326,Protected land,adaptive_curfew,2.5796492281345618,5.78729939674571
1326,Rural community,zoned_enforcement,3.4362146929131514,8.63160527389389
1326,Suburban community,zoned_enforcement,5.303908973489687,14.597615587887702
1326,Urban community,zoned_enforcement,6.826281300491463,17.828866960544357
1327,Protected land,zoned_enforcement,2.7282730307105343,5.630500006999702
1327,Rural community,zoned_enforcement,3.7193020323196935,8.66372861444041
1327,Suburban community,zoned_enforcement,6.456380880384559,15.003173585279281
1327,Urban community,zoned_enforcement,6.769720521254515,18.299266630517312
1328,Protected land,zoned_enforcement,2.3730447784168938,5.231066297422681
1328,Rural community,zoned_enforcement,3.155985596097814,8.014350227247563
1328,Suburban community,zoned_enforcement,5.0770322993358885,13.83899967678926
1328,Urban community,zoned_enforcement,5.431341328641663,16.912475371103383
1329,Protected land,zoned_enforcement,2.6214253390458246,5.725216596001793
1329,Rural community,zoned_enforcement,3.4369909441403452,8.660709177468407
1329,Suburban community,zoned_enforcement,6.151464404494799,14.805816616829826
1329,Urban community,zoned_enforcement,6.59880539917418,18.220908213379577
1330,Protected land,zoned_enforcement,2.282005181926162,5.187457852739717
1330,Rural community,zoned_enforcement,2.993104202073556,7.923039406276382
1330,Suburban community,zoned_enforcement,4.760515084064945,13.598770370390001
1330,Urban community,zoned_enforcement,5.4826710673663115,16.561199943447324
1331,Protected land,zoned_enforcement,2.050418601253676,4.935451240038172
1331,Rural community,zoned_enforcement,2.6999388618699722,7.66087867434474
1331,Suburban community,zoned_enforcement,4.981141188841532,13.343418680430275
1331,Urban community,zoned_enforcement,5.366527969807908,16.27909306201385
1332,Protected land,zoned_enforcement,2.360666861811547,5.300526734504964
1332,Rural community,zoned_enforcement,3.1964028876900006,8.088676044398243
1332,Suburban community,zoned_enforcement,5.070540136291843,13.980484063127733
1332,Urban community,zoned_enforcement,6.141995472664879,17.186982592112063
1333,Protected land,adaptive_curfew,2.936352769098562,6.273412101390146
1333,Rural community,zoned_enforcement,4.646870550710719,9.527173130457365
1333,Suburban community,zoned_enforcement,7.165864547080075,16.482904640203394
1333,Urban community,zoned_enforcement,8.466255248481497,20.33316864204541
1334,Protected land,zoned_enforcement,2.807844838149619,5.710643296297554
1334,Rural community,zoned_enforcement,3.637580044494527,8.818753261893564
1334,Suburban community,zoned_enforcement,6.377534759382364,15.223427311453888
1334,Urban community,zoned_enforcement,7.447491161632652,18.543297715296582
1335,Protected land,zoned_enforcement,2.868262644009061,5.79595241160611
1335,Rural community,zoned_enforcement,4.139348371368318,9.036082967977391
1335,Suburban community,zoned_enforcement,6.943163982676802,15.733075593599708
1335,Urban community,zoned_enforcement,8.646652632712012,19.393855596570216
1336,Protected land,zoned_enforcement,2.484757467216615,5.318854581784409
1336,Rural community,zoned_enforcement,3.1755676244744446,8.114207588398745
1336,Suburban community,zoned_enforcement,4.9639101277101005,14.038236998390225
1336,Urban community,zoned_enforcement,5.6927276579123145,17.168589761598955
1337,Protected land,zoned_enforcement,3.2906100969243384,6.5049138344065724
1337,Rural community,zoned_enforcement,4.391837311524312,9.767827982669298
1337,Suburban community,zoned_enforcement,7.3420337733312735,16.59439557946478
1337,Urban community,zoned_enforcement,8.537969853806588,20.341434545918915
1338,Protected land,adaptive_curfew,3.252835652306853,6.418957694707257
1338,Rural community,adaptive_curfew,4.356775768827311,9.570392901818323
1338,Suburban community,zoned_enforcement,6.870205276269671,16.264465225293144
1338,Urban community,zoned_enforcement,8.530906380559102,19.90630962182433
1339,Protected land,zoned_enforcement,3.002532614225949,6.320928343131839
1339,Rural community,adaptive_curfew,4.3367809761868825,9.630862300476574
1339,Suburban community,zoned_enforcement,7.770254156791639,16.590238566815263
1339,Urban community,zoned_enforcement,8.362297654305399,20.232125714886912
1340,Protected land,adaptive_curfew,2.9544685066730465,6.092515812830137
1340,Rural community,zoned_enforcement,4.179728401907065,9.450407439633977
1340,Suburban community,zoned_enforcement,7.230830535662527,16.43961675046797
1340,Urban community,zoned_enforcement,8.841814446731581,20.21764318920099
1341,Protected land,zoned_enforcement,2.1748362854023884,5.037868501475316
1341,Rural community,zoned_enforcement,2.6574796013863784,7.735121051415721
1341,Suburban community,zoned_enforcement,4.489364729309626,13.41345032135915
1341,Urban community,zoned_enforcement,5.284066494216983,16.431889194603894
1342,Protected land,zoned_enforcement,2.2040410670800217,5.148343638878357
1342,Rural community,zoned_enforcement,3.1036593142108897,7.883697754793843
1342,Suburban community,zoned_enforcement,5.175732375390869,13.569066541476179
1342,Urban community,zoned_enforcement,5.3108020983859845,16.71626937183667
1343,Protected land,zoned_enforcement,3.0376068532159604,6.14913983362462
1343,Rural community,zoned_enforcement,4.758535452705193,9.503400887694529
1343,Suburban community,zoned_enforcement,7.623570354745503,16.626758208622853
1343,Urban community,zoned_enforcement,9.066264322437187,20.422832579165917
1344,Protected land,zoned_enforcement,2.3815461043450727,5.454168358891526
1344,Rural community,zoned_enforcement,3.053060846590472,8.152689554219643
1344,Suburban community,zoned_enforcement,5.058083015481232,13.84763463014013
1344,Urban community,zoned_enforcement,5.565930576000952,17.018419398754236
1345,Protected land,zoned_enforcement,2.985280238733765,6.210722595679873
1345,Rural community,zoned_enforcement,4.390218553295381,9.532638872370924
1345,Suburban community,zoned_enforcement,7.065277485844291,16.400466586761787
1345,Urban community,zoned_enforcement,8.43426423878732,20.045370218934796
1346,Protected land,zoned_enforcement,2.4349832349849065,5.429889945176775
1346,Rural community,zoned_enforcement,3.683532696104825,8.470657161121064
1346,Suburban community,zoned_enforcement,5.922476787127584,14.724284579193622
1346,Urban community,zoned_enforcement,7.2260086584349335,17.930515425362472
1347,Protected land,zoned_enforcement,2.5262763279504648,5.389549472863727
1347,Rural community,zoned_enforcement,3.5599153773982612,8.409172819718245
1347,Suburban community,zoned_enforcement,6.314201879205109,14.664322560745969
1347,Urban community,zoned_enforcement,7.064426879896482,18.018770653369092
1348,Protected land,adaptive_curfew,2.7982325441842404,6.0714025131280325
1348,Rural community,zoned_enforcement,3.8779527681706156,9.075535805878125
1348,Suburban community,zoned_enforcement,6.415047931323011,15.423454475418307
1348,Urban community,zoned_enforcement,6.9679555047055235,18.85600692191621
1349,Protected land,adaptive_curfew,2.627767668669487,5.604364243501165
1349,Rural community,zoned_enforcement,3.559392723218923,8.500088927779576
1349,Suburban community,zoned_enforcement,5.894237082712998,14.627797242997199
1349,Urban community,zoned_enforcement,6.146643471501216,17.99424149631816
1350,Protected land,zoned_enforcement,2.903409103007248,6.0928900422707795
1350,Rural community,zoned_enforcement,4.570114341639965,9.364474358413252
1350,Suburban community,zoned_enforcement,7.316042301188091,16.29892482148954
1350,Urban community,zoned_enforcement,8.801558239967365,20.166773175117193
1351,Protected land,zoned_enforcement,2.6044701507719497,5.85384560923337
1351,Rural community,zoned_enforcement,3.958679263294857,8.900245508754203
1351,Suburban community,zoned_enforcement,6.19889566093468,15.412099460206147
1351,Urban community,zoned_enforcement,7.627478339834319,18.899095543162147
1352,Protected land,zoned_enforcement,2.8862931168606503,6.184107693617097
1352,Rural community,zoned_enforcement,4.4327423601344424,9.546363701784308
1352,Suburban community,adaptive_curfew,7.2836783494552915,16.599377665918478
1352,Urban community,zoned_enforcement,8.637581360679576,20.25927124241035
1353,Protected land,zoned_enforcement,2.398794264533369,5.282931336141481
1353,Rural community,zoned_enforcement,3.2752003865233963,8.144574803839447
1353,Suburban community,zoned_enforcement,5.069819935830306,14.249912659482652
1353,Urban community,zoned_enforcement,5.684854814877914,17.542014791798643
1354,Protected land,zoned_enforcement,2.440002237364797,5.577126592121431
1354,Rural community,zoned_enforcement,3.426029572907461,8.510774872806657
1354,Suburban community,zoned_enforcement,5.6713986432393515,14.683516062971488
1354,Urban community,zoned_enforcement,6.960360159341988,18.0020446419461
1355,Protected land,zoned_enforcement,2.428631547690502,5.35295660761029
1355,Rural community,zoned_enforcement,3.583771152966695,8.405140736298298
1355,Suburban community,zoned_enforcement,5.918181725216645,14.772759219909117
1355,Urban community,zoned_enforcement,6.951302986253712,18.131026819505006
1356,Protected land,zoned_enforcement,2.486905772714761,5.523656523094583
1356,Rural community,zoned_enforcement,3.4932106157166904,8.60674192351987
1356,Suburban community,zoned_enforcement,6.242922074986787,14.981291533418592
1356,Urban community,zoned_enforcement,7.433302176414971,18.320442769903565
1357,Protected land,zoned_enforcement,2.301019762386761,5.402294814632562
1357,Rural community,zoned_enforcement,2.9537170544951783,8.100414381009013
1357,Suburban community,zoned_enforcement,5.077419538612364,13.752716403078729
1357,Urban community,zoned_enforcement,6.212064336235946,16.88293475757982
1358,Protected land,adaptive_curfew,2.673044139837009,5.8762526687080445
1358,Rural community,zoned_enforcement,3.5289798773878207,8.719587712865666
1358,Suburban community,zoned_enforcement,5.851635893378624,14.784440533009821
1358,Urban community,zoned_enforcement,6.442218705189642,18.077009100878207
1359,Protected land,zoned_enforcement,2.172753389438833,5.143228778208042
1359,Rural community,zoned_enforcement,2.5054764064052977,7.764666953306955
1359,Suburban community,zoned_enforcement,4.8193868721369935,13.258893706289435
1359,Urban community,zoned_enforcement,5.4133486252089025,16.21456232599277
1360,Protected land,zoned_enforcement,2.5791877666205556,5.571905500578263
1360,Rural community,zoned_enforcement,3.6055792020317057,8.574838444735999
1360,Suburban community,zoned_enforcement,6.043999221407168,14.91037437853382
1360,Urban community,zoned_enforcement,7.3030318998792225,18.159592616253004
1361,Protected land,zoned_enforcement,2.595006180015304,5.465173735292562
1361,Rural community,zoned_enforcement,3.3219901444265334,8.439876385621316
1361,Suburban community,zoned_enforcement,5.674773596236447,14.624033258725913
1361,Urban community,zoned_enforcement,6.963212001052437,17.806621141196867
1362,Protected land,zoned_enforcement,2.244902447197558,5.129907945406123
1362,Rural community,zoned_enforcement,2.9105204851578943,7.810926004768692
1362,Suburban community,zoned_enforcement,4.698715365987654,13.44844486807513
1362,Urban community,zoned_enforcement,5.366587738987782,16.457260990963142
1363,Protected land,zoned_enforcement,2.619406493119928,5.63882408685932
1363,Rural community,zoned_enforcement,4.06594749551618,8.932409482857302
1363,Suburban community,zoned_enforcement,6.585151370903773,15.852010728066485
1363,Urban community,zoned_enforcement,7.75266240691089,19.464262273030773
1364,Protected land,adaptive_curfew,3.0752064543799587,6.277815010133861
1364,Rural community,zoned_enforcement,4.066571831162362,9.481805085824224
1364,Suburban community,zoned_enforcement,6.913287281479224,16.329886168185798
1364,Urban community,adaptive_curfew,8.065296369101045,20.124139249647484
1365,Protected land,zoned_enforcement,2.4718819857556102,5.494290924623003
1365,Rural community,zoned_enforcement,3.3130517950689784,8.484754224741254
1365,Suburban community,zoned_enforcement,5.993030353905564,14.689734159467188
1365,Urban community,zoned_enforcement,6.795677858543483,18.078862171279432
1366,Protected land,adaptive_curfew,2.6185403875360826,5.627926186304877
1366,Rural community,zoned_enforcement,3.1157403880969214,8.40880662808738
1366,Suburban community,zoned_enforcement,5.500886464336471,14.383635666790012
1366,Urban community,zoned_enforcement,6.266144319600684,17.643372609315364
1367,Protected land,adaptive_curfew,3.030821948635088,6.3099647706782465
1367,Rural community,zoned_enforcement,4.121426997115687,9.446946379734655
1367,Suburban community,zoned_enforcement,7.179583384139844,16.07225180323811
1367,Urban community,adaptive_curfew,8.053895405391389,19.663133720528066
1368,Protected land,adaptive_curfew,2.670299693395132,5.817838828709093
1368,Rural community,zoned_enforcement,3.8744650388574655,8.960155180950382
1368,Suburban community,zoned_enforcement,6.873359243759992,15.48565403998353
1368,Urban community,zoned_enforcement,7.3166649645577095,19.045037092559998
1369,Protected land,adaptive_curfew,2.6033173038846997,5.6209951338679485
1369,Rural community,zoned_enforcement,3.660761744651089,8.552399590590444
1369,Suburban community,zoned_enforcement,5.784547032795899,14.748477619531744
1369,Urban community,zoned_enforcement,6.922752640455132,18.048294200880896
1370,Protected land,adaptive_curfew,3.227000273671232,6.280424685200901
1370,Rural community,zoned_enforcement,4.229722288557619,9.449725376974023
1370,Suburban community,zoned_enforcement,7.246711516022565,16.25707038978372
1370,Urban community,zoned_enforcement,8.471337425251136,19.99987813589764
1371,Protected land,zoned_enforcement,2.650874110104386,5.713750442735643
1371,Rural community,adaptive_curfew,3.4507036333513765,8.643081193434615
1371,Suburban community,adaptive_curfew,5.7014322664331445,14.839408476844868
1371,Urban community,zoned_enforcement,7.053055134230485,18.134206892534163
1372,Protected land,adaptive_curfew,2.7284256587584874,5.986999667015673
1372,Rural community,zoned_enforcement,3.4160717103223917,8.926894095878069
1372,Suburban community,zoned_enforcement,6.158883473767862,15.12243479745831
1372,Urban community,zoned_enforcement,7.044696309218926,18.49096146897891
1373,Protected land,zoned_enforcement,2.524496547793732,5.677037646842399
1373,Rural community,zoned_enforcement,3.7894411619249206,8.748720246413159
1373,Suburban community,zoned_enforcement,6.042343683651213,15.188220054232623
1373,Urban community,zoned_enforcement,6.887944673002403,18.614056315202575
1374,Protected land,zoned_enforcement,3.028173167282973,6.3097365231697395
1374,Rural community,zoned_enforcement,4.447065378045783,9.637360750712242
1374,Suburban community,zoned_enforcement,7.490395284705176,16.546756121733218
1374,Urban community,zoned_enforcement,9.161334503212831,20.280675630446584
1375,Protected land,zoned_enforcement,2.314034297731155,5.100643975779668
1375,Rural community,zoned_enforcement,3.1708431932624563,7.9305588236833255
1375,Suburban community,zoned_enforcement,5.436918876604684,13.927196317639648
1375,Urban community,zoned_enforcement,6.03348652573394,17.123899480635092
1376,Protected land,zoned_enforcement,1.9192947804612013,4.689827161547829
1376,Rural community,zoned_enforcement,2.7956330030457774,7.392880985740422
1376,Suburban community,zoned_enforcement,4.247700843952064,13.073810174668823
1376,Urban community,zoned_enforcement,5.0138398494456204,16.145858452344346
1377,Protected land,zoned_enforcement,2.688677875011369,5.6014809159833305
1377,Rural community,zoned_enforcement,4.063158430506018,8.831095477843116
1377,Suburban community,zoned_enforcement,6.78366302063114,15.55817003880762
1377,Urban community,zoned_enforcement,8.135090944002913,19.074504717320035
1378,Protected land,adaptive_curfew,2.822944063421773,5.90488723850626
1378,Rural community,zoned_enforcement,3.607220315008079,8.862982534374604
1378,Suburban community,zoned_enforcement,6.258459743109658,15.196719913906712
1378,Urban community,zoned_enforcement,7.343332828410583,18.629248232423322
1379,Protected land,zoned_enforcement,2.207385617791798,5.127078990348683
1379,Rural community,zoned_enforcement,2.6660340775350253,7.717881129030502
1379,Suburban community,zoned_enforcement,4.525210891199407,13.191818935418679
1379,Urban community,zoned_enforcement,5.686968559838341,16.22652149042976
1380,Protected land,zoned_enforcement,2.0056745780536547,5.05035189748513
1380,Rural community,zoned_enforcement,2.810365778756224,7.640180801374906
1380,Suburban community,zoned_enforcement,4.435448361670137,13.102696953304221
1380,Urban community,zoned_enforcement,4.834295387881882,16.141447041336036
1381,Protected land,adaptive_curfew,2.6263193212362577,5.786492945865397
1381,Rural community,zoned_enforcement,3.7216777646047055,8.719018101473363
1381,Suburban community,zoned_enforcement,6.172541403314465,14.961391779116578
1381,Urban community,zoned_enforcement,6.674441924392294,18.31878188374725
1382,Protected land,zoned_enforcement,2.08272410572677,5.049906894674307
1382,Rural community,zoned_enforcement,2.8871978865982486,7.789873010969991
1382,Suburban community,zoned_enforcement,4.838745338147534,13.537497795020306
1382,Urban community,zoned_enforcement,5.206284867665408,16.600189143960996
1383,Protected land,zoned_enforcement,2.4345254528796545,5.265024468436347
1383,Rural community,zoned_enforcement,3.0266857905075026,8.06103250043266
1383,Suburban community,zoned_enforcement,5.145233183567758,13.997983532018388
1383,Urban community,zoned_enforcement,5.791412363148803,17.138125855874947
1384,Protected land,zoned_enforcement,2.3477138525835035,5.5044800971818635
1384,Rural community,zoned_enforcement,3.1609374536590797,8.23859536154222
1384,Suburban community,zoned_enforcement,5.336978934516397,14.029262973877884
1384,Urban community,zoned_enforcement,5.735362029737303,17.11106614236721
1385,Protected land,zoned_enforcement,2.656909878329367,5.5467256702702255
1385,Rural community,zoned_enforcement,3.7580823894904407,8.63687129456734
1385,Suburban community,zoned_enforcement,6.301208018661292,15.156865906509132
1385,Urban community,zoned_enforcement,6.644676553288939,18.552548252711063
1386,Protected land,zoned_enforcement,2.425861843360193,5.467543242467475
1386,Rural community,zoned_enforcement,3.434533080862617,8.398854812103988
1386,Suburban community,zoned_enforcement,5.979827773118746,14.598718865373762
1386,Urban community,zoned_enforcement,6.748929919989962,18.022310585929464
1387,Protected land,zoned_enforcement,2.513676165766877,5.355034563107245
1387,Rural community,zoned_enforcement,3.5082561773180965,8.316091711776755
1387,Suburban community,zoned_enforcement,5.557647099147205,14.448488284568972
1387,Urban community,zoned_enforcement,6.713294453707009,17.5855862903463
1388,Protected land,zoned_enforcement,2.712800700158597,5.735759736904872
1388,Rural community,zoned_enforcement,3.9568437332740087,9.044055266392743
1388,Suburban community,zoned_enforcement,6.651038618631809,15.878899032900605
1388,Urban community,zoned_enforcement,7.847816984365538,19.370841135087122
1389,Protected land,zoned_enforcement,2.61824923443609,5.637201574603075
1389,Rural community,zoned_enforcement,3.245857837164591,8.38995427232616
1389,Suburban community,zoned_enforcement,5.413140959697028,14.20533253080941
1389,Urban community,zoned_enforcement,6.406663356463046,17.381756434117037
1390,Protected land,zoned_enforcement,2.2600377013818416,5.461600801965889
1390,Rural community,zoned_enforcement,3.0592090467550452,8.276595191418009
1390,Suburban community,zoned_enforcement,5.265011774761295,14.262774324888996
1390,Urban community,zoned_enforcement,5.770470658465278,17.400470789126892
1391,Protected land,adaptive_curfew,2.7374139118589964,6.026279842079155
1391,Rural community,zoned_enforcement,3.7181724691258644,9.033802053795242
1391,Suburban community,zoned_enforcement,6.230890914438742,15.44681191906698
1391,Urban community,zoned_enforcement,7.405261934957007,18.99358268653829
1392,Protected land,zoned_enforcement,2.6583048788840666,5.56996624753726
1392,Rural community,zoned_enforcement,3.5219082644453437,8.660881500761148
1392,Suburban community,zoned_enforcement,6.335556090041031,15.079782394579064
1392,Urban community,zoned_enforcement,6.727205113966798,18.42908780627866
1393,Protected land,zoned_enforcement,2.5861364193361536,5.606742348683991
1393,Rural community,zoned_enforcement,3.4983410416442204,8.52244104623418
1393,Suburban community,zoned_enforcement,6.084182311902541,14.660830695325618
1393,Urban community,zoned_enforcement,6.6410000319151425,18.03677698851375
1394,Protected land,adaptive_curfew,2.5133033957046482,5.505406073077847
1394,Rural community,zoned_enforcement,3.0476892382054377,8.29066708001199
1394,Suburban community,zoned_enforcement,4.959126015142852,14.203991363664626
1394,Urban community,zoned_enforcement,5.6781940678901694,17.354485898461753
1395,Protected land,adaptive_curfew,3.011567697241287,6.261632183167625
1395,Rural community,zoned_enforcement,4.098195177341533,9.479576430542497
1395,Suburban community,zoned_enforcement,7.275434295778544,16.287005867764695
1395,Urban community,zoned_enforcement,8.309670071037738,19.98563845504887
1396,Protected land,adaptive_curfew,3.0294013127217663,6.453361034395476
1396,Rural community,zoned_enforcement,4.141936132578129,9.5770642351383
1396,Suburban community,zoned_enforcement,6.763826835362616,16.14574663053138
1396,Urban community,zoned_enforcement,8.12204234208735,19.753963141596394
1397,Protected land,zoned_enforcement,2.350505484669889,5.322596794730002
1397,Rural community,zoned_enforcement,3.2347628349006152,8.066109687889679
1397,Suburban community,zoned_enforcement,4.656336934991613,13.873649904607305
1397,Urban community,zoned_enforcement,5.748408713309258,17.120767514458826
1398,Protected land,zoned_enforcement,2.7425772294560207,5.895029386033262
1398,Rural community,zoned_enforcement,4.233849259146064,9.053260993037973
1398,Suburban community,zoned_enforcement,6.990997041033321,15.639906084016003
1398,Urban community,zoned_enforcement,7.575766327304448,19.227443966413343
1399,Protected land,zoned_enforcement,2.2755650686303777,5.113158335635668
1399,Rural community,zoned_enforcement,2.9142118236203904,7.791449170162249
1399,Suburban community,zoned_enforcement,4.716143845984323,13.355708133539295
1399,Urban community,zoned_enforcement,4.844159771411835,16.40057628690529
1400,Protected land,zoned_enforcement,2.283285167853139,5.289313479747591
1400,Rural community,zoned_enforcement,2.6209629058919255,7.893708811362813
1400,Suburban community,zoned_enforcement,4.518886373316194,13.371738283155397
1400,Urban community,zoned_enforcement,5.280457816025429,16.33749531562342
1401,Protected land,zoned_enforcement,2.9421839047828002,6.094670670663058
1401,Rural community,adaptive_curfew,4.454361272216251,9.485396994888857
1401,Suburban community,adaptive_curfew,7.272667181373455,16.626759092702763
1401,Urban community,zoned_enforcement,8.753091478490925,20.2621793874112
1402,Protected land,zoned_enforcement,2.6243964308850183,5.538299089539929
1402,Rural community,zoned_enforcement,3.7806798461548734,8.639730764481769
1402,Suburban community,zoned_enforcement,6.099788314024751,15.129965400177948
1402,Urban community,zoned_enforcement,7.007581641924798,18.497761289506368
1403,Protected land,zoned_enforcement,2.233773398779432,5.170192884044092
1403,Rural community,zoned_enforcement,3.1872950678663017,8.040802530848543
1403,Suburban community,zoned_enforcement,5.465674785646254,14.017174618733666
1403,Urban community,zoned_enforcement,6.524191027923246,17.14288858849161
1404,Protected land,zoned_enforcement,2.1332154871778943,4.9060112668535645
1404,Rural community,zoned_enforcement,2.6833360008058547,7.625022239859695
1404,Suburban community,zoned_enforcement,4.871622775137357,13.355762060436248
1404,Urban community,zoned_enforcement,5.14186450497659,16.494949780403477
1405,Protected land,zoned_enforcement,2.1274833622456946,5.179615229361879
1405,Rural community,zoned_enforcement,2.763167795450739,7.804190650533586
1405,Suburban community,zoned_enforcement,4.67249950649261,13.356598796129799
1405,Urban community,zoned_enforcement,5.512876159379081,16.45947828595668
1406,Protected land,zoned_enforcement,2.4714350352369134,5.492280951862245
1406,Rural community,zoned_enforcement,3.306378752364079,8.369563137780604
1406,Suburban community,zoned_enforcement,5.413093874961502,14.433401907009586
1406,Urban community,zoned_enforcement,6.666216789777373,17.781494856007328
1407,Protected land,zoned_enforcement,2.693803469331967,5.802110707236176
1407,Rural community,zoned_enforcement,4.064329126774067,8.941062708941736
1407,Suburban community,zoned_enforcement,6.701310828478082,15.477499356871638
1407,Urban community,zoned_enforcement,7.480634871672063,18.984041745117374
1408,Protected land,adaptive_curfew,2.549730054992655,5.547746268034456
1408,Rural community,zoned_enforcement,3.663865855338404,8.79016169687133
1408,Suburban community,zoned_enforcement,6.995869608313576,15.497225306314016
1408,Urban community,zoned_enforcement,7.699806056176975,18.93919266419172
1409,Protected land,adaptive_curfew,2.356330160419917,5.411456813112711
1409,Rural community,zoned_enforcement,3.3047805822938354,8.272109039983787
1409,Suburban community,zoned_enforcement,5.134493279869165,14.234833412713007
1409,Urban community,zoned_enforcement,6.017120083991978,17.406698812699545
1410,Protected land,adaptive_curfew,2.8230382301608423,5.9617850150234455
1410,Rural community,zoned_enforcement,4.283574061208394,9.23442014651814
1410,Suburban community,zoned_enforcement,6.983810850746572,16.15872172470689
1410,Urban community,zoned_enforcement,8.865718730610979,19.911146292228704
1411,Protected land,zoned_enforcement,2.492003867997711,5.51774010330334
1411,Rural community,zoned_enforcement,3.396630017861467,8.409995827316308
1411,Suburban community,zoned_enforcement,5.283912998275886,14.49187943736928
1411,Urban community,zoned_enforcement,6.350039474213645,17.719387281448792
1412,Protected land,adaptive_curfew,2.6985943746555603,5.810630914678465
1412,Rural community,zoned_enforcement,3.7840076861649754,8.81165916130297
1412,Suburban community,zoned_enforcement,6.310338956293792,15.156020836879172
1412,Urban community,zoned_enforcement,7.402345808194573,18.56090022565729
1413,Protected land,zoned_enforcement,2.791009209656848,6.032822987294244
1413,Rural community,zoned_enforcement,3.977458360922835,9.259943947771237
1413,Suburban community,adaptive_curfew,6.789666021696332,16.012483649795872
1413,Urban community,zoned_enforcement,8.323925283758376,19.55492020227969
1414,Protected land,zoned_enforcement,2.5614536174683447,5.4463955867910006
1414,Rural community,zoned_enforcement,3.517596738548815,8.448085899783052
1414,Suburban community,zoned_enforcement,5.922316041515799,14.71562770733868
1414,Urban community,zoned_enforcement,6.42275182618555,18.06577167461564
1415,Protected land,zoned_enforcement,2.5507719305609657,5.359954792175094
1415,Rural community,zoned_enforcement,3.4960169782999095,8.319733321273517
1415,Suburban community,zoned_enforcement,5.596860387382263,14.474611177304334
1415,Urban community,zoned_enforcement,6.507578504968345,17.77380843529761
1416,Protected land,zoned_enforcement,2.1505146608140566,5.1494433430684055
1416,Rural community,zoned_enforcement,2.767731875248817,7.812330667631253
1416,Suburban community,zoned_enforcement,4.987852377369881,13.408741378173229
1416,Urban community,zoned_enforcement,5.357215938992267,16.41585749889272
1417,Protected land,zoned_enforcement,2.286954224635249,5.131382445002964
1417,Rural community,zoned_enforcement,3.2113639878598876,7.9913067773825395
1417,Suburban community,zoned_enforcement,5.164346398064202,13.988775799316613
1417,Urban community,zoned_enforcement,5.895415566490708,17.125618435361616
1418,Protected land,zoned_enforcement,2.7317753803656157,5.59764116349604
1418,Rural community,zoned_enforcement,3.666574498067746,8.778591296237368
1418,Suburban community,zoned_enforcement,6.467549002575527,15.4641896902764
1418,Urban community,zoned_enforcement,7.524608654525293,19.11969964634059
1419,Protected land,zoned_enforcement,2.366969543350664,5.227072349393699
1419,Rural community,zoned_enforcement,2.633841692837713,7.8190138380973
1419,Suburban community,zoned_enforcement,4.591108013415823,13.267402077391793
1419,Urban community,shielded_warm,5.186141334510877,16.35087252581301
1420,Protected land,zoned_enforcement,2.6418853987717426,5.636564672441265
1420,Rural community,zoned_enforcement,4.047229591443421,8.80289573838832
1420,Suburban community,zoned_enforcement,6.920462649595754,15.403150638564203
1420,Urban community,zoned_enforcement,7.884441006135875,18.89451375607733
1421,Protected land,adaptive_curfew,2.997156989575466,6.279858607867558
1421,Rural community,zoned_enforcement,4.412432942876575,9.489223197738982
1421,Suburban community,adaptive_curfew,6.981385020550928,16.237326879688048
1421,Urban community,zoned_enforcement,8.356961852836076,19.876622422423168
1422,Protected land,zoned_enforcement,2.057961442186294,5.055362073617084
1422,Rural community,zoned_enforcement,2.7455111744390743,7.688441139775093
1422,Suburban community,zoned_enforcement,4.67212730290815,13.293935617736564
1422,Urban community,zoned_enforcement,5.370210820541175,16.428927264093392
1423,Protected land,adaptive_curfew,2.766725362741016,5.909879045368443
1423,Rural community,zoned_enforcement,4.205649087868101,9.097610816576672
1423,Suburban community,zoned_enforcement,6.638618829329619,15.65183417273185
1423,Urban community,zoned_enforcement,7.566509857436202,19.17973056004528
1424,Protected land,zoned_enforcement,2.513573363377996,5.724846051725545
1424,Rural community,zoned_enforcement,3.4679681807392493,8.636270431258671
1424,Suburban community,zoned_enforcement,5.847278820588084,14.780102624918614
1424,Urban community,zoned_enforcement,6.917715853279297,18.02035797821358
1425,Protected land,adaptive_curfew,3.0269958341966325,6.236071385789675
1425,Rural community,adaptive_curfew,4.076553578046608,9.408308865716302
1425,Suburban community,zoned_enforcement,7.1059830843289955,16.152952620775274
1425,Urban community,zoned_enforcement,8.60763124778853,19.83686730303007
1426,Protected land,zoned_enforcement,2.370000134083449,5.261007610209344
1426,Rural community,zoned_enforcement,3.2321304094669383,8.053093920463635
1426,Suburban community,zoned_enforcement,5.3323648949108655,13.93828213353433
1426,Urban community,zoned_enforcement,6.093827998992969,17.140053049400354
1427,Protected land,zoned_enforcement,3.0688193058550963,6.270467052739124
1427,Rural community,adaptive_curfew,4.090940431764812,9.425798498038873
1427,Suburban community,zoned_enforcement,6.378372102213717,16.071951967280214
1427,Urban community,zoned_enforcement,8.187402752053275,19.800785274229334
1428,Protected land,zoned_enforcement,2.139756272843955,5.07619201986255
1428,Rural community,zoned_enforcement,2.8608501195458285,7.6981391634397225
1428,Suburban community,zoned_enforcement,4.55242155459589,13.296575005814185
1428,Urban community,zoned_enforcement,5.121890454494308,16.309074831426376
1429,Protected land,zoned_enforcement,2.472874444738914,5.406873813737085
1429,Rural community,zoned_enforcement,3.4026394327493357,8.323295106571175
1429,Suburban community,zoned_enforcement,5.688236882388168,14.439901718112495
1429,Urban community,zoned_enforcement,6.136548680120686,17.653671304324043
1430,Protected land,zoned_enforcement,2.644460907928262,5.721877174761367
1430,Rural community,zoned_enforcement,3.8268757146388115,8.82047987111606
1430,Suburban community,zoned_enforcement,6.132691913812234,15.228040081192306
1430,Urban community,zoned_enforcement,7.7633570200801945,18.672017354532493
1431,Protected land,adaptive_curfew,3.106560105101691,6.4815398586387545
1431,Rural community,zoned_enforcement,4.530227649762497,9.696362106447197
1431,Suburban community,zoned_enforcement,7.224488368338896,16.444120060054615
1431,Urban community,zoned_enforcement,9.111642977601925,20.137985523740838
1432,Protected land,zoned_enforcement,2.3811921824059428,5.328047277388721
1432,Rural community,zoned_enforcement,3.04719064648099,8.044052295817874
1432,Suburban community,zoned_enforcement,4.81658042247537,13.768586608629333
1432,Urban community,zoned_enforcement,6.195153896137903,16.92314959383035
1433,Protected land,zoned_enforcement,2.4143316347550123,5.394846500170265
1433,Rural community,zoned_enforcement,3.1119800288325044,8.164329357070368
1433,Suburban community,zoned_enforcement,5.386853298801535,14.0592816655881
1433,Urban community,zoned_enforcement,6.2171815757617495,17.223812798409774
1434,Protected land,zoned_enforcement,2.2338988842595495,5.195782044022176
1434,Rural community,zoned_enforcement,2.9889000413111253,8.061178029716917
1434,Suburban community,zoned_enforcement,5.263122768858082,13.994879953997696
1434,Urban community,zoned_enforcement,5.9936407664359646,17.074438845667245
1435,Protected land,zoned_enforcement,2.2384485111813284,5.4781535914495665
1435,Rural community,zoned_enforcement,3.169914822769835,8.162410419426273
1435,Suburban community,zoned_enforcement,5.0690856803961,13.854900521035285
1435,Urban community,zoned_enforcement,6.397601210766739,17.057792050213152
1436,Protected land,zoned_enforcement,2.163016940694971,4.993465681665761
1436,Rural community,zoned_enforcement,2.724841514334649,7.647920303409077
1436,Suburban community,zoned_enforcement,4.8383933698325965,13.24030375611645
1436,Urban community,zoned_enforcement,5.300966280722983,16.297685313166145
1437,Protected land,adaptive_curfew,3.064685459655598,6.154096410391016
1437,Rural community,zoned_enforcement,4.1116797773038805,9.357999494396033
1437,Suburban community,zoned_enforcement,7.026631160002317,16.057974540773767
1437,Urban community,zoned_enforcement,8.036099473736343,19.622836851683594
1438,Protected land,zoned_enforcement,2.394454493878287,5.377070899401125
1438,Rural community,zoned_enforcement,3.0068126937876896,8.057502265442846
1438,Suburban community,zoned_enforcement,5.17704924689467,13.709218336439989
1438,Urban community,zoned_enforcement,5.131535252877507,16.824066321427978
1439,Protected land,adaptive_curfew,2.2595708345383727,5.269686721122333
1439,Rural community,zoned_enforcement,3.024731154547747,7.918293414586862
1439,Suburban community,zoned_enforcement,4.7854256114164535,13.588162152244967
1439,Urban community,zoned_enforcement,5.489475482020007,16.794422059587287
1440,Protected land,zoned_enforcement,3.0878710321563783,6.16601958568527
1440,Rural community,zoned_enforcement,4.427553683683276,9.425372921914395
1440,Suburban community,zoned_enforcement,7.204242391784316,16.283278204172497
1440,Urban community,zoned_enforcement,9.069146174439183,20.00845965582827
1441,Protected land,zoned_enforcement,2.236195920383574,5.173597191955527
1441,Rural community,zoned_enforcement,3.004412414022493,7.834575980916905
1441,Suburban community,zoned_enforcement,4.7966602666825295,13.513284675892375
1441,Urban community,zoned_enforcement,4.85349398540591,16.60396243607941
1442,Protected land,adaptive_curfew,2.5596586961146883,5.673772626025119
1442,Rural community,zoned_enforcement,3.438710563389665,8.604540275066395
1442,Suburban community,zoned_enforcement,6.076066233326838,14.778209086847346
1442,Urban community,zoned_enforcement,6.471194097494267,18.086500388290624
1443,Protected land,zoned_enforcement,2.225487024581507,5.153003617359562
1443,Rural community,zoned_enforcement,2.923631768850856,7.966048983160364
1443,Suburban community,zoned_enforcement,5.036560028772595,13.774162535054755
1443,Urban community,zoned_enforcement,5.825350737733249,16.763135703049347
1444,Protected land,zoned_enforcement,2.8611259188971605,5.7927839381161
1444,Rural community,zoned_enforcement,4.108380392710042,9.081399383562177
1444,Suburban community,zoned_enforcement,6.9037905682056575,16.010484001588523
1444,Urban community,zoned_enforcement,8.186954819948735,19.63135734997053
1445,Protected land,zoned_enforcement,2.902223915356078,6.2814811684112115
1445,Rural community,zoned_enforcement,3.9513996174122097,9.340517225402719
1445,Suburban community,zoned_enforcement,6.871851130758893,15.823891142300386
1445,Urban community,zoned_enforcement,8.078747862695716,19.363354343301715
1446,Protected land,zoned_enforcement,2.157717017438389,4.937828362655947
1446,Rural community,zoned_enforcement,2.9740974004209058,7.821483715896001
1446,Suburban community,zoned_enforcement,5.529559316663965,13.849153189271442
1446,Urban community,zoned_enforcement,5.755167881227653,16.95707539869385
1447,Protected land,zoned_enforcement,2.223962341351118,5.04311855303743
1447,Rural community,zoned_enforcement,2.9909720111561073,7.860448191173103
1447,Suburban community,zoned_enforcement,5.0713906537542925,13.786766047737665
1447,Urban community,zoned_enforcement,5.775471028688125,16.84417728223911
1448,Protected land,adaptive_curfew,3.0582036887860786,6.2697799153519185
1448,Rural community,adaptive_curfew,4.424876558770158,9.580001926679952
1448,Suburban community,zoned_enforcement,7.020681189934846,16.49738202774483
1448,Urban community,zoned_enforcement,8.910230100750606,20.28006031621978
1449,Protected land,adaptive_curfew,2.239317039497753,5.232993604449443
1449,Rural community,zoned_enforcement,2.944703272175235,8.00691909800207
1449,Suburban community,zoned_enforcement,4.931519006171207,13.837451029569825
1449,Urban community,zoned_enforcement,5.2721484085798025,16.98834399408256
1450,Protected land,zoned_enforcement,2.93171978415914,5.9010024938601875
1450,Rural community,zoned_enforcement,4.430379489930383,9.201091376834544
1450,Suburban community,zoned_enforcement,6.957384226971687,16.095369140753192
1450,Urban community,zoned_enforcement,8.208407717753479,19.760142421340625
1451,Protected land,adaptive_curfew,2.8128450292098766,5.966549543264231
1451,Rural community,zoned_enforcement,4.354243259134939,9.273801806695179
1451,Suburban community,zoned_enforcement,7.200297506984056,16.230179940735205
1451,Urban community,zoned_enforcement,8.440045020929388,19.8176135972466
1452,Protected land,adaptive_curfew,2.6851235841420977,5.823260731301287
1452,Rural community,zoned_enforcement,3.636541562507503,8.786823779198071
1452,Suburban community,zoned_enforcement,6.25533666657901,15.107134371059919
1452,Urban community,zoned_enforcement,7.104154895096199,18.576216899072794
1453,Protected land,zoned_enforcement,2.387819021248788,5.669487791981105
1453,Rural community,zoned_enforcement,3.207733284473955,8.408136780973162
1453,Suburban community,zoned_enforcement,5.436797652678074,14.241106566430444
1453,Urban community,zoned_enforcement,5.815590625987388,17.4384348921571
1454,Protected land,zoned_enforcement,2.3378722791803477,5.381957767639273
1454,Rural community,zoned_enforcement,3.016860252941467,8.095089701623714
1454,Suburban community,zoned_enforcement,5.319688309234239,13.867010857240809
1454,Urban community,zoned_enforcement,6.237476636975476,17.068895171303794
1455,Protected land,zoned_enforcement,2.820889563538021,6.0216697239847505
1455,Rural community,zoned_enforcement,4.483620610895258,9.314928429257694
1455,Suburban community,zoned_enforcement,7.728318925736989,16.183914053142125
1455,Urban community,zoned_enforcement,8.441334039747078,19.782789935925482
1456,Protected land,zoned_enforcement,2.3397394200133643,5.314987887796108
1456,Rural community,zoned_enforcement,2.993944039848359,8.026088595438353
1456,Suburban community,zoned_enforcement,5.363258190600437,13.722168017683373
1456,Urban community,zoned_enforcement,5.787116584206867,16.883620079095568
1457,Protected land,zoned_enforcement,3.1741581344118925,6.461647011055148
1457,Rural community,zoned_enforcement,4.356096339392264,9.620668740332631
1457,Suburban community,zoned_enforcement,7.2017461561713585,16.307498916905406
1457,Urban community,zoned_enforcement,8.538837014160869,20.021172161217688
1458,Protected land,adaptive_curfew,2.8520680214939995,6.08233468726667
1458,Rural community,zoned_enforcement,3.872065724393387,9.03645288183827
1458,Suburban community,zoned_enforcement,6.3329753689026305,15.329549318849239
1458,Urban community,zoned_enforcement,7.071119165161104,18.79049266184303
1459,Protected land,zoned_enforcement,2.6260898984129946,5.713890541869315
1459,Rural community,zoned_enforcement,3.569187221396213,8.502342499241578
1459,Suburban community,zoned_enforcement,5.432886110298581,14.407374660569609
1459,Urban community,zoned_enforcement,6.207100317624796,17.649773376313295
1460,Protected land,adaptive_curfew,2.515698116874853,5.582050348933314
1460,Rural community,zoned_enforcement,3.5845192252720715,8.435549902452005
1460,Suburban community,zoned_enforcement,5.300912894242302,14.471283072103944
1460,Urban community,zoned_enforcement,6.377367226955011,17.70740988269951
1461,Protected land,zoned_enforcement,2.83852047423705,6.052222830129173
1461,Rural community,zoned_enforcement,4.111528095018968,9.259110876455678
1461,Suburban community,zoned_enforcement,6.614238664678918,16.04473442971769
1461,Urban community,zoned_enforcement,7.867086875916108,19.672477340890175
1462,Protected land,adaptive_curfew,2.654414746146399,5.687557391798005
1462,Rural community,zoned_enforcement,3.484264158544357,8.759817975512862
1462,Suburban community,zoned_enforcement,6.4971436709299155,15.228177680449528
1462,Urban community,zoned_enforcement,7.590902199002656,18.645756167510864
1463,Protected land,zoned_enforcement,2.56299987513236,5.725966201005839
1463,Rural community,zoned_enforcement,3.3752598704798764,8.45279595304839
1463,Suburban community,zoned_enforcement,5.717919688842878,14.288823780183407
1463,Urban community,zoned_enforcement,5.384670535694205,17.48743832772497
1464,Protected land,zoned_enforcement,2.8147685923893833,6.121374789530376
1464,Rural community,zoned_enforcement,4.047888430645597,9.295903353243599
1464,Suburban community,zoned_enforcement,6.787477162108246,15.978142087947788
1464,Urban community,zoned_enforcement,8.132509073234916,19.59138794312862
1465,Protected land,zoned_enforcement,2.209901135513957,5.111945023509424
1465,Rural community,zoned_enforcement,3.18273192995093,8.007498795745159
1465,Suburban community,zoned_enforcement,5.018329501396476,14.032064617406629
1465,Urban community,zoned_enforcement,6.020946333830224,17.180819479648516
1466,Protected land,zoned_enforcement,2.9346907823298123,5.958649501850831
1466,Rural community,zoned_enforcement,4.110596580624066,9.23849413885664
1466,Suburban community,zoned_enforcement,7.03290284734287,16.13606639755111
1466,Urban community,zoned_enforcement,8.248489616464209,19.784513778693675
1467,Protected land,adaptive_curfew,2.9642029000313075,6.260756410929493
1467,Rural community,zoned_enforcement,3.9243351040710266,9.321799828654102
1467,Suburban community,zoned_enforcement,6.813568645142883,15.754607712236954
1467,Urban community,zoned_enforcement,8.037726246088367,19.286687190528838
1468,Protected land,zoned_enforcement,3.032472741295907,6.200528021096293
1468,Rural community,zoned_enforcement,4.6439975944798215,9.463468014795083
1468,Suburban community,zoned_enforcement,7.400301038794964,16.36892741496038
1468,Urban community,zoned_enforcement,8.194067578085749,20.06672139909015
1469,Protected land,adaptive_curfew,2.7705694635548284,5.829464855407185
1469,Rural community,zoned_enforcement,3.5937253337304362,8.809353943463366
1469,Suburban community,zoned_enforcement,6.175179124330315,15.065693226636606
1469,Urban community,zoned_enforcement,6.501440860070586,18.389083633213723
1470,Protected land,adaptive_curfew,3.020705583893796,6.034902272677582
1470,Rural community,zoned_enforcement,4.538107666625506,9.31563950801973
1470,Suburban community,zoned_enforcement,6.970152224012033,16.302046691223172
1470,Urban community,zoned_enforcement,8.474739454310233,20.03208804631171
1471,Protected land,adaptive_curfew,2.918494344332828,5.972800855264607
1471,Rural community,zoned_enforcement,4.200307083375123,9.280624510882589
1471,Suburban community,zoned_enforcement,7.2829210378290075,16.120147499931257
1471,Urban community,zoned_enforcement,8.387500291654373,19.81271790834736
1472,Protected land,adaptive_curfew,2.383617256145577,5.316503192093245
1472,Rural community,zoned_enforcement,3.1371269961686012,8.174414245650707
1472,Suburban community,zoned_enforcement,5.188691385525299,14.171026572964834
1472,Urban community,zoned_enforcement,6.030152739170642,17.365732909364358
1473,Protected land,zoned_enforcement,2.5901673569684074,5.610681049471671
1473,Rural community,zoned_enforcement,3.6314984214368806,8.667856955102108
1473,Suburban community,zoned_enforcement,6.361189413579682,15.115333776914081
1473,Urban community,zoned_enforcement,7.330984164314932,18.573748445996547
1474,Protected land,zoned_enforcement,2.160842261241847,4.982031960064927
1474,Rural community,zoned_enforcement,2.636773420173567,7.6456950511128134
1474,Suburban community,zoned_enforcement,4.619822498737914,13.198352638322985
1474,Urban community,zoned_enforcement,5.850275019412132,16.255544934459163
1475,Protected land,zoned_enforcement,2.3905968093389656,5.407226160550111
1475,Rural community,zoned_enforcement,3.5087473285093367,8.340304969792415
1475,Suburban community,zoned_enforcement,5.547695414102659,14.559811440165735
1475,Urban community,zoned_enforcement,6.814220921744544,18.02529640204559
1476,Protected land,adaptive_curfew,2.982175312814776,6.390190239271624
1476,Rural community,zoned_enforcement,4.482720009264177,9.663040669816779
1476,Suburban community,adaptive_curfew,7.388311537109729,16.473804369557453
1476,Urban community,zoned_enforcement,8.968006561257338,20.18018818642689
1477,Protected land,zoned_enforcement,2.3021574204844826,5.246039805579561
1477,Rural community,zoned_enforcement,2.8299506071680964,7.797345097737167
1477,Suburban community,zoned_enforcement,4.630696448166704,13.157839321326298
1477,Urban community,zoned_enforcement,4.77910638636129,16.173569328507085
1478,Protected land,zoned_enforcement,2.805501085601887,5.759619510378687
1478,Rural community,zoned_enforcement,4.300790512031957,9.022791582209214
1478,Suburban community,zoned_enforcement,6.634665562314602,15.807766187968685
1478,Urban community,zoned_enforcement,8.279633747451232,19.337339116408682
1479,Protected land,zoned_enforcement,2.990538036825072,6.124878795146666
1479,Rural community,zoned_enforcement,4.397191238274478,9.498913838891704
1479,Suburban community,adaptive_curfew,7.105584072572743,16.615739656054032
1479,Urban community,zoned_enforcement,8.542624909272819,20.403607873618082
1480,Protected land,zoned_enforcement,2.4791853292479087,5.696217035049936
1480,Rural community,zoned_enforcement,3.497977307726459,8.4802836953445
1480,Suburban community,zoned_enforcement,5.349540299637372,14.363596228237963
1480,Urban community,zoned_enforcement,6.6379211448151345,17.625208006295257
1481,Protected land,zoned_enforcement,2.649039985128355,5.854478006606367
1481,Rural community,zoned_enforcement,3.4806991523713373,8.73388250600166
1481,Suburban community,zoned_enforcement,5.713849761924006,14.870012905162392
1481,Urban community,zoned_enforcement,7.299446352655364,18.19405391963407
1482,Protected land,zoned_enforcement,2.6392212743260433,5.5206590214482345
1482,Rural community,zoned_enforcement,3.5536533850329315,8.556485202052633
1482,Suburban community,zoned_enforcement,5.928183985829918,14.89987253585438
1482,Urban community,zoned_enforcement,6.794570936857772,18.328684694838447
1483,Protected land,zoned_enforcement,2.0811809683304725,4.9283268551281685
1483,Rural community,zoned_enforcement,2.6469796184891567,7.577319634179726
1483,Suburban community,zoned_enforcement,4.430132804310938,13.166464473883527
1483,Urban community,zoned_enforcement,4.945602959472536,16.217999533728435
1484,Protected land,zoned_enforcement,2.447047020505046,5.304815488397494
1484,Rural community,zoned_enforcement,3.0492993433289435,8.320682561544826
1484,Suburban community,zoned_enforcement,5.880576870016675,14.618288478154422
1484,Urban community,zoned_enforcement,7.168532146492968,17.841976743318167
1485,Protected land,adaptive_curfew,2.954707737987171,6.066397949910104
1485,Rural community,zoned_enforcement,4.220421760360249,9.19564149602067
1485,Suburban community,zoned_enforcement,6.333526823516117,15.814914727454715
1485,Urban community,zoned_enforcement,8.208718027304327,19.531800276498476
1486,Protected land,adaptive_curfew,2.163961288135505,5.15533510406632
1486,Rural community,zoned_enforcement,3.0810097598987936,7.971870980805656
1486,Suburban community,zoned_enforcement,4.792947738235437,13.790433893675672
1486,Urban community,zoned_enforcement,5.686033536455213,16.799994108145576
1487,Protected land,zoned_enforcement,2.3544619192327487,5.210118084042764
1487,Rural community,zoned_enforcement,3.0140991576858243,8.009720175699735
1487,Suburban community,zoned_enforcement,5.20497664554895,13.844684003268458
1487,Urban community,zoned_enforcement,5.586151538360527,16.968165322714924
1488,Protected land,zoned_enforcement,2.141020416798135,5.11408268658788
1488,Rural community,zoned_enforcement,2.793360078681653,7.722643187139759
1488,Suburban community,zoned_enforcement,4.938992545616406,13.229923092379956
1488,Urban community,zoned_enforcement,5.125350797187721,16.233790324028035
1489,Protected land,zoned_enforcement,2.8002233845772966,5.923281168432019
1489,Rural community,zoned_enforcement,4.526189713445335,9.347714996954014
1489,Suburban community,zoned_enforcement,7.315439728621412,16.454022312518052
1489,Urban community,zoned_enforcement,8.493628041245925,20.17171224507803
1490,Protected land,zoned_enforcement,2.378089466603493,5.3844922085289655
1490,Rural community,zoned_enforcement,3.319883678663393,8.34707251328913
1490,Suburban community,zoned_enforcement,6.125448742590997,14.596012590106094
1490,Urban community,zoned_enforcement,6.725023058633221,18.037524699964138
1491,Protected land,zoned_enforcement,2.393053955406692,5.153747145210453
1491,Rural community,zoned_enforcement,2.808665453709608,7.824566350743997
1491,Suburban community,zoned_enforcement,4.711769981605524,13.430212261169158
1491,Urban community,zoned_enforcement,5.042295120370543,16.52245167583186
1492,Protected land,zoned_enforcement,2.708553871785153,5.670925693346546
1492,Rural community,zoned_enforcement,3.3797643758384135,8.525134857436594
1492,Suburban community,zoned_enforcement,5.37508382323902,14.574886798242218
1492,Urban community,zoned_enforcement,5.889495535009834,17.851636945120706
1493,Protected land,adaptive_curfew,2.9416567190957417,6.063210009333914
1493,Rural community,zoned_enforcement,3.979040236790097,9.173080153671998
1493,Suburban community,zoned_enforcement,6.268690034097011,15.718174423599196
1493,Urban community,zoned_enforcement,7.5145855343923404,19.153907917512704
1494,Protected land,zoned_enforcement,2.1345442066483895,5.148916903436067
1494,Rural community,zoned_enforcement,3.004776944663724,7.865093501461668
1494,Suburban community,zoned_enforcement,4.96841346878708,13.561876541714076
1494,Urban community,zoned_enforcement,5.433629875119957,16.661663671489787
1495,Protected land,zoned_enforcement,2.4778838409155983,5.501138324038613
1495,Rural community,zoned_enforcement,3.619428272830926,8.477190794582551
1495,Suburban community,zoned_enforcement,5.442853008716794,14.650735807539967
1495,Urban community,zoned_enforcement,6.250417031907729,17.95903078466769
1496,Protected land,zoned_enforcement,2.747359320784041,5.962719049087965
1496,Rural community,zoned_enforcement,3.94655036167962,8.967791615048272
1496,Suburban community,zoned_enforcement,5.925752228359906,15.329820053614007
1496,Urban community,zoned_enforcement,7.305368712474738,18.84846537930091
1497,Protected land,adaptive_curfew,2.854105089639019,6.117866221528102
1497,Rural community,zoned_enforcement,4.364129826183836,9.270050770169288
1497,Suburban community,adaptive_curfew,6.9117623368744,15.93295745084303
1497,Urban community,zoned_enforcement,8.007163805266291,19.46849434855451
1498,Protected land,adaptive_curfew,2.866737963739207,6.131110391853511
1498,Rural community,adaptive_curfew,4.089598539416529,9.308367127555558
1498,Suburban community,adaptive_curfew,6.762202335151702,15.978318151880194
1498,Urban community,zoned_enforcement,8.266472279180089,19.555594898419347
1499,Protected land,zoned_enforcement,2.19791197187907,5.24925601873927
1499,Rural community,zoned_enforcement,3.0316538800097996,7.892895754225846
1499,Suburban community,zoned_enforcement,4.689967541865119,13.534400302244853
1499,Urban community,zoned_enforcement,4.965266306111619,16.540343572743083
1500,Protected land,adaptive_curfew,3.011146550657518,6.282709976073188
1500,Rural community,zoned_enforcement,4.1846158316016195,9.505221648910874
1500,Suburban community,zoned_enforcement,7.243155521029067,16.298799621171977
1500,Urban community,zoned_enforcement,8.725911120226671,19.966812450529197
1501,Protected land,adaptive_curfew,2.823406308512784,6.075665299798469
1501,Rural community,zoned_enforcement,4.162879242150371,9.293229221824651
1501,Suburban community,zoned_enforcement,6.59645682857955,15.955231984735283
1501,Urban community,zoned_enforcement,7.9897803119106445,19.571770371700385
1502,Protected land,zoned_enforcement,2.7237845810551926,5.818074949401925
1502,Rural community,zoned_enforcement,3.8138506471524796,8.992314596465855
1502,Suburban community,zoned_enforcement,6.527045443541985,15.645858055004375
1502,Urban community,zoned_enforcement,8.124947486607523,19.157139485045036
1503,Protected land,zoned_enforcement,2.169082647206595,4.976876856615626
1503,Rural community,zoned_enforcement,2.9582180107532734,7.838531645612049
1503,Suburban community,zoned_enforcement,5.338671219652497,13.828579085255017
1503,Urban community,zoned_enforcement,5.764571684666214,16.965494137622596
1504,Protected land,zoned_enforcement,2.8938252302328484,5.983727726207504
1504,Rural community,zoned_enforcement,4.422788110045752,9.268843471746147
1504,Suburban community,zoned_enforcement,7.200716513605062,16.086346060223907
1504,Urban community,zoned_enforcement,8.194344231005152,19.772412738370075
1505,Protected land,zoned_enforcement,3.0334653515508156,6.3597736339255
1505,Rural community,zoned_enforcement,4.518968149633461,9.65145849153957
1505,Suburban community,zoned_enforcement,7.370553642650071,16.57980625141697
1505,Urban community,zoned_enforcement,8.566337352619986,20.368494448125368
1506,Protected land,zoned_enforcement,2.9201031022199433,5.9997539891919285
1506,Rural community,zoned_enforcement,4.1373159539911954,9.171090506578697
1506,Suburban community,zoned_enforcement,6.715003666497116,15.783494355317071
1506,Urban community,zoned_enforcement,7.828181100197204,19.356811665896547
1507,Protected land,adaptive_curfew,2.4170557332975333,5.477495807805141
1507,Rural community,zoned_enforcement,3.220653644183873,8.25132682789508
1507,Suburban community,zoned_enforcement,5.610728016633606,14.087809101431878
1507,Urban community,zoned_enforcement,6.0085055963234275,17.239922597216488
1508,Protected land,zoned_enforcement,2.351180781515205,5.0697310540007585
1508,Rural community,zoned_enforcement,3.0197679014924113,8.056246832596855
1508,Suburban community,zoned_enforcement,5.617759933416844,14.291841258493593
1508,Urban community,zoned_enforcement,6.163115232146941,17.532302100599562
1509,Protected land,zoned_enforcement,2.2508371547894406,5.402433407428703
1509,Rural community,zoned_enforcement,3.2642786414320932,8.130639308609611
1509,Suburban community,zoned_enforcement,5.079445732774383,13.962557840802244
1509,Urban community,zoned_enforcement,6.013038633782175,17.18794311575732
1510,Protected land,adaptive_curfew,2.7119066610421787,5.9311644236685135
1510,Rural community,zoned_enforcement,3.747812978200974,8.841458593418011
1510,Suburban community,zoned_enforcement,5.803536006933681,15.061526275818684
1510,Urban community,zoned_enforcement,6.783825998639589,18.53881566968819
1511,Protected land,zoned_enforcement,2.6962638456702277,5.868147012347606
1511,Rural community,zoned_enforcement,3.7045993994604647,8.7114605629849
1511,Suburban community,zoned_enforcement,5.730029439270627,14.780333801442486
1511,Urban community,zoned_enforcement,6.945867290253165,18.188458051316616
1512,Protected land,zoned_enforcement,2.468865422870154,5.70130978239322
1512,Rural community,zoned_enforcement,3.3450433303585267,8.520180248157025
1512,Suburban community,zoned_enforcement,5.754435393622707,14.48795819771884
1512,Urban community,zoned_enforcement,6.4966586494091665,17.754231893937387
1513,Protected land,zoned_enforcement,2.6757851472675487,5.657582032197127
1513,Rural community,zoned_enforcement,3.9348192975522256,8.85738566892508
1513,Suburban community,zoned_enforcement,6.544487094453846,15.471061763999755
1513,Urban community,zoned_enforcement,7.7776318992697036,18.95243858194048
1514,Protected land,zoned_enforcement,2.2799814791433097,5.572527324764668
1514,Rural community,zoned_enforcement,3.3980921770233685,8.326534630537386
1514,Suburban community,zoned_enforcement,5.424415238747359,14.244006936047493
1514,Urban community,zoned_enforcement,6.069673410845157,17.605129108064897
1515,Protected land,zoned_enforcement,2.527441942976588,5.551785983645677
1515,Rural community,zoned_enforcement,3.318776532992855,8.410251024160443
1515,Suburban community,zoned_enforcement,5.3050740305691075,14.519454593756087
1515,Urban community,zoned_enforcement,5.963187727636139,17.719021848314537
1516,Protected land,zoned_enforcement,2.8124158158717,6.039947525717196
1516,Rural community,zoned_enforcement,4.237421281171885,9.353944054741405
1516,Suburban community,zoned_enforcement,7.3060295182465165,16.302777927924037
1516,Urban community,zoned_enforcement,8.564791468785474,19.96821187545111
1517,Protected land,zoned_enforcement,2.236973494834699,5.047812029067191
1517,Rural community,zoned_enforcement,2.843889945086114,7.890690905556516
1517,Suburban community,zoned_enforcement,5.0900131856325785,13.730079296328665
1517,Urban community,zoned_enforcement,5.997141173911585,16.733110782681347
1518,Protected land,zoned_enforcement,2.1591737849124253,5.227082978641359
1518,Rural community,zoned_enforcement,3.0337498982679154,8.094991132829705
1518,Suburban community,zoned_enforcement,5.439949579143191,14.08960775990716
1518,Urban community,zoned_enforcement,6.054522498557882,17.161346040483917
1519,Protected land,adaptive_curfew,3.2198451066190343,6.36870760285084
1519,Rural community,zoned_enforcement,4.65003396014696,9.669188220180777
1519,Suburban community,zoned_enforcement,7.588701866564801,16.575623003939988
1519,Urban community,zoned_enforcement,8.685794011808088,20.2726544606471
1520,Protected land,zoned_enforcement,2.756990844994122,5.805693353881595
1520,Rural community,zoned_enforcement,3.740920521805222,8.856712061882698
1520,Suburban community,zoned_enforcement,5.973390208459307,15.184725036044854
1520,Urban community,zoned_enforcement,7.688700122793117,18.550481389748963
1521,Protected land,zoned_enforcement,2.314022498649546,5.239010338064707
1521,Rural community,zoned_enforcement,2.9573451268005657,7.984139925618681
1521,Suburban community,zoned_enforcement,5.074260054295916,13.721449548991647
1521,Urban community,zoned_enforcement,5.460235362026095,16.7563646326039
1522,Protected land,zoned_enforcement,2.1892167041619377,5.008832689290902
1522,Rural community,zoned_enforcement,2.8190981145732428,7.679497524582132
1522,Suburban community,zoned_enforcement,4.597246778162393,13.258560688175425
1522,Urban community,zoned_enforcement,5.509260823239373,16.295725541846302
1523,Protected land,zoned_enforcement,2.589376115309287,5.59288820407947
1523,Rural community,zoned_enforcement,3.419937966143779,8.48146749386244
1523,Suburban community,zoned_enforcement,5.716199734408601,14.606157884711152
1523,Urban community,zoned_enforcement,7.002873381959514,18.01505466514933
1524,Protected land,zoned_enforcement,2.9299268443581843,6.091870084607848
1524,Rural community,zoned_enforcement,4.149745515286949,9.238534141616046
1524,Suburban community,zoned_enforcement,6.508521857392767,15.90702400831768
1524,Urban community,zoned_enforcement,8.225056414040777,19.554087131241975
1525,Protected land,zoned_enforcement,2.3747063371883317,5.258484344823382
1525,Rural community,shielded_warm,2.8849389277348703,7.898605950327816
1525,Suburban community,shielded_warm,4.343827324567718,13.405302000104172
1525,Urban community,zoned_enforcement,5.6405508677111165,16.45345070218891
1526,Protected land,adaptive_curfew,3.0752130822797734,6.284438238737448
1526,Rural community,zoned_enforcement,4.357088591837562,9.570580552378711
1526,Suburban community,adaptive_curfew,6.955477364449866,16.60492836487362
1526,Urban community,zoned_enforcement,9.347207279907101,20.44766651261164
1527,Protected land,zoned_enforcement,2.274231910383432,5.150427650570452
1527,Rural community,zoned_enforcement,2.6187161692247685,7.73032341150756
1527,Suburban community,zoned_enforcement,4.625600511335405,13.175572000034894
1527,Urban community,zoned_enforcement,5.132577769770554,16.207053955826055
1528,Protected land,adaptive_curfew,2.825802869905906,5.897476523687026
1528,Rural community,zoned_enforcement,3.837893451144235,9.029387155833007
1528,Suburban community,zoned_enforcement,6.402093745173792,15.530079475453551
1528,Urban community,zoned_enforcement,7.786775511081428,18.947392060180494
1529,Protected land,zoned_enforcement,2.9982059470934166,6.131529960767412
1529,Rural community,zoned_enforcement,4.361569973601686,9.503586051467735
1529,Suburban community,zoned_enforcement,7.357569918456807,16.53750001864872
1529,Urban community,zoned_enforcement,8.40339619824913,20.28174240296229
1530,Protected land,adaptive_curfew,2.7248528109231485,5.91777481566085
1530,Rural community,zoned_enforcement,3.734253011995291,8.741333632499765
1530,Suburban community,zoned_enforcement,5.7919329595052,14.802458000412672
1530,Urban community,zoned_enforcement,7.210003874354506,18.18269821613435
1531,Protected land,zoned_enforcement,2.878249177382593,5.885764871615677
1531,Rural community,zoned_enforcement,4.403232487620008,9.235095472869622
1531,Suburban community,zoned_enforcement,7.510360223847634,16.22024394568907
1531,Urban community,zoned_enforcement,8.510532859889667,20.044881500920685
1532,Protected land,zoned_enforcement,2.952120775652511,6.173237151821249
1532,Rural community,zoned_enforcement,4.399902980309857,9.388477616609478
1532,Suburban community,zoned_enforcement,6.682588759963629,16.020885455337513
1532,Urban community,zoned_enforcement,8.161878868387323,19.611057968354125
1533,Protected land,zoned_enforcement,2.2052039621482478,4.921668143346592
1533,Rural community,zoned_enforcement,2.8925029198706165,7.7153854575856675
1533,Suburban community,zoned_enforcement,5.042036687815314,13.475413514294926
1533,Urban community,zoned_enforcement,5.834338771924358,16.611056374852968
1534,Protected land,zoned_enforcement,3.0168047377925378,6.0054819552489676
1534,Rural community,zoned_enforcement,4.658144390555924,9.394695225460186
1534,Suburban community,zoned_enforcement,7.802762287576009,16.531412130856193
1534,Urban community,zoned_enforcement,8.905845509981887,20.304432963146766
1535,Protected land,zoned_enforcement,2.203876270957458,5.20041814419343
1535,Rural community,zoned_enforcement,2.805461766063167,7.947578285935708
1535,Suburban community,zoned_enforcement,4.876521200959846,13.772304843300631
1535,Urban community,zoned_enforcement,5.685481955690472,16.83873827982537
1536,Protected land,zoned_enforcement,2.548290176028413,5.325069624327837
1536,Rural community,zoned_enforcement,3.330760498159134,8.33718528899313
1536,Suburban community,zoned_enforcement,5.7464161775223825,14.586666688433377
1536,Urban community,zoned_enforcement,6.551557958285882,17.928272558856438
1537,Protected land,zoned_enforcement,2.952298234494039,6.088323590344336
1537,Rural community,zoned_enforcement,4.300754920810831,9.297126422267356
1537,Suburban community,zoned_enforcement,7.15299847767999,15.979803888407835
1537,Urban community,zoned_enforcement,7.662564282334454,19.58250079329343
1538,Protected land,adaptive_curfew,2.683208933086687,5.687577055311915
1538,Rural community,zoned_enforcement,3.8261862495424603,8.79713827834904
1538,Suburban community,zoned_enforcement,6.5765192296036155,15.347953257507758
1538,Urban community,zoned_enforcement,7.311150873371073,18.904786443110673
1539,Protected land,zoned_enforcement,2.55624615956583,5.782720387761774
1539,Rural community,zoned_enforcement,3.640944679050299,8.63116620693268
1539,Suburban community,zoned_enforcement,5.888683111935054,14.670189988842047
1539,Urban community,zoned_enforcement,6.678082470051244,18.088863505666154
1540,Protected land,adaptive_curfew,2.322680822157785,5.4907075068591835
1540,Rural community,zoned_enforcement,3.373973091698698,8.40100070053974
1540,Suburban community,zoned_enforcement,5.572365044819154,14.566293433710051
1540,Urban community,zoned_enforcement,6.776972518826419,17.912248035502863
1541,Protected land,zoned_enforcement,2.9395039634189306,6.06505862114907
1541,Rural community,zoned_enforcement,4.229453966634839,9.323363151194224
1541,Suburban community,zoned_enforcement,7.154653720225307,16.22955191842342
1541,Urban community,zoned_enforcement,8.313383637285416,19.798089486476666
1542,Protected land,adaptive_curfew,2.6989752587855964,5.676991092689073
1542,Rural community,zoned_enforcement,3.995493082404426,8.992615812209358
1542,Suburban community,zoned_enforcement,7.025097348934249,15.971711000452068
1542,Urban community,zoned_enforcement,8.35200796370538,19.584689538863486
1543,Protected land,zoned_enforcement,2.623278025362612,5.7385691346716206
1543,Rural community,zoned_enforcement,3.979082003036882,8.86599275516348
1543,Suburban community,zoned_enforcement,6.501950752882298,15.417941419071207
1543,Urban community,zoned_enforcement,7.586478234744215,18.947870979013903
1544,Protected land,zoned_enforcement,2.3379641991720757,5.270115481095311
1544,Rural community,zoned_enforcement,2.7892328757164577,8.015834613422372
1544,Suburban community,zoned_enforcement,4.797718328001434,13.771171061326019
1544,Urban community,zoned_enforcement,5.5046226530891325,16.784061652791113
1545,Protected land,adaptive_curfew,3.0488925286458075,6.2258407015207196
1545,Rural community,zoned_enforcement,4.2377451543457445,9.36260011126083
1545,Suburban community,adaptive_curfew,6.273501359767524,15.94610461237772
1545,Urban community,zoned_enforcement,7.923267659717931,19.46057714235533
1546,Protected land,zoned_enforcement,2.6779800474665345,5.924075785816324
1546,Rural community,zoned_enforcement,3.6173214656768895,8.990787219101316
1546,Suburban community,zoned_enforcement,6.146732121165508,15.479234976985506
1546,Urban community,zoned_enforcement,7.645595962571912,19.09268326239998
1547,Protected land,zoned_enforcement,2.8278731603516496,6.032736628076624
1547,Rural community,zoned_enforcement,3.9259845033421943,9.136767805194298
1547,Suburban community,zoned_enforcement,7.053559046306042,15.682648546964082
1547,Urban community,zoned_enforcement,7.57756075166281,19.179960186940917
1548,Protected land,adaptive_curfew,2.7953391418950417,5.804764495559693
1548,Rural community,zoned_enforcement,4.091973941947269,8.913368947984232
1548,Suburban community,zoned_enforcement,6.242263867028203,15.525255294241907
1548,Urban community,zoned_enforcement,7.09893328960133,19.038237721276587
1549,Protected land,zoned_enforcement,2.8621196775238986,5.932521255503289
1549,Rural community,zoned_enforcement,4.479812987542965,9.285760645131475
1549,Suburban community,zoned_enforcement,7.201949067008188,16.321903987182115
1549,Urban community,zoned_enforcement,8.830177177861694,20.026191078693532
1550,Protected land,adaptive_curfew,2.934861367665707,6.272756248422208
1550,Rural community,zoned_enforcement,4.318353301625173,9.51222459516928
1550,Suburban community,zoned_enforcement,7.070465204844188,16.340698720539848
1550,Urban community,zoned_enforcement,8.803041324540361,20.10837694062645
1551,Protected land,adaptive_curfew,2.793456005788941,6.20857449420423
1551,Rural community,zoned_enforcement,4.146777650505707,9.4060074490707
1551,Suburban community,zoned_enforcement,6.996458136030846,16.120402500333352
1551,Urban community,zoned_enforcement,8.150443708979758,19.67437918434773
1552,Protected land,adaptive_curfew,2.9967922847243016,6.205503370442914
1552,Rural community,zoned_enforcement,3.9220945625200496,9.247942525854636
1552,Suburban community,zoned_enforcement,6.504199408167505,15.73345594002201
1552,Urban community,zoned_enforcement,7.540399330950853,19.263627553672166
1553,Protected land,zoned_enforcement,2.0208957618350527,5.20373104301375
1553,Rural community,zoned_enforcement,2.6305207385136606,7.7898223094441725
1553,Suburban community,zoned_enforcement,4.610886020356901,13.21254801262279
1553,Urban community,zoned_enforcement,4.927094152123928,16.141458336605506
1554,Protected land,zoned_enforcement,2.90579132866577,6.291453217271636
1554,Rural community,zoned_enforcement,4.287939764866352,9.487873955676534
1554,Suburban community,zoned_enforcement,7.08323747809089,16.21447629159843
1554,Urban community,zoned_enforcement,8.394030167033081,19.952263250590747
1555,Protected land,zoned_enforcement,2.181113175926182,5.070904834352994
1555,Rural community,zoned_enforcement,2.7767593062136697,7.78375547507567
1555,Suburban community,zoned_enforcement,4.854700138718574,13.490270400639442
1555,Urban community,zoned_enforcement,5.417052142779022,16.66676486549617
1556,Protected land,adaptive_curfew,2.9467314273827245,6.023788205566319
1556,Rural community,zoned_enforcement,3.9471955485036734,9.105240877644045
1556,Suburban community,zoned_enforcement,6.644164543631943,15.665999856786417
1556,Urban community,zoned_enforcement,8.280195243369528,19.293088169970734
1557,Protected land,zoned_enforcement,2.251217788875129,5.2056570005490705
1557,Rural community,zoned_enforcement,2.807774146566336,7.846077646405339
1557,Suburban community,zoned_enforcement,4.971965910873644,13.426875645699294
1557,Urban community,zoned_enforcement,5.388746165704934,16.45464170979343
1558,Protected land,adaptive_curfew,2.824753512118551,6.1249570141320415
1558,Rural community,zoned_enforcement,4.321805062147141,9.19090742921264
1558,Suburban community,zoned_enforcement,6.734145631851993,15.652037830608895
1558,Urban community,zoned_enforcement,7.837641209720045,19.145689852571884
1559,Protected land,zoned_enforcement,2.6867869239706987,5.548862121049258
1559,Rural community,zoned_enforcement,3.2676705240531634,8.433785612793734
1559,Suburban community,zoned_enforcement,5.241388442756765,14.481789482190718
1559,Urban community,zoned_enforcement,6.131782932837599,17.83078421340618
1560,Protected land,zoned_enforcement,2.654551291984275,5.603708899387203
1560,Rural community,zoned_enforcement,3.739031035062121,8.670512198240907
1560,Suburban community,zoned_enforcement,6.3124226329492,15.090934770468278
1560,Urban community,zoned_enforcement,7.368040999712887,18.641366754511086
1561,Protected land,zoned_enforcement,2.2319333895579527,5.0013657998250185
1561,Rural community,zoned_enforcement,3.090564625401739,7.856734165288974
1561,Suburban community,zoned_enforcement,5.255668640013171,13.834423865903556
1561,Urban community,zoned_enforcement,5.625201725383265,16.9992552422106
1562,Protected land,adaptive_curfew,2.572066329174835,5.655015630922106
1562,Rural community,zoned_enforcement,3.4853657641712825,8.577117871752275
1562,Suburban community,zoned_enforcement,5.530428660985844,14.70825544467795
1562,Urban community,zoned_enforcement,6.397721085434187,18.00706341174016
1563,Protected land,zoned_enforcement,2.766347722479328,5.93986180130092
1563,Rural community,zoned_enforcement,4.244505703040748,9.174540707453753
1563,Suburban community,zoned_enforcement,6.904098707717816,15.98561587020294
1563,Urban community,zoned_enforcement,8.379715384205738,19.63993091002084
1564,Protected land,zoned_enforcement,2.285136475448009,5.283933935171326
1564,Rural community,zoned_enforcement,3.2418600801347655,8.031847618607515
1564,Suburban community,zoned_enforcement,5.033170320252747,13.80894294720621
1564,Urban community,zoned_enforcement,5.986409498221734,16.940165194262686
1565,Protected land,adaptive_curfew,2.404533567653509,5.488526188421393
1565,Rural community,zoned_enforcement,3.510324920429114,8.456586457072312
1565,Suburban community,zoned_enforcement,5.552449975416598,14.675214730258327
1565,Urban community,zoned_enforcement,6.773130534473184,18.034454876849303
1566,Protected land,zoned_enforcement,2.213957165081286,5.019779928328459
1566,Rural community,zoned_enforcement,3.0195521271709564,7.882051614324549
1566,Suburban community,zoned_enforcement,5.212877133624838,13.875043284613675
1566,Urban community,zoned_enforcement,6.0307321562339435,17.056441661928528
1567,Protected land,adaptive_curfew,2.1801701742311144,5.200661080353358
1567,Rural community,zoned_enforcement,2.869490264026185,7.826880794578038
1567,Suburban community,zoned_enforcement,4.95051282052248,13.272370080723963
1567,Urban community,zoned_enforcement,5.380814450139946,16.224457592991186
1568,Protected land,zoned_enforcement,2.2472068529973575,5.151622444884769
1568,Rural community,zoned_enforcement,3.26659582014957,7.99508023093941
1568,Suburban community,zoned_enforcement,5.446450482852413,14.047222841714587
1568,Urban community,zoned_enforcement,6.162815104723187,17.312944338184266
1569,Protected land,zoned_enforcement,2.370329198505111,5.329188555703929
1569,Rural community,zoned_enforcement,3.4248959436629214,8.304228321193172
1569,Suburban community,zoned_enforcement,6.084497888671711,14.457813941825155
1569,Urban community,zoned_enforcement,6.792324590736177,17.836271622306526
1570,Protected land,zoned_enforcement,2.3426584560209585,5.19922265894251
1570,Rural community,zoned_enforcement,2.9473031940145944,8.091083524111639
1570,Suburban community,zoned_enforcement,5.2416509127777395,14.09966004384955
1570,Urban community,zoned_enforcement,5.8284788569485695,17.132709470427194
1571,Protected land,adaptive_curfew,2.9385484128599137,6.099372483561581
1571,Rural community,adaptive_curfew,4.356768675124952,9.354075175937037
1571,Suburban community,zoned_enforcement,7.183895165104062,16.257158578359103
1571,Urban community,zoned_enforcement,8.248513222478628,19.914893989557967
1572,Protected land,zoned_enforcement,2.38162243356861,5.283137772357879
1572,Rural community,zoned_enforcement,3.034561238226268,8.08130743066262
1572,Suburban community,zoned_enforcement,5.453083031478203,13.984622197463311
1572,Urban community,zoned_enforcement,5.8607059364215655,17.151398500031995
1573,Protected land,adaptive_curfew,2.5558075059086294,5.6300529913239865
1573,Rural community,zoned_enforcement,3.883127063316988,8.817730853105315
1573,Suburban community,zoned_enforcement,6.757093386075777,15.504254703983195
1573,Urban community,zoned_enforcement,7.852522570521046,18.966731445466163
1574,Protected land,zoned_enforcement,2.1152997395592816,4.8879495853916355
1574,Rural community,zoned_enforcement,2.727939575026676,7.559133069496323
1574,Suburban community,zoned_enforcement,4.61229071695317,13.09576105950967
1574,Urban community,zoned_enforcement,5.2526695695287895,16.13358253616797
1575,Protected land,adaptive_curfew,2.8297524311161686,6.1309193184851996
1575,Rural community,zoned_enforcement,4.23395720872928,9.178737991605333
1575,Suburban community,zoned_enforcement,6.581076403427852,15.655431169875797
1575,Urban community,zoned_enforcement,7.9087059648286715,19.18283702870925
1576,Protected land,zoned_enforcement,2.5917272243506013,5.685868688219965
1576,Rural community,zoned_enforcement,4.0385687353869715,8.809831100393454
1576,Suburban community,zoned_enforcement,6.057100414410046,15.37274185287774
1576,Urban community,zoned_enforcement,7.292200241733786,18.862364159649943
1577,Protected land,zoned_enforcement,2.9925672621155024,6.25671849422799
1577,Rural community,adaptive_curfew,4.00995418920064,9.517950257576482
1577,Suburban community,zoned_enforcement,7.079862968387053,16.400136178043564
1577,Urban community,zoned_enforcement,8.153592961192286,20.073535818321687
1578,Protected land,adaptive_curfew,3.0849344442574953,6.231240451704368
1578,Rural community,zoned_enforcement,4.206923930439527,9.391475478110586
1578,Suburban community,zoned_enforcement,7.313677233543434,16.133224540989247
1578,Urban community,zoned_enforcement,8.590730471812819,19.7228921849578
1579,Protected land,zoned_enforcement,2.7417661997197316,5.846867797952511
1579,Rural community,zoned_enforcement,3.566675736942317,8.83961249607806
1579,Suburban community,zoned_enforcement,6.68768533288941,15.218595441642012
1579,Urban community,zoned_enforcement,7.439141477824759,18.67901581857207
1580,Protected land,adaptive_curfew,2.6498496747519797,5.7053294291586365
1580,Rural community,zoned_enforcement,3.4235949446206115,8.54163438054645
1580,Suburban community,zoned_enforcement,5.593588827053411,14.597761666798291
1580,Urban community,zoned_enforcement,6.492580173807358,17.91801910872477
1581,Protected land,zoned_enforcement,3.1060316783016715,6.532744398899498
1581,Rural community,zoned_enforcement,4.461610802634479,9.727950148853404
1581,Suburban community,adaptive_curfew,7.253129231903182,16.540098986753303
1581,Urban community,zoned_enforcement,8.533036577938505,20.1834962771187
1582,Protected land,zoned_enforcement,2.8874411010684247,5.918321233800011
1582,Rural community,zoned_enforcement,4.2959112240955575,9.157266052878196
1582,Suburban community,zoned_enforcement,7.128806040101749,15.908521470564146
1582,Urban community,zoned_enforcement,7.92648586175955,19.59005404017923
1583,Protected land,zoned_enforcement,2.1684725320372373,4.926800047502488
1583,Rural community,zoned_enforcement,3.061621796142963,7.8003402194222975
1583,Suburban community,zoned_enforcement,5.198317180467923,13.752986352677887
1583,Urban community,zoned_enforcement,6.389317350835613,16.825277284025432
1584,Protected land,adaptive_curfew,2.4626666729960354,5.578981168697084
1584,Rural community,zoned_enforcement,3.493485125207841,8.51869006764614
1584,Suburban community,zoned_enforcement,5.743806419792172,14.706287878889576
1584,Urban community,zoned_enforcement,7.179843699595413,17.999658736664276
1585,Protected land,zoned_enforcement,2.3989277867007193,5.251610113427596
1585,Rural community,zoned_enforcement,2.9887082070421522,8.031708114434652
1585,Suburban community,zoned_enforcement,5.074170873394408,13.793535732202338
1585,Urban community,zoned_enforcement,6.189049642890616,16.953258212427063
1586,Protected land,adaptive_curfew,2.8029801544271526,6.040678431615752
1586,Rural community,zoned_enforcement,3.5394857495955447,8.932673214057637
1586,Suburban community,zoned_enforcement,6.007442855362152,15.076859157118793
1586,Urban community,zoned_enforcement,6.909404032112274,18.401150062936843
1587,Protected land,zoned_enforcement,2.403773166829415,5.269791344154699
1587,Rural community,zoned_enforcement,2.9600859396017993,8.04184759158503
1587,Suburban community,zoned_enforcement,5.502867839033028,13.894890596637854
1587,Urban community,zoned_enforcement,6.294415906346874,17.046883474918147
1588,Protected land,adaptive_curfew,2.883144406050759,6.028975596553495
1588,Rural community,zoned_enforcement,4.191619824502678,9.254061302179624
1588,Suburban community,zoned_enforcement,6.827434524501177,16.00130526054132
1588,Urban community,adaptive_curfew,7.378505326747543,19.5438535369528
1589,Protected land,adaptive_curfew,2.863629476417242,6.104986927202292
1589,Rural community,zoned_enforcement,4.181448771682177,9.285075194194906
1589,Suburban community,zoned_enforcement,7.143204929168288,16.1144015688845
1589,Urban community,zoned_enforcement,8.15287478728459,19.792962336304655
1590,Protected land,adaptive_curfew,2.9044676420602995,6.180383576768764
1590,Rural community,zoned_enforcement,4.096019841642874,9.233986235467583
1590,Suburban community,zoned_enforcement,6.49377780361419,15.666358194320429
1590,Urban community,zoned_enforcement,7.606749773775684,19.091022058172793
1591,Protected land,zoned_enforcement,2.440281627337637,5.514131993974119
1591,Rural community,zoned_enforcement,3.210077332391254,8.242111027414959
1591,Suburban community,zoned_enforcement,4.991743813768775,13.973920806262798
1591,Urban community,zoned_enforcement,6.354743681663951,17.09161523154438
1592,Protected land,adaptive_curfew,2.64848923453257,5.881289559959849
1592,Rural community,zoned_enforcement,3.5229187900210466,8.749272126783605
1592,Suburban community,zoned_enforcement,5.555785727602544,14.862802651403678
1592,Urban community,zoned_enforcement,6.752163992329995,18.175380396725107
1593,Protected land,zoned_enforcement,2.8523288829566003,6.010059160159425
1593,Rural community,zoned_enforcement,3.911938401036095,9.121837119679128
1593,Suburban community,zoned_enforcement,6.694567022123222,15.748536448080849
1593,Urban community,zoned_enforcement,7.788730589115577,19.264138390173578
1594,Protected land,zoned_enforcement,2.7376278522355446,5.638205688400149
1594,Rural community,zoned_enforcement,3.761687001274625,8.790523374343397
1594,Suburban community,zoned_enforcement,6.717567222833244,15.331786513454082
1594,Urban community,zoned_enforcement,7.745133013813069,18.862283575289
1595,Protected land,adaptive_curfew,3.1512601128316606,6.5680592573218854
1595,Rural community,zoned_enforcement,4.560430380899802,9.762219752225626
1595,Suburban community,zoned_enforcement,7.653855187863076,16.49613448418476
1595,Urban community,adaptive_curfew,8.330325380759364,20.23011796956455
1596,Protected land,adaptive_curfew,3.045699650234123,6.192894945194973
1596,Rural community,adaptive_curfew,3.7677534011514986,9.172504494456742
1596,Suburban community,zoned_enforcement,6.513336446021777,15.55139627406194
1596,Urban community,zoned_enforcement,7.3351415161666935,19.065011003192986
1597,Protected land,zoned_enforcement,2.5594706297544323,5.419151936206914
1597,Rural community,zoned_enforcement,3.6188179095237656,8.516694351902414
1597,Suburban community,zoned_enforcement,6.472735724286446,15.006067935906833
1597,Urban community,zoned_enforcement,6.789821797664915,18.42421279247137
1598,Protected land,zoned_enforcement,2.701331374670882,5.9001348096304485
1598,Rural community,zoned_enforcement,3.811618158031476,8.856378326454895
1598,Suburban community,zoned_enforcement,6.17709175278957,15.092864760594848
1598,Urban community,zoned_enforcement,7.037806401774798,18.495994401325106
1599,Protected land,zoned_enforcement,2.5121159032973277,5.319097544341797
1599,Rural community,zoned_enforcement,3.610668724571333,8.32045226224101
1599,Suburban community,zoned_enforcement,5.813338698859809,14.515579027800552
1599,Urban community,zoned_enforcement,6.348280486418648,17.75399097565415
1600,Protected land,zoned_enforcement,2.6010345769863443,5.581280589754939
1600,Rural community,zoned_enforcement,3.642072775312087,8.703116801206836
1600,Suburban community,zoned_enforcement,6.435868384401404,15.294006148254255
1600,Urban community,zoned_enforcement,7.505820332549975,18.77024486543952
1601,Protected land,adaptive_curfew,2.1959602855225833,5.210689579841081
1601,Rural community,zoned_enforcement,2.9229104867802764,7.7732803441635685
1601,Suburban community,zoned_enforcement,4.482710997563991,13.145300262026241
1601,Urban community,shielded_warm,4.797338687738614,16.124752242543064
1602,Protected land,zoned_enforcement,2.5260816875588836,5.453036224339549
1602,Rural community,zoned_enforcement,3.302325327206785,8.315831026823126
1602,Suburban community,zoned_enforcement,5.485101233655248,14.326214297276554
1602,Urban community,zoned_enforcement,6.23239581700385,17.662601293498785
1603,Protected land,zoned_enforcement,2.634746475102411,5.501682732352074
1603,Rural community,zoned_enforcement,3.7263638649297404,8.58630628816771
1603,Suburban community,zoned_enforcement,6.2366031370504444,15.096246949564149
1603,Urban community,zoned_enforcement,7.1500262044380385,18.4900814055914
1604,Protected land,zoned_enforcement,3.23371081727707,6.6123622947993
1604,Rural community,zoned_enforcement,4.350485563906266,9.735615773283618
1604,Suburban community,zoned_enforcement,7.171218074238094,16.333910985298207
1604,Urban community,zoned_enforcement,8.454183054417351,20.01059365361134
1605,Protected land,zoned_enforcement,2.2244549622727763,5.172343294206325
1605,Rural community,zoned_enforcement,3.00608971385953,7.882354765931683
1605,Suburban community,zoned_enforcement,4.912415016159137,13.568611179589285
1605,Urban community,zoned_enforcement,5.5199409491156395,16.728049111584966
1606,Protected land,adaptive_curfew,2.393569330888961,5.428086197451217
1606,Rural community,zoned_enforcement,3.3069679586646483,8.207673512283716
1606,Suburban community,zoned_enforcement,5.028280660422627,14.041018019468357
1606,Urban community,zoned_enforcement,5.844447007441053,17.08522091512168
1607,Protected land,zoned_enforcement,2.102528067990595,5.065325239518071
1607,Rural community,zoned_enforcement,2.6877401821869515,7.67063643318522
1607,Suburban community,zoned_enforcement,4.173147270097937,13.203943998483597
1607,Urban community,zoned_enforcement,5.252423753758894,16.255490473290717
1608,Protected land,zoned_enforcement,2.3677773422947443,5.365928612734903
1608,Rural community,zoned_enforcement,3.4488728291166586,8.238853198661888
1608,Suburban community,zoned_enforcement,5.41086025403369,14.2632784779802
1608,Urban community,zoned_enforcement,5.8415151895096855,17.493544184190952
1609,Protected land,adaptive_curfew,2.6287012648496475,5.793979411037522
1609,Rural community,zoned_enforcement,3.6376194177819903,8.712329991278157
1609,Suburban community,zoned_enforcement,5.554774095659981,14.921067642018224
1609,Urban community,zoned_enforcement,6.493899338972065,18.317530664182303
1610,Protected land,zoned_enforcement,2.4553508798845005,5.440336904450562
1610,Rural community,zoned_enforcement,3.026179974428681,8.093311332447477
1610,Suburban community,zoned_enforcement,4.906369953820185,13.77167801751766
1610,Urban community,zoned_enforcement,5.816412267650824,16.928899820354463
1611,Protected land,adaptive_curfew,2.4484017787553625,5.554931616053373
1611,Rural community,zoned_enforcement,3.1077192533865894,8.260379471198902
1611,Suburban community,zoned_enforcement,5.246699901634244,13.913187309598218
1611,Urban community,zoned_enforcement,5.916630559409695,16.998683205566333
1612,Protected land,adaptive_curfew,2.489510543106844,5.503208896874728
1612,Rural community,zoned_enforcement,3.4542272987127562,8.469585222564028
1612,Suburban community,zoned_enforcement,5.855781089939523,14.769397122499042
1612,Urban community,zoned_enforcement,6.253071932578171,18.035324190661207
1613,Protected land,zoned_enforcement,2.677834215394584,5.638098047197392
1613,Rural community,zoned_enforcement,3.454881339299921,8.599122561378637
1613,Suburban community,zoned_enforcement,6.280810040768609,14.81802143611426
1613,Urban community,zoned_enforcement,7.000789782570928,18.27177713917449
1614,Protected land,zoned_enforcement,2.1932826432767536,5.391896463159441
1614,Rural community,zoned_enforcement,2.866217802696519,8.050357309354691
1614,Suburban community,zoned_enforcement,4.981353794791902,13.712117741269056
1614,Urban community,zoned_enforcement,5.52982280416256,16.906773436360616
1615,Protected land,zoned_enforcement,2.4916948941609043,5.575239642532863
1615,Rural community,zoned_enforcement,3.243956304528096,8.344364380213419
1615,Suburban community,zoned_enforcement,5.378072979021553,14.285361901308583
1615,Urban community,zoned_enforcement,6.335747215739932,17.58383091957875
1616,Protected land,zoned_enforcement,2.7594249216947304,5.939027441137261
1616,Rural community,zoned_enforcement,4.049769858720519,9.120622191184603
1616,Suburban community,zoned_enforcement,6.541069251984323,15.79142117168405
1616,Urban community,zoned_enforcement,8.097614683454658,19.44060956282371
1617,Protected land,zoned_enforcement,2.564011264767304,5.616321743389666
1617,Rural community,zoned_enforcement,3.6379842582123283,8.739415955082046
1617,Suburban community,zoned_enforcement,6.503633754351995,15.271844159510465
1617,Urban community,zoned_enforcement,7.4645232677147,18.666096168769904
1618,Protected land,zoned_enforcement,2.84412825871625,6.04428135567505
1618,Rural community,zoned_enforcement,4.226078101126811,9.24072146183226
1618,Suburban community,zoned_enforcement,6.467614613411996,15.866201635771873
1618,Urban community,zoned_enforcement,7.77196431262456,19.308655784945568
1619,Protected land,adaptive_curfew,2.744334025585636,5.901232630344018
1619,Rural community,zoned_enforcement,3.914590765945186,8.959776367871754
1619,Suburban community,zoned_enforcement,6.159908766920683,15.402593980374558
1619,Urban community,zoned_enforcement,7.460198389376309,18.910095097516457
1620,Protected land,zoned_enforcement,2.7485438351021867,5.6922617500605455
1620,Rural community,zoned_enforcement,3.599341141113446,8.699205009434996
1620,Suburban community,zoned_enforcement,6.3588391479330095,14.996025411639
1620,Urban community,zoned_enforcement,7.02131364397996,18.49549043726736
1621,Protected land,zoned_enforcement,2.895954490438999,6.032468717700546
1621,Rural community,zoned_enforcement,4.362738162232442,9.386365496608109
1621,Suburban community,zoned_enforcement,7.199801385926158,16.45011062257867
1621,Urban community,zoned_enforcement,9.102602195444089,20.309240279368705
1622,Protected land,zoned_enforcement,2.8665798014181783,6.005769447889256
1622,Rural community,zoned_enforcement,4.1018114356325475,9.305682658451934
1622,Suburban community,zoned_enforcement,7.298953323007014,16.10323728160328
1622,Urban community,zoned_enforcement,8.368572486032782,19.70132586527989
1623,Protected land,zoned_enforcement,2.453521267219245,5.4892994600326555
1623,Rural community,zoned_enforcement,3.499822832044755,8.466308952469998
1623,Suburban community,zoned_enforcement,5.7950248045119945,14.752901958350845
1623,Urban community,zoned_enforcement,7.310519384965884,18.22548753683833
1624,Protected land,zoned_enforcement,2.2694191062192965,5.191593372966478
1624,Rural community,zoned_enforcement,2.669279826107597,7.788059497194991
1624,Suburban community,zoned_enforcement,4.495684868276022,13.281485142738752
1624,Urban community,zoned_enforcement,5.409578202668332,16.295636622997044
1625,Protected land,adaptive_curfew,2.7467598932127384,5.823054192090988
1625,Rural community,zoned_enforcement,3.697618386154489,8.821105475488215
1625,Suburban community,zoned_enforcement,6.407732210939162,15.132449085315214
1625,Urban community,zoned_enforcement,6.448437397845355,18.452630270532428
1626,Protected land,adaptive_curfew,2.8723886243762924,5.8671328768286655
1626,Rural community,zoned_enforcement,3.884450070585891,8.879629458281633
1626,Suburban community,zoned_enforcement,6.22493818840122,15.360542026439514
1626,Urban community,zoned_enforcement,7.271170058083568,18.887987085352027
1627,Protected land,zoned_enforcement,2.526950555146192,5.475188242118714
1627,Rural community,zoned_enforcement,3.493479587272329,8.328029413608363
1627,Suburban community,zoned_enforcement,5.931648227529925,14.292012800537062
1627,Urban community,zoned_enforcement,6.410858802499073,17.619729250954542
1628,Protected land,zoned_enforcement,2.4414446797562364,5.392967071670404
1628,Rural community,zoned_enforcement,3.5913966340942123,8.388850755554483
1628,Suburban community,zoned_enforcement,5.839618692719354,14.686369483523226
1628,Urban community,zoned_enforcement,7.040830861447292,18.067363187473834
1629,Protected land,zoned_enforcement,2.8451024833429504,6.101183618592921
1629,Rural community,adaptive_curfew,4.057017264462833,9.367154633775844
1629,Suburban community,zoned_enforcement,6.880629775757495,16.172979239348976
1629,Urban community,zoned_enforcement,7.836430490697143,19.80727969325555
1630,Protected land,zoned_enforcement,2.363774215107964,5.478510317580666
1630,Rural community,zoned_enforcement,3.472015277686987,8.397347042396241
1630,Suburban community,zoned_enforcement,5.68239280170199,14.60152922143005
1630,Urban community,zoned_enforcement,6.805232466907368,17.90382510895632
1631,Protected land,zoned_enforcement,2.4084561216153255,5.697972729788167
1631,Rural community,zoned_enforcement,3.6045088921986155,8.591227382532574
1631,Suburban community,zoned_enforcement,5.923340214635857,14.723373064227523
1631,Urban community,zoned_enforcement,6.306957884877246,18.136074119993744
1632,Protected land,adaptive_curfew,2.7248735639448762,5.8818333346106835
1632,Rural community,zoned_enforcement,3.7952954265034986,8.921933035193977
1632,Suburban community,zoned_enforcement,6.306919257833874,15.395871576999548
1632,Urban community,zoned_enforcement,7.676034556519429,19.013319827095007
1633,Protected land,zoned_enforcement,2.973216850620955,6.149914595726792
1633,Rural community,zoned_enforcement,4.099029225461459,9.325675035986905
1633,Suburban community,adaptive_curfew,6.639408655615764,15.95479958368081
1633,Urban community,zoned_enforcement,8.173810992188029,19.608254440967034
1634,Protected land,zoned_enforcement,2.7616226386431064,5.966427917082159
1634,Rural community,zoned_enforcement,3.6038245643655813,8.890791182454132
1634,Suburban community,zoned_enforcement,5.757500808754967,14.966474082452955
1634,Urban community,zoned_enforcement,7.03876312867539,18.30006894601906
1635,Protected land,zoned_enforcement,3.1316098465130064,6.550480014947619
1635,Rural community,adaptive_curfew,4.426683805101867,9.715543707293648
1635,Suburban community,zoned_enforcement,6.514192174945483,16.37819483426155
1635,Urban community,zoned_enforcement,8.135266754443558,20.04830988249442
1636,Protected land,zoned_enforcement,2.5491374915704967,5.490672665542937
1636,Rural community,zoned_enforcement,3.6845748656234614,8.560732373991296
1636,Suburban community,zoned_enforcement,6.032688397087249,14.916854246737058
1636,Urban community,zoned_enforcement,7.423321956969897,18.284550985797313
1637,Protected land,zoned_enforcement,2.9929407744416285,6.2233800692002905
1637,Rural community,zoned_enforcement,4.11605119449409,9.261927405443295
1637,Suburban community,zoned_enforcement,6.790137948927935,15.648054059464336
1637,Urban community,zoned_enforcement,7.743841612069836,19.228593639594486
1638,Protected land,zoned_enforcement,2.6489069517048875,5.888257454479725
1638,Rural community,zoned_enforcement,3.6711185468760403,8.891774599636873
1638,Suburban community,zoned_enforcement,6.409609443307652,15.195558412232396
1638,Urban community,zoned_enforcement,7.212376778340419,18.6631412182796
1639,Protected land,zoned_enforcement,2.4281920753243775,5.554624270576456
1639,Rural community,zoned_enforcement,3.302509872287298,8.429880395660811
1639,Suburban community,zoned_enforcement,5.264850314170463,14.404458561806784
1639,Urban community,zoned_enforcement,6.058306326519151,17.64032080526268
1640,Protected land,zoned_enforcement,2.348588601493036,5.304473438036108
1640,Rural community,zoned_enforcement,3.0534266459185915,8.17751542960619
1640,Suburban community,zoned_enforcement,5.1604862986803255,14.113029142425058
1640,Urban community,zoned_enforcement,6.442675759789314,17.287341649631223
1641,Protected land,zoned_enforcement,2.3727653598654146,5.495683373058993
1641,Rural community,zoned_enforcement,3.238289103090853,8.32346918403259
1641,Suburban community,zoned_enforcement,5.4946319623346085,14.272382454313023
1641,Urban community,zoned_enforcement,5.995294074017073,17.613363166351228
1642,Protected land,zoned_enforcement,2.373164077291535,5.440953069753414
1642,Rural community,zoned_enforcement,3.3372963555745914,8.226103564841429
1642,Suburban community,zoned_enforcement,5.389088029729271,14.07412941038523
1642,Urban community,zoned_enforcement,5.887651484870982,17.24349790489012
1643,Protected land,zoned_enforcement,2.1298029104401395,4.870778646413032
1643,Rural community,zoned_enforcement,2.9935538866304663,7.722928444169841
1643,Suburban community,zoned_enforcement,5.285897705353529,13.651352695551456
1643,Urban community,zoned_enforcement,5.933971568548218,16.72470143776834
1644,Protected land,adaptive_curfew,2.5003095216340707,5.3841198187333985
1644,Rural community,zoned_enforcement,3.3047388737024272,8.365171672884637
1644,Suburban community,zoned_enforcement,5.672066793275912,14.630875493715479
1644,Urban community,zoned_enforcement,6.769813960768714,17.83534942624566
1645,Protected land,adaptive_curfew,2.7863941596841717,5.827840737261476
1645,Rural community,zoned_enforcement,3.9729138180002757,8.900626701759467
1645,Suburban community,zoned_enforcement,6.60788098634457,15.35764735479943
1645,Urban community,zoned_enforcement,7.079010372091865,18.84970492540468
1646,Protected land,zoned_enforcement,2.906112608878767,6.259998748702084
1646,Rural community,zoned_enforcement,4.489249628200463,9.512727370295892
1646,Suburban community,zoned_enforcement,7.67112419507564,16.370668776441747
1646,Urban community,zoned_enforcement,8.793979321699531,20.148817840468112
1647,Protected land,zoned_enforcement,2.4028193273166654,5.223310000618805
1647,Rural community,zoned_enforcement,3.240930640825691,8.181756758808385
1647,Suburban community,zoned_enforcement,5.455276754261769,14.31806033972523
1647,Urban community,zoned_enforcement,6.543050507075616,17.599066434419125
1648,Protected land,zoned_enforcement,3.052563968691652,6.427809304970671
1648,Rural community,zoned_enforcement,4.242241480588072,9.455117508661315
1648,Suburban community,zoned_enforcement,6.387124609057331,15.877488259049107
1648,Urban community,zoned_enforcement,7.627790357193959,19.4831966841742
1649,Protected land,zoned_enforcement,2.662318331312988,5.895354609933501
1649,Rural community,zoned_enforcement,4.246914349346765,9.140984947243268
1649,Suburban community,zoned_enforcement,6.97924425803455,15.981434097530533
1649,Urban community,zoned_enforcement,8.611327783625716,19.62477655445175
1650,Protected land,adaptive_curfew,2.266374821756825,5.136678386621402
1650,Rural community,zoned_enforcement,3.108643155717684,7.90374338864334
1650,Suburban community,zoned_enforcement,5.071135228462811,13.73019194992191
1650,Urban community,zoned_enforcement,5.97591203877972,16.892877854497996
1651,Protected land,zoned_enforcement,2.0875583915371174,5.06276084628463
1651,Rural community,zoned_enforcement,2.727504673146006,7.715510746242524
1651,Suburban community,zoned_enforcement,4.16668166737934,13.257852404265577
1651,Urban community,zoned_enforcement,5.237007663345285,16.19515625192069
1652,Protected land,adaptive_curfew,2.206742841315064,5.332311959200179
1652,Rural community,zoned_enforcement,2.9576805136934743,8.007490260106085
1652,Suburban community,zoned_enforcement,4.956394284953793,13.729529142229715
1652,Urban community,zoned_enforcement,5.521162094018878,16.90922218432676
1653,Protected land,adaptive_curfew,2.8493303304833235,6.054631396173283
1653,Rural community,zoned_enforcement,3.902754655475004,9.016301537035204
1653,Suburban community,zoned_enforcement,6.754082485457943,15.34750201032942
1653,Urban community,zoned_enforcement,7.442833850828221,18.935314592777544
1654,Protected land,adaptive_curfew,2.776767704845921,5.915179502761874
1654,Rural community,zoned_enforcement,4.221216722462893,9.228151406793105
1654,Suburban community,zoned_enforcement,7.187417160572744,16.06243172551568
1654,Urban community,zoned_enforcement,8.101854415305901,19.75449460275116
1655,Protected land,zoned_enforcement,2.342380372673175,5.032764771352488
1655,Rural community,zoned_enforcement,3.0588627863726456,7.865938353182782
1655,Suburban community,zoned_enforcement,4.735281608456543,13.755884986674543
1655,Urban community,zoned_enforcement,5.752902179298237,16.794263925322536
1656,Protected land,zoned_enforcement,2.1902368957946914,4.971061256337778
1656,Rural community,zoned_enforcement,2.778412271216526,7.673685272283369
1656,Suburban community,zoned_enforcement,4.508668591311158,13.398779861165217
1656,Urban community,zoned_enforcement,5.337892011424488,16.434312527079438
1657,Protected land,adaptive_curfew,2.7565766840226344,5.950299277722135
1657,Rural community,adaptive_curfew,4.033465769993513,9.190411377036927
1657,Suburban community,zoned_enforcement,6.789007127738849,15.911146809533088
1657,Urban community,zoned_enforcement,7.616108962274726,19.34699109660475
1658,Protected land,adaptive_curfew,2.5200742308280186,5.5695885687050675
1658,Rural community,zoned_enforcement,3.6499577437270174,8.7548873797801
1658,Suburban community,zoned_enforcement,6.516581583980374,15.40192484757743
1658,Urban community,zoned_enforcement,7.807213167393757,18.865353050742502
1659,Protected land,zoned_enforcement,2.3049277965026906,5.194762464886751
1659,Rural community,zoned_enforcement,3.1944914058080087,7.923076156936247
1659,Suburban community,zoned_enforcement,4.98472635843312,13.714095324314119
1659,Urban community,zoned_enforcement,5.58129488529908,16.743528883434102
1660,Protected land,zoned_enforcement,2.5191655001424675,5.40723333815679
1660,Rural community,zoned_enforcement,3.4419525471313577,8.480839696595377
1660,Suburban community,zoned_enforcement,5.746368017053808,14.95240080551594
1660,Urban community,zoned_enforcement,6.640732157366839,18.29925771899973
1661,Protected land,zoned_enforcement,2.8095116221301755,6.015822852661523
1661,Rural community,zoned_enforcement,3.753435782458129,9.041908728178342
1661,Suburban community,zoned_enforcement,6.484921716143937,15.38552835899859
1661,Urban community,zoned_enforcement,7.244149373917644,18.763116417927396
1662,Protected land,adaptive_curfew,2.7199289098915918,5.851526835016869
1662,Rural community,zoned_enforcement,4.100272412565711,9.075612667399275
1662,Suburban community,zoned_enforcement,6.704810320691168,15.78778630067037
1662,Urban community,zoned_enforcement,7.623939085449285,19.275864914879183
1663,Protected land,zoned_enforcement,2.597726399879301,5.625178947741037
1663,Rural community,zoned_enforcement,4.0227858081175585,8.83061213854643
1663,Suburban community,zoned_enforcement,6.684585019904064,15.542656605617712
1663,Urban community,zoned_enforcement,7.47670913497525,19.121563054780808
1664,Protected land,zoned_enforcement,2.226063957908548,5.231207243924688
1664,Rural community,zoned_enforcement,2.965381425465842,7.914720362393514
1664,Suburban community,zoned_enforcement,4.4785517777607495,13.566212337700447
1664,Urban community,zoned_enforcement,5.388367682961743,16.64312515070132
1665,Protected land,zoned_enforcement,2.0469814483025246,4.984712247590327
1665,Rural community,zoned_enforcement,2.7447637231148265,7.655444850278995
1665,Suburban community,zoned_enforcement,4.909923270598133,13.24787775645514
1665,Urban community,zoned_enforcement,5.2532775838484085,16.20885878145521
1666,Protected land,adaptive_curfew,2.594645079425562,5.9046842315088774
1666,Rural community,zoned_enforcement,3.8286599236376286,8.884206730318809
1666,Suburban community,zoned_enforcement,5.914385973018067,15.197856291097814
1666,Urban community,zoned_enforcement,6.513515638487188,18.587369556614
1667,Protected land,zoned_enforcement,2.8074535925625748,5.9679893758403635
1667,Rural community,zoned_enforcement,3.7598927718130977,8.819952367181848
1667,Suburban community,zoned_enforcement,6.011512612692197,14.781962865051973
1667,Urban community,zoned_enforcement,7.210532357410051,18.076267779383713
1668,Protected land,adaptive_curfew,2.257838334661753,5.3383411837816
1668,Rural community,zoned_enforcement,3.3700298868652574,8.137734946013586
1668,Suburban community,zoned_enforcement,5.361075451768192,14.109242020418664
1668,Urban community,zoned_enforcement,6.029666913193596,17.34724614314612
1669,Protected land,zoned_enforcement,2.967008365168205,6.07380417462965
1669,Rural community,zoned_enforcement,3.898658137073366,9.189700347849145
1669,Suburban community,zoned_enforcement,6.375546109313689,15.691229540364288
1669,Urban community,zoned_enforcement,7.401243089439525,19.24982587282243
1670,Protected land,zoned_enforcement,2.905088947959732,5.987507200123056
1670,Rural community,adaptive_curfew,3.9843528279036136,9.122689995141622
1670,Suburban community,zoned_enforcement,6.835039253564352,15.756686347470414
1670,Urban community,zoned_enforcement,7.674933352654186,19.363814333173682
1671,Protected land,zoned_enforcement,2.9117839183116154,6.097812703514216
1671,Rural community,zoned_enforcement,4.317721753620857,9.506368786862124
1671,Suburban community,zoned_enforcement,7.295238776759627,16.54804230102653
1671,Urban community,zoned_enforcement,8.718884300048488,20.205808653399835
1672,Protected land,adaptive_curfew,2.8718408027272915,5.997818231287105
1672,Rural community,zoned_enforcement,3.8629945591795654,9.002977334846964
1672,Suburban community,zoned_enforcement,6.519866197351776,15.342934696874652
1672,Urban community,zoned_enforcement,7.7810525866718585,18.885760051544747
1673,Protected land,zoned_enforcement,2.4667067052779834,5.477744364597614
1673,Rural community,zoned_enforcement,3.58510742929551,8.5514110151274
1673,Suburban community,zoned_enforcement,6.146253063898616,14.96327688222896
1673,Urban community,zoned_enforcement,6.568143403897306,18.29654756818673
1674,Protected land,adaptive_curfew,3.0480507504172634,6.360768039702124
1674,Rural community,zoned_enforcement,4.566541346255776,9.668580900674337
1674,Suburban community,zoned_enforcement,7.756896162365232,16.650727443486186
1674,Urban community,zoned_enforcement,8.837470907967182,20.357891935701183
1675,Protected land,adaptive_curfew,2.694455039667016,5.623064964495423
1675,Rural community,zoned_enforcement,3.6142203662720425,8.643196047065016
1675,Suburban community,zoned_enforcement,6.133823317878186,14.91778719276672
1675,Urban community,zoned_enforcement,7.069911559431143,18.192354001132255
1676,Protected land,zoned_enforcement,2.405688251950162,5.555387349159965
1676,Rural community,zoned_enforcement,3.539695291960107,8.425724645275027
1676,Suburban community,zoned_enforcement,5.374049940276377,14.511785101637065
1676,Urban community,zoned_enforcement,6.520352321303138,17.817467469443045
1677,Protected land,zoned_enforcement,2.536750362973184,5.433071516468376
1677,Rural community,zoned_enforcement,3.341539140286291,8.414289905581336
1677,Suburban community,zoned_enforcement,5.440335550378963,14.724564135014864
1677,Urban community,zoned_enforcement,6.902558569639762,18.01056145832017
1678,Protected land,zoned_enforcement,2.784307167112818,5.889864716510605
1678,Rural community,zoned_enforcement,3.7142364804601113,8.815373484575495
1678,Suburban community,zoned_enforcement,6.025720237580131,14.926784582803037
1678,Urban community,zoned_enforcement,6.932127309465873,18.2560139424672
1679,Protected land,zoned_enforcement,2.845144178519402,5.891142695545488
1679,Rural community,adaptive_curfew,3.8695473702173,9.243346894143212
1679,Suburban community,zoned_enforcement,6.722355947778578,16.230943654791574
1679,Urban community,zoned_enforcement,8.918037108452834,19.872904011080067
1680,Protected land,zoned_enforcement,2.0127288125721963,4.964263579888936
1680,Rural community,zoned_enforcement,2.8143051236090706,7.655321524946373
1680,Suburban community,zoned_enforcement,4.558441611479459,13.218977174002006
1680,Urban community,zoned_enforcement,5.380112017320938,16.190113577915135
1681,Protected land,adaptive_curfew,2.760831604479048,6.0131168536978015
1681,Rural community,zoned_enforcement,3.888788097914932,9.044001976047495
1681,Suburban community,zoned_enforcement,6.045473241665432,15.430025008103602
1681,Urban community,zoned_enforcement,7.510645238987225,18.83148904429683
1682,Protected land,adaptive_curfew,2.698307124943815,5.583744585044795
1682,Rural community,zoned_enforcement,3.963689200930209,8.744167718244377
1682,Suburban community,zoned_enforcement,6.306350381506171,15.314187649513828
1682,Urban community,zoned_enforcement,7.83259556419495,18.75009707913839
1683,Protected land,adaptive_curfew,2.8348882915586318,6.224228431454709
1683,Rural community,zoned_enforcement,4.5923370357302264,9.465120621808387
1683,Suburban community,zoned_enforcement,6.996316180851707,16.35717014710229
1683,Urban community,zoned_enforcement,8.24929086294683,20.107680782645897
1684,Protected land,adaptive_curfew,2.4939048649526625,5.730198561521454
1684,Rural community,zoned_enforcement,3.4658211780071113,8.596895665746377
1684,Suburban community,zoned_enforcement,5.700309050590036,14.582998569282198
1684,Urban community,zoned_enforcement,6.442250708179996,17.884397626321945
1685,Protected land,adaptive_curfew,2.376438711055299,5.447064906949088
1685,Rural community,zoned_enforcement,2.9634917680405506,8.062347637745653
1685,Suburban community,zoned_enforcement,4.740141527865752,13.615041512247142
1685,Urban community,zoned_enforcement,5.56172480267357,16.715602648946387
1686,Protected land,zoned_enforcement,2.1628545428621253,5.042703910791087
1686,Rural community,zoned_enforcement,2.7520641619245554,7.651583046599403
1686,Suburban community,zoned_enforcement,4.386956135269644,13.189278363344545
1686,Urban community,zoned_enforcement,4.605874609306754,16.166737887764008
1687,Protected land,adaptive_curfew,3.067119995774024,6.239461355341033
1687,Rural community,adaptive_curfew,4.392108103781632,9.543036428418327
1687,Suburban community,zoned_enforcement,7.51137373778767,16.527167696357544
1687,Urban community,zoned_enforcement,8.445823708394157,20.286854468663307
1688,Protected land,zoned_enforcement,2.5689609663132837,5.67303971354769
1688,Rural community,zoned_enforcement,3.816090786982727,8.589539800579653
1688,Suburban community,zoned_enforcement,5.677124825035765,14.724009961042464
1688,Urban community,zoned_enforcement,6.971992796635041,18.13254789882204
1689,Protected land,adaptive_curfew,2.6420411603265537,5.753574965740544
1689,Rural community,zoned_enforcement,3.7178604697706152,8.850101083473788
1689,Suburban community,zoned_enforcement,6.6844553155019,15.265437318757705
1689,Urban community,zoned_enforcement,7.105260520107629,18.567522334491393
1690,Protected land,zoned_enforcement,2.683181830785696,5.698690998129728
1690,Rural community,zoned_enforcement,3.813568966177214,8.795959408610887
1690,Suburban community,zoned_enforcement,6.182875752432988,15.176626845067481
1690,Urban community,zoned_enforcement,7.170035105391035,18.538702548760728
1691,Protected land,adaptive_curfew,3.023586299493575,6.198868359341119
1691,Rural community,zoned_enforcement,4.192324162066378,9.347001167751328
1691,Suburban community,zoned_enforcement,6.933991787508882,16.052718685941215
1691,Urban community,zoned_enforcement,7.604652542782439,19.601977930002576
1692,Protected land,zoned_enforcement,3.04331832099426,6.110332145719998
1692,Rural community,zoned_enforcement,4.305068130137595,9.454389004228815
1692,Suburban community,zoned_enforcement,7.041136240204821,16.427313429293925
1692,Urban community,zoned_enforcement,8.707229113620308,20.170084515587224
1693,Protected land,adaptive_curfew,2.953600002700952,6.065752460158841
1693,Rural community,zoned_enforcement,4.082121196342867,9.139214631489557
1693,Suburban community,zoned_enforcement,6.332067622991634,15.637316055361492
1693,Urban community,zoned_enforcement,7.904031293877093,19.14025734673654
1694,Protected land,adaptive_curfew,2.6024498371473332,5.681881122127782
1694,Rural community,zoned_enforcement,3.405990014043284,8.495516809213441
1694,Suburban community,zoned_enforcement,5.2783022406776485,14.472428376878874
1694,Urban community,zoned_enforcement,6.17738840111501,17.673702840841912
1695,Protected land,zoned_enforcement,2.107567138490512,5.137544606104351
1695,Rural community,zoned_enforcement,3.0806271068865936,7.987968851302137
1695,Suburban community,zoned_enforcement,5.242553389791505,13.91304154000167
1695,Urban community,zoned_enforcement,6.093281470923255,17.089281721533972
1696,Protected land,zoned_enforcement,2.0890626335416957,4.987602873887058
1696,Rural community,zoned_enforcement,2.7826989216990414,7.710342599719494
1696,Suburban community,zoned_enforcement,4.7400125983800585,13.409465221741126
1696,Urban community,zoned_enforcement,5.7082011778951465,16.52455583708719
1697,Protected land,adaptive_curfew,2.2032260639975063,5.258960419746147
1697,Rural community,zoned_enforcement,2.958870844327163,7.83989044291641
1697,Suburban community,zoned_enforcement,4.979598103291504,13.398725747338267
1697,Urban community,zoned_enforcement,5.318722494772208,16.555739914211383
1698,Protected land,adaptive_curfew,2.7534579180994845,5.9137716886390645
1698,Rural community,zoned_enforcement,4.054610354254659,9.32016158922236
1698,Suburban community,zoned_enforcement,7.72537099767966,16.36914341275784
1698,Urban community,zoned_enforcement,8.150085154033496,20.021035084405923
1699,Protected land,zoned_enforcement,2.1527760425470825,4.829656163801647
1699,Rural community,zoned_enforcement,2.826474081567171,7.505664892203671
1699,Suburban community,zoned_enforcement,4.747704647336157,13.097023114966941
1699,Urban community,zoned_enforcement,4.992339627504316,16.15118288564367
1700,Protected land,zoned_enforcement,2.603409857783213,5.806893883329617
1700,Rural community,zoned_enforcement,3.6726383242175302,8.84223474511704
1700,Suburban community,zoned_enforcement,5.637327517376656,15.123957722650195
1700,Urban community,zoned_enforcement,7.514062418310894,18.47892183788923
1701,Protected land,adaptive_curfew,3.0822426911755683,6.309439439578819
1701,Rural community,adaptive_curfew,4.186899659382314,9.522257554955743
1701,Suburban community,zoned_enforcement,6.820005120254871,16.28479603452419
1701,Urban community,zoned_enforcement,8.339119324543018,19.93944484314574
1702,Protected land,zoned_enforcement,2.203078795832934,5.185958509925748
1702,Rural community,zoned_enforcement,3.0155979573425817,7.904789213880314
1702,Suburban community,zoned_enforcement,4.800598803476992,13.64239187435171
1702,Urban community,zoned_enforcement,5.425537363555675,16.722037455295126
1703,Protected land,zoned_enforcement,2.300219349101297,5.394453772967143
1703,Rural community,zoned_enforcement,3.176133577522326,7.99071297720794
1703,Suburban community,zoned_enforcement,4.741568050068814,13.493857394706332
1703,Urban community,zoned_enforcement,5.032249657613907,16.477269935614768
1704,Protected land,adaptive_curfew,2.9014398151810825,6.220031436953203
1704,Rural community,zoned_enforcement,4.358271956788905,9.483723242539572
1704,Suburban community,zoned_enforcement,7.260063995657145,16.372765752293443
1704,Urban community,zoned_enforcement,8.550344413995342,20.15999973497489
1705,Protected land,zoned_enforcement,2.2781769781760968,5.1521286298432845
1705,Rural community,zoned_enforcement,2.7858092546869795,7.783373353514642
1705,Suburban community,zoned_enforcement,4.393506581399466,13.416707637889669
1705,Urban community,zoned_enforcement,5.392754217972653,16.497037240822337
1706,Protected land,zoned_enforcement,2.63088146365327,5.706486804519403
1706,Rural community,zoned_enforcement,3.8669731192637107,8.849642906868297
1706,Suburban community,zoned_enforcement,6.6618656439823845,15.514139104966581
1706,Urban community,zoned_enforcement,7.511366897454817,18.998953376568146
1707,Protected land,zoned_enforcement,2.7225423906387327,5.826481539097868
1707,Rural community,zoned_enforcement,3.5682746861480217,8.730837734909867
1707,Suburban community,zoned_enforcement,6.1955613934403715,14.936193115113506
1707,Urban community,zoned_enforcement,7.411083960266048,18.4179453703916
1708,Protected land,zoned_enforcement,2.3773334658334546,5.215492813571028
1708,Rural community,zoned_enforcement,3.288460722922971,8.082609472419374
1708,Suburban community,zoned_enforcement,5.583571828201416,14.120350783978555
1708,Urban community,zoned_enforcement,6.580498710818631,17.376007400130472
1709,Protected land,zoned_enforcement,2.4192732880796473,5.586069810564265
1709,Rural community,zoned_enforcement,3.8332661000159423,8.865554804162725
1709,Suburban community,zoned_enforcement,6.428387178786947,15.73465483905544
1709,Urban community,zoned_enforcement,7.577537470458152,19.326467242599048
1710,Protected land,zoned_enforcement,2.233141207170086,5.20792795029627
1710,Rural community,zoned_enforcement,2.9152337002428093,7.914233115225952
1710,Suburban community,zoned_enforcement,4.870793024528865,13.645774525076623
1710,Urban community,zoned_enforcement,5.477441179787178,16.78198160422866
1711,Protected land,zoned_enforcement,2.6623089038253025,5.711792467018354
1711,Rural community,zoned_enforcement,3.927579679057466,8.786088970499696
1711,Suburban community,adaptive_curfew,5.851252483132022,15.308151998022284
1711,Urban community,zoned_enforcement,7.355794210015555,18.752417013202383
1712,Protected land,zoned_enforcement,2.533262859682196,5.499687877672333
1712,Rural community,zoned_enforcement,3.5349226515315104,8.304525620181954
1712,Suburban community,zoned_enforcement,5.360971791563747,14.191137828231057
1712,Urban community,zoned_enforcement,6.733747071523576,17.429457398498645
1713,Protected land,adaptive_curfew,3.0545443597904027,6.358272084850375
1713,Rural community,zoned_enforcement,4.623210681262909,9.578141343692865
1713,Suburban community,zoned_enforcement,6.829181792142979,16.31625515460695
1713,Urban community,zoned_enforcement,8.880919315863352,20.103081809000834
1714,Protected land,adaptive_curfew,2.3618480131623922,5.310193789467085
1714,Rural community,zoned_enforcement,3.1276280052197825,8.152652091670475
1714,Suburban community,zoned_enforcement,5.326643565597381,14.195543580872503
1714,Urban community,zoned_enforcement,5.83769963102012,17.470042667423563
1715,Protected land,zoned_enforcement,2.1673174187706015,4.993333442094572
1715,Rural community,zoned_enforcement,3.1904353153794407,7.903396008767929
1715,Suburban community,zoned_enforcement,5.5332382494793695,14.046250304099168
1715,Urban community,zoned_enforcement,6.021552003854428,17.281841256652875
1716,Protected land,adaptive_curfew,2.0756334024027754,5.173384062413463
1716,Rural community,zoned_enforcement,2.8012675032052385,7.798659983364971
1716,Suburban community,zoned_enforcement,4.228077793447417,13.285011269953003
1716,Urban community,zoned_enforcement,5.143443630650417,16.3322158834742
1717,Protected land,zoned_enforcement,2.3376199612229156,5.2592059447575945
1717,Rural community,zoned_enforcement,3.33841738986127,8.107826531126317
1717,Suburban community,zoned_enforcement,5.41312413906598,14.049448025280316
1717,Urban community,zoned_enforcement,5.832630994628445,17.12118155594527
1718,Protected land,zoned_enforcement,2.32172921175478,5.111765924725882
1718,Rural community,zoned_enforcement,2.919869837035126,7.785936299051867
1718,Suburban community,zoned_enforcement,4.704355553232363,13.484131316056997
1718,Urban community,zoned_enforcement,5.2704138925517015,16.62374162020039
1719,Protected land,zoned_enforcement,2.451252378176375,5.502390073797981
1719,Rural community,zoned_enforcement,3.7548674814255847,8.683894970107776
1719,Suburban community,zoned_enforcement,6.698887097090465,15.318350546405151
1719,Urban community,zoned_enforcement,7.318461364168098,18.714799735868613
1720,Protected land,adaptive_curfew,2.7077995323341226,5.840451769923533
1720,Rural community,zoned_enforcement,3.775457925680553,8.905923748856674
1720,Suburban community,zoned_enforcement,6.400107745519367,15.393069092434445
1720,Urban community,zoned_enforcement,7.43084547618248,18.983758403745775
1721,Protected land,zoned_enforcement,2.964732409194043,6.318462268492367
1721,Rural community,zoned_enforcement,4.086832353565332,9.613134323500127
1721,Suburban community,zoned_enforcement,7.181007467859677,16.487391435987163
1721,Urban community,zoned_enforcement,8.896799389703789,20.05377273142199
1722,Protected land,adaptive_curfew,2.815387295124686,6.0224723963133355
1722,Rural community,zoned_enforcement,4.040217923189887,9.085361206606514
1722,Suburban community,zoned_enforcement,6.478502296414959,15.503052147038176
1722,Urban community,zoned_enforcement,7.811458046912426,19.028096418200104
1723,Protected land,zoned_enforcement,2.483831433283684,5.458605078525502
1723,Rural community,zoned_enforcement,3.524549334130092,8.397807795476997
1723,Suburban community,zoned_enforcement,5.5140496587955905,14.583217608577462
1723,Urban community,zoned_enforcement,6.26442003462758,17.888308966325685
1724,Protected land,zoned_enforcement,2.36930896925823,5.335032875009742
1724,Rural community,zoned_enforcement,2.9603604337400347,8.05670269480952
1724,Suburban community,zoned_enforcement,5.1094224770176275,13.82291860682631
1724,Urban community,zoned_enforcement,6.039098432419383,17.021868113418485
1725,Protected land,zoned_enforcement,2.16320430589892,5.0797515668301205
1725,Rural community,zoned_enforcement,2.9105936891412307,7.742632366341924
1725,Suburban community,zoned_enforcement,4.6607821764499135,13.337844930315285
1725,Urban community,zoned_enforcement,5.649564736724132,16.416312648696458
1726,Protected land,adaptive_curfew,2.9028196672216193,6.0050994590626345
1726,Rural community,zoned_enforcement,3.579317536105223,9.057996101730037
1726,Suburban community,zoned_enforcement,6.646410769950091,15.512102516857363
1726,Urban community,zoned_enforcement,7.407193509691025,18.940626270817493
1727,Protected land,adaptive_curfew,2.9114587631154265,6.083782012101528
1727,Rural community,adaptive_curfew,4.24028763990499,9.300546505550376
1727,Suburban community,zoned_enforcement,6.701421807854997,16.053426512590985
1727,Urban community,zoned_enforcement,8.222859479448339,19.62361156766399
1728,Protected land,zoned_enforcement,2.810331894125597,5.817408856356407
1728,Rural community,zoned_enforcement,3.8054487001703077,9.097567404713145
1728,Suburban community,zoned_enforcement,6.867691839412334,15.935325751569954
1728,Urban community,zoned_enforcement,7.893746487908864,19.572731526886017
1729,Protected land,zoned_enforcement,2.4243960825384416,5.324056716562903
1729,Rural community,zoned_enforcement,3.2397443038241276,8.169035066863652
1729,Suburban community,zoned_enforcement,5.3785228874866515,14.07329079843852
1729,Urban community,zoned_enforcement,6.221025685567323,17.235305847515946
1730,Protected land,zoned_enforcement,2.0568924950403376,4.8100585506572155
1730,Rural community,zoned_enforcement,2.8458056205622384,7.532863277062784
1730,Suburban community,zoned_enforcement,4.640441034551964,13.24561081416529
1730,Urban community,zoned_enforcement,5.417662973868492,16.13978000828452
1731,Protected land,zoned_enforcement,2.470624053596567,5.764900239284564
1731,Rural community,zoned_enforcement,3.41214082188006,8.530375906228036
1731,Suburban community,zoned_enforcement,5.813764758579561,14.32208728826987
1731,Urban community,zoned_enforcement,6.378738673951041,17.498769966839507
1732,Protected land,adaptive_curfew,2.3420561788648535,5.23609639093902
1732,Rural community,zoned_enforcement,3.440180347622781,8.28330087129948
1732,Suburban community,zoned_enforcement,5.81685648253657,14.663409766868336
1732,Urban community,zoned_enforcement,6.814618991134617,17.93137588670725
1733,Protected land,zoned_enforcement,2.645298280616832,5.738412039509604
1733,Rural community,zoned_enforcement,3.697569664326676,8.683620812760003
1733,Suburban community,zoned_enforcement,5.92072793515352,14.922870004218764
1733,Urban community,zoned_enforcement,7.249335852545483,18.350366414987313
1734,Protected land,zoned_enforcement,2.3278484770366914,5.204346661495796
1734,Rural community,zoned_enforcement,2.901037525243215,7.834558835322662
1734,Suburban community,zoned_enforcement,4.7524516638225585,13.388639368543046
1734,Urban community,zoned_enforcement,5.15360038791864,16.380035349465448
1735,Protected land,zoned_enforcement,2.268091884458665,5.075742347236196
1735,Rural community,zoned_enforcement,3.234912821442882,7.921500665018195
1735,Suburban community,zoned_enforcement,5.297548051616966,13.877566431341046
1735,Urban community,zoned_enforcement,5.644260970661444,16.93116315026704
1736,Protected land,zoned_enforcement,2.6134332806282368,5.5105575372498965
1736,Rural community,zoned_enforcement,3.7018848992209383,8.723633974252635
1736,Suburban community,zoned_enforcement,6.235869764253346,15.48849386709592
1736,Urban community,zoned_enforcement,7.741367291906467,18.976681452008716
1737,Protected land,zoned_enforcement,2.8353082528846825,6.233342465162048
1737,Rural community,zoned_enforcement,4.223632593672833,9.39683114633322
1737,Suburban community,zoned_enforcement,6.837496956830641,16.136595688765592
1737,Urban community,zoned_enforcement,7.825224930119017,19.83226596762916
1738,Protected land,zoned_enforcement,2.5107434962546527,5.615357548848589
1738,Rural community,zoned_enforcement,3.3577810227832705,8.528279392881883
1738,Suburban community,zoned_enforcement,5.8872358558085605,14.724464290828088
1738,Urban community,zoned_enforcement,6.896841171719879,18.174611059390095
1739,Protected land,adaptive_curfew,2.887205493676891,6.120969769838252
1739,Rural community,zoned_enforcement,3.895779629132715,9.189216515847761
1739,Suburban community,zoned_enforcement,6.3945618611798505,15.6639453148685
1739,Urban community,zoned_enforcement,7.447371774271673,19.123290990222344
1740,Protected land,adaptive_curfew,2.868089712902639,5.879209860309264
1740,Rural community,zoned_enforcement,4.203436324403227,9.2042084129962
1740,Suburban community,zoned_enforcement,6.8242206152604385,16.108456615144608
1740,Urban community,zoned_enforcement,8.040507473537884,19.67276794183313
1741,Protected land,zoned_enforcement,2.6870903974107723,5.733650455600489
1741,Rural community,zoned_enforcement,3.9695876328344415,9.058022523066274
1741,Suburban community,zoned_enforcement,6.707927304439481,15.934656562362582
1741,Urban community,zoned_enforcement,7.641093759424024,19.493050543814135
1742,Protected land,zoned_enforcement,2.9202037906233347,6.190423238193487
1742,Rural community,zoned_enforcement,4.178482841851437,9.285488718685114
1742,Suburban community,adaptive_curfew,6.639180899535278,15.796360050823644
1742,Urban community,zoned_enforcement,7.698668304179709,19.35186664333678
1743,Protected land,zoned_enforcement,2.60086094772053,5.704379090526401
1743,Rural community,adaptive_curfew,3.923445162407578,8.972190193085636
1743,Suburban community,zoned_enforcement,6.712301324487035,15.783977538634398
1743,Urban community,zoned_enforcement,7.930006017407903,19.252366834047983
1744,Protected land,zoned_enforcement,2.9033355199105757,6.085874170596305
1744,Rural community,zoned_enforcement,4.168432036232634,9.339195946714048
1744,Suburban community,zoned_enforcement,7.004302131331707,16.163215716667235
1744,Urban community,zoned_enforcement,7.6900858163418295,19.69690524401934
1745,Protected land,zoned_enforcement,2.4977730002463345,5.5744869265242665
1745,Rural community,zoned_enforcement,3.103656024605953,8.378157729207572
1745,Suburban community,zoned_enforcement,4.894322107565923,14.351537052750476
1745,Urban community,zoned_enforcement,6.242448067036779,17.586564134775767
1746,Protected land,zoned_enforcement,2.4530513650346473,5.579679265762493
1746,Rural community,zoned_enforcement,3.315067380156112,8.363962384353918
1746,Suburban community,zoned_enforcement,5.301317247535803,14.192805826105015
1746,Urban community,zoned_enforcement,6.1721128915656465,17.35980785642771
1747,Protected land,zoned_enforcement,2.7254607099431896,5.696930500441844
1747,Rural community,zoned_enforcement,3.855036466205484,8.8311698172229
1747,Suburban community,zoned_enforcement,6.488722339071812,15.46097852624083
1747,Urban community,zoned_enforcement,7.724241634866045,18.97867317661925
1748,Protected land,zoned_enforcement,2.685439729072863,5.650921553564362
1748,Rural community,zoned_enforcement,3.6515199013382134,8.779041943481317
1748,Suburban community,zoned_enforcement,6.52754572650516,15.355348743519123
1748,Urban community,zoned_enforcement,7.554639546373572,18.80803983289719
1749,Protected land,adaptive_curfew,2.7680482801332276,6.052545098885027
1749,Rural community,zoned_enforcement,3.906710071837468,9.156511118329467
1749,Suburban community,zoned_enforcement,7.2111177830742434,15.689496799954938
1749,Urban community,zoned_enforcement,7.776077357450312,19.26041540341955
1750,Protected land,adaptive_curfew,2.6179619763643003,5.8299827360228385
1750,Rural community,zoned_enforcement,3.7235382642973027,8.862340675233149
1750,Suburban community,zoned_enforcement,6.381913114818932,15.215144942442299
1750,Urban community,zoned_enforcement,7.130670980144441,18.62295176119013
1751,Protected land,zoned_enforcement,2.0112830182544106,5.055960152320567
1751,Rural community,zoned_enforcement,2.6866466819057724,7.727228692506497
1751,Suburban community,zoned_enforcement,4.830001452371061,13.313048983849402
1751,Urban community,zoned_enforcement,4.920854680557042,16.26355976755623
1752,Protected land,adaptive_curfew,2.8365184639208936,6.0781678693010965
1752,Rural community,zoned_enforcement,4.106174212217751,9.28147046536843
1752,Suburban community,zoned_enforcement,6.607063510039966,15.938325449263516
1752,Urban community,zoned_enforcement,8.479294467256835,19.46716300378445
1753,Protected land,zoned_enforcement,2.566909743174098,5.751491860696331
1753,Rural community,zoned_enforcement,3.4635293077250315,8.778032535886057
1753,Suburban community,zoned_enforcement,6.313777634624785,15.105031551316017
1753,Urban community,zoned_enforcement,7.4368684565919185,18.567163494174114
1754,Protected land,zoned_enforcement,2.3730507169407713,5.267713164558596
1754,Rural community,zoned_enforcement,3.1417752638307386,8.150293595173089
1754,Suburban community,zoned_enforcement,5.3164042485691265,14.143424291585777
1754,Urban community,zoned_enforcement,6.023926554420246,17.30182832293264
1755,Protected land,adaptive_curfew,2.941682427686092,6.227832021140788
1755,Rural community,zoned_enforcement,4.224834081597184,9.316996643917792
1755,Suburban community,zoned_enforcement,6.829313536544557,15.846744372620295
1755,Urban community,adaptive_curfew,7.60077508844031,19.423118802113525
1756,Protected land,zoned_enforcement,2.608504810173256,5.624612011682788
1756,Rural community,zoned_enforcement,3.1322196790959334,8.504380030433632
1756,Suburban community,zoned_enforcement,5.763482016005268,14.616341544465254
1756,Urban community,zoned_enforcement,6.571835861296705,17.80978013069442
1757,Protected land,zoned_enforcement,2.815925030336932,6.091408912943947
1757,Rural community,zoned_enforcement,4.243080879344069,9.298158105770291
1757,Suburban community,zoned_enforcement,6.951385977867826,16.022135770847978
1757,Urban community,zoned_enforcement,8.52438350444576,19.66484878897033
1758,Protected land,zoned_enforcement,2.9017672241209427,6.302290791524552
1758,Rural community,zoned_enforcement,4.266947557648233,9.55188545697857
1758,Suburban community,zoned_enforcement,7.7222456860153255,16.42972880380412
1758,Urban community,zoned_enforcement,8.507130480477349,20.224468029684424
1759,Protected land,zoned_enforcement,2.4732232556617886,5.602674364890589
1759,Rural community,zoned_enforcement,3.1038121270330423,8.322618472206438
1759,Suburban community,zoned_enforcement,5.402244966960495,14.143141778526344
1759,Urban community,zoned_enforcement,6.299000890689751,17.44682161020681
1760,Protected land,zoned_enforcement,3.079300253534939,6.518026823560984
1760,Rural community,adaptive_curfew,4.519616371492968,9.756325706317446
1760,Suburban community,zoned_enforcement,7.1538753262754735,16.56550210833265
1760,Urban community,zoned_enforcement,8.391991172688062,20.3620119095242
1761,Protected land,zoned_enforcement,2.031900103202043,4.910838252544516
1761,Rural community,zoned_enforcement,2.83725116356747,7.638487984565262
1761,Suburban community,zoned_enforcement,4.517950281286717,13.29216126405054
1761,Urban community,zoned_enforcement,5.522991136039783,16.23028425987118
1762,Protected land,adaptive_curfew,2.4964424856016088,5.551720447838933
1762,Rural community,zoned_enforcement,3.197110677046709,8.43329141885759
1762,Suburban community,zoned_enforcement,5.824195511049158,14.542531880253678
1762,Urban community,zoned_enforcement,6.575778853251727,17.767007752261403
1763,Protected land,adaptive_curfew,3.1743651210447035,6.292066759777892
1763,Rural community,adaptive_curfew,4.230206495359809,9.47209400874943
1763,Suburban community,zoned_enforcement,7.123404427061919,16.263547240371786
1763,Urban community,zoned_enforcement,8.007598130610509,19.893618882436208
1764,Protected land,adaptive_curfew,2.62136285879458,5.66952847791002
1764,Rural community,zoned_enforcement,3.4457183365841875,8.504440733969513
1764,Suburban community,zoned_enforcement,5.8093212826672005,14.503568542950884
1764,Urban community,zoned_enforcement,6.279681715093831,17.785609176357685
1765,Protected land,zoned_enforcement,2.1540906535746585,5.224608683333902
1765,Rural community,zoned_enforcement,2.9002257325035536,7.8330298499427204
1765,Suburban community,zoned_enforcement,4.725956011488673,13.396618765117227
1765,Urban community,zoned_enforcement,5.136689272113763,16.489385544031343
1766,Protected land,zoned_enforcement,2.4221109293431873,5.504030384324498
1766,Rural community,zoned_enforcement,3.260090652010364,8.40496031253333
1766,Suburban community,zoned_enforcement,5.36950046672982,14.543349555746623
1766,Urban community,zoned_enforcement,6.603034001565879,17.73872059139978
1767,Protected land,zoned_enforcement,2.207005899429796,5.4003856584130485
1767,Rural community,zoned_enforcement,3.0225765012265438,8.1253860519138
1767,Suburban community,zoned_enforcement,5.154000536364942,13.867606855330775
1767,Urban community,zoned_enforcement,5.715251208017921,17.063688245369672
1768,Protected land,zoned_enforcement,2.452449821669538,5.560459306963093
1768,Rural community,zoned_enforcement,3.713651253730877,8.455476932891157
1768,Suburban community,zoned_enforcement,5.699931941386993,14.58159722096157
1768,Urban community,zoned_enforcement,7.292113521863991,17.949150239761998
1769,Protected land,adaptive_curfew,2.4370692352302847,5.492683507654504
1769,Rural community,zoned_enforcement,3.757394730927577,8.658991957307355
1769,Suburban community,zoned_enforcement,6.2904800433985795,15.377764742437622
1769,Urban community,zoned_enforcement,7.189804258001315,18.869996390602033
1770,Protected land,zoned_enforcement,2.3426084192057024,5.265103662017677
1770,Rural community,zoned_enforcement,3.387766721421567,8.196996291689915
1770,Suburban community,zoned_enforcement,5.534479375531609,14.268794691377792
1770,Urban community,zoned_enforcement,6.033114261095481,17.438083688144772
1771,Protected land,adaptive_curfew,2.5428455726481403,5.566193635440491
1771,Rural community,zoned_enforcement,3.3859770582923936,8.465675442527836
1771,Suburban community,zoned_enforcement,5.706169179683371,14.541232333046286
1771,Urban community,zoned_enforcement,6.824571381001302,17.797208129658898
1772,Protected land,zoned_enforcement,2.3158192325168128,5.299695569807713
1772,Rural community,zoned_enforcement,2.8076254562105136,7.935883034893221
1772,Suburban community,zoned_enforcement,4.54732105586748,13.549903594866198
1772,Urban community,zoned_enforcement,5.129041146230948,16.54696181883298
1773,Protected land,adaptive_curfew,2.44217109531594,5.4098989474081876
1773,Rural community,zoned_enforcement,3.506145662553058,8.401904610148614
1773,Suburban community,zoned_enforcement,6.042166212510409,14.721003401300258
1773,Urban community,zoned_enforcement,6.739471911309119,18.079118166591087
1774,Protected land,adaptive_curfew,3.233959226505874,6.246104002370025
1774,Rural community,adaptive_curfew,4.391424010509356,9.535366347471486
1774,Suburban community,zoned_enforcement,7.42321693088995,16.570079895126785
1774,Urban community,zoned_enforcement,8.961513342285263,20.442240052220242
1775,Protected land,zoned_enforcement,2.181474381604852,4.962384540215806
1775,Rural community,zoned_enforcement,2.9182730331508235,7.726139739095374
1775,Suburban community,zoned_enforcement,5.127608800088273,13.466755319515029
1775,Urban community,zoned_enforcement,5.584164236572706,16.536885699960145
1776,Protected land,adaptive_curfew,2.3687027772228957,5.6785326394400455
1776,Rural community,zoned_enforcement,3.3937801287589844,8.521300628288644
1776,Suburban community,zoned_enforcement,5.816757511555387,14.533436195473785
1776,Urban community,zoned_enforcement,7.090360068151835,17.74649489626259
1777,Protected land,adaptive_curfew,3.057892606658187,6.021595495808267
1777,Rural community,zoned_enforcement,4.1097433087205415,9.208131302403581
1777,Suburban community,adaptive_curfew,6.592931036800421,15.941207859368175
1777,Urban community,zoned_enforcement,8.139714850422154,19.413179490880676
1778,Protected land,zoned_enforcement,2.184829077852925,5.140003732291265
1778,Rural community,zoned_enforcement,2.8450731414899275,7.801763661803138
1778,Suburban community,zoned_enforcement,4.942216236546935,13.314321281939714
1778,Urban community,zoned_enforcement,5.305587311835932,16.32602383940164
1779,Protected land,zoned_enforcement,2.3478274714755396,5.179573529444153
1779,Rural community,zoned_enforcement,3.3805882459538834,8.122660687585368
1779,Suburban community,zoned_enforcement,5.028735728547,14.24929925153603
1779,Urban community,zoned_enforcement,6.69490249073907,17.46469875075331
1780,Protected land,zoned_enforcement,2.549360395973714,5.6739392014160295
1780,Rural community,zoned_enforcement,3.668433092898411,8.594737505563796
1780,Suburban community,zoned_enforcement,5.618514822255399,14.74348547592169
1780,Urban community,zoned_enforcement,6.786341590809304,18.127703632414235
1781,Protected land,zoned_enforcement,2.234649175761274,5.160491322612347
1781,Rural community,zoned_enforcement,2.8713804776843546,7.745910622667196
1781,Suburban community,zoned_enforcement,4.507073653390094,13.190868244146772
1781,Urban community,zoned_enforcement,5.214946730286586,16.19286198008269
1782,Protected land,adaptive_curfew,2.508937367525999,5.6918751899689575
1782,Rural community,zoned_enforcement,3.941795640932461,8.803649197345033
1782,Suburban community,zoned_enforcement,6.2215724787211855,15.290649110406369
1782,Urban community,zoned_enforcement,7.519195965317284,18.74823532143307
1783,Protected land,adaptive_curfew,2.987566516179438,6.177968798435889
1783,Rural community,zoned_enforcement,4.073532270908459,9.341553375618938
1783,Suburban community,zoned_enforcement,6.66691443021085,16.010739635456527
1783,Urban community,zoned_enforcement,7.83708812429051,19.55756300673851
1784,Protected land,adaptive_curfew,3.1121795781842163,6.355814138106846
1784,Rural community,adaptive_curfew,4.349187844159171,9.605394386027616
1784,Suburban community,zoned_enforcement,7.28305648828422,16.52906357051448
1784,Urban community,zoned_enforcement,8.633580456592622,20.22923479907788
1785,Protected land,zoned_enforcement,2.6084242030407916,5.764729988559765
1785,Rural community,zoned_enforcement,3.3268465624160557,8.72030844903
1785,Suburban community,zoned_enforcement,5.686193564856056,14.903597967902924
1785,Urban community,zoned_enforcement,7.276892569197161,18.236832132232397
1786,Protected land,zoned_enforcement,2.680690837577494,5.6086788223935935
1786,Rural community,zoned_enforcement,3.757213410103409,8.829888413104854
1786,Suburban community,zoned_enforcement,6.491242690542268,15.52464628457014
1786,Urban community,zoned_enforcement,7.5985575626041335,19.097023291652434
1787,Protected land,zoned_enforcement,2.369995607163321,5.265382333116162
1787,Rural community,zoned_enforcement,2.6484801895167873,7.846141163779162
1787,Suburban community,zoned_enforcement,4.646811605114586,13.248303661081328
1787,Urban community,zoned_enforcement,4.921161852670705,16.2453877411615
1788,Protected land,zoned_enforcement,2.1913756458674523,4.888303585507119
1788,Rural community,zoned_enforcement,2.9709849366528136,7.631312534117732
1788,Suburban community,zoned_enforcement,4.572488472327578,13.433218811675774
1788,Urban community,zoned_enforcement,5.417968141190773,16.577567257935392
1789,Protected land,zoned_enforcement,2.4809213892432425,5.610191087816667
1789,Rural community,zoned_enforcement,3.485500296466581,8.455986662700706
1789,Suburban community,zoned_enforcement,5.902008247866194,14.530360707015467
1789,Urban community,zoned_enforcement,6.4892630472715975,17.935107172628413
1790,Protected land,zoned_enforcement,2.11698023109165,4.834864542468812
1790,Rural community,zoned_enforcement,2.9963374300307883,7.581921732358525
1790,Suburban community,zoned_enforcement,4.753602115435836,13.307465279542368
1790,Urban community,zoned_enforcement,5.28867201031397,16.28368725642124
1791,Protected land,adaptive_curfew,2.90118060177196,5.987072509830092
1791,Rural community,zoned_enforcement,4.304296913651997,9.318409484031775
1791,Suburban community,zoned_enforcement,6.722877596650452,16.36558600997964
1791,Urban community,zoned_enforcement,9.11592262520811,20.10226394451278
1792,Protected land,adaptive_curfew,2.9053722407160287,6.0802810276773025
1792,Rural community,zoned_enforcement,4.401791161808037,9.381456096842888
1792,Suburban community,zoned_enforcement,7.0898971940613436,16.196052651579553
1792,Urban community,zoned_enforcement,8.711912185334109,19.88095618103987
1793,Protected land,zoned_enforcement,2.743137328432277,5.845270991171502
1793,Rural community,zoned_enforcement,3.942243566858685,9.00027631477958
1793,Suburban community,zoned_enforcement,6.539349014591309,15.60552463680234
1793,Urban community,zoned_enforcement,7.9623161512582445,19.087708139310433
1794,Protected land,adaptive_curfew,2.9087429933172975,5.928098198695474
1794,Rural community,zoned_enforcement,3.573786175729335,8.919541483780472
1794,Suburban community,zoned_enforcement,6.211465880033389,15.213191698878772
1794,Urban community,zoned_enforcement,7.48724419205214,18.60067580247662
1795,Protected land,adaptive_curfew,2.6361475526495552,5.8168001405422
1795,Rural community,zoned_enforcement,4.085622266568902,8.968725480569052
1795,Suburban community,zoned_enforcement,6.6488615514372675,15.457625546439818
1795,Urban community,zoned_enforcement,7.619943374773161,18.92987176874941
1796,Protected land,zoned_enforcement,2.6673227244963327,5.7830032314302695
1796,Rural community,zoned_enforcement,3.7549637130721445,8.807221456572522
1796,Suburban community,zoned_enforcement,6.312568783526716,15.158350948101173
1796,Urban community,zoned_enforcement,7.6262893592323735,18.651331313179092
1797,Protected land,zoned_enforcement,2.6260694353944793,5.787261627918347
1797,Rural community,zoned_enforcement,3.9234384715748467,8.904761160899643
1797,Suburban community,zoned_enforcement,6.303415358262665,15.552301790506498
1797,Urban community,zoned_enforcement,7.689444700275089,19.08986433070969
1798,Protected land,zoned_enforcement,1.9953627306717836,4.904647172763694
1798,Rural community,zoned_enforcement,2.8790231964638933,7.608646046632966
1798,Suburban community,zoned_enforcement,4.592764437265108,13.32651541894232
1798,Urban community,zoned_enforcement,5.318784822564517,16.499259741620055
1799,Protected land,adaptive_curfew,2.463255616565614,5.6452585956356485
1799,Rural community,zoned_enforcement,3.4711189491550734,8.57007056933621
1799,Suburban community,zoned_enforcement,6.132205942040944,14.73574094819608
1799,Urban community,zoned_enforcement,6.44654826216737,18.031742018474255
1800,Protected land,adaptive_curfew,2.8043004909289717,6.033294457494939
1800,Rural community,zoned_enforcement,3.7728641297202143,9.024293403150532
1800,Suburban community,zoned_enforcement,6.33892744632189,15.27835851687669
1800,Urban community,zoned_enforcement,7.120304649995408,18.720416282070165
1801,Protected land,zoned_enforcement,2.681489428460207,5.921507832719607
1801,Rural community,zoned_enforcement,3.39417490077979,8.74224082920263
1801,Suburban community,zoned_enforcement,5.8591975581155165,14.82094610780789
1801,Urban community,zoned_enforcement,7.149591656979185,18.269608203693338
1802,Protected land,adaptive_curfew,3.075260186967899,6.292315048481527
1802,Rural community,zoned_enforcement,4.502873589200255,9.553472688608005
1802,Suburban community,adaptive_curfew,7.142075854100867,16.40668904168617
1802,Urban community,zoned_enforcement,8.593763430750117,19.997400094169205
1803,Protected land,zoned_enforcement,2.8188056707842475,6.289392930758303
1803,Rural community,zoned_enforcement,4.2232562799464795,9.315468331323995
1803,Suburban community,zoned_enforcement,6.417657740286684,15.785410617632081
1803,Urban community,zoned_enforcement,7.852764911881788,19.409668369133463
1804,Protected land,adaptive_curfew,2.4682886815502525,5.647081417032914
1804,Rural community,zoned_enforcement,3.891126183542311,8.749011287306148
1804,Suburban community,zoned_enforcement,6.5685362568555234,15.18077304936816
1804,Urban community,zoned_enforcement,6.951972005531427,18.485996538471596
1805,Protected land,zoned_enforcement,2.779003985852671,5.785198702387386
1805,Rural community,zoned_enforcement,3.7824664074252343,8.901396096940092
1805,Suburban community,zoned_enforcement,6.586559820879707,15.459203978702574
1805,Urban community,zoned_enforcement,7.52462186370046,18.941776767481915
1806,Protected land,adaptive_curfew,2.767967419188661,6.08450741579245
1806,Rural community,zoned_enforcement,3.9425170848040993,9.117503978290626
1806,Suburban community,zoned_enforcement,6.48895590675046,15.501698101176023
1806,Urban community,zoned_enforcement,7.72719701396718,18.919603330354505
1807,Protected land,adaptive_curfew,2.3045760217843503,5.4737725787524365
1807,Rural community,zoned_enforcement,2.978254761830714,8.11776656423045
1807,Suburban community,zoned_enforcement,5.114096402781154,13.784759494742934
1807,Urban community,zoned_enforcement,5.708130425707884,16.92996337675109
1808,Protected land,zoned_enforcement,2.963197630446824,6.06070378685199
1808,Rural community,zoned_enforcement,4.245680048347023,9.410528817314237
1808,Suburban community,adaptive_curfew,7.163237998183639,16.410359664402975
1808,Urban community,zoned_enforcement,8.986260871138354,20.171880129625414
1809,Protected land,zoned_enforcement,2.04044703074849,5.147371210495817
1809,Rural community,zoned_enforcement,2.986969444320888,7.8081253223025255
1809,Suburban community,zoned_enforcement,4.643789854327322,13.435267047773044
1809,Urban community,zoned_enforcement,5.368185724129132,16.468428353560416
1810,Protected land,zoned_enforcement,2.1694912064975878,5.152478898883695
1810,Rural community,zoned_enforcement,3.1642313392931074,7.842050468703317
1810,Suburban community,zoned_enforcement,4.529132072306696,13.405547293061035
1810,Urban community,zoned_enforcement,5.6180482922408235,16.41236223029284
1811,Protected land,zoned_enforcement,2.8157651858349815,5.801394564416348
1811,Rural community,zoned_enforcement,3.830000510404906,9.000058245474191
1811,Suburban community,zoned_enforcement,6.981643280030632,15.679654444518395
1811,Urban community,zoned_enforcement,7.770953449131463,19.27737823604231
1812,Protected land,zoned_enforcement,2.6688499909901067,5.822659387185607
1812,Rural community,zoned_enforcement,3.953824243793078,9.022842098664945
1812,Suburban community,zoned_enforcement,6.101255681609558,15.722350099209084
1812,Urban community,zoned_enforcement,7.478028187431011,19.20085037211846
1813,Protected land,zoned_enforcement,2.7084471669044983,5.887472786765965
1813,Rural community,zoned_enforcement,4.024162375454041,9.119232703174806
1813,Suburban community,zoned_enforcement,6.895461768510076,15.906034820662333
1813,Urban community,zoned_enforcement,8.340236859307565,19.488035153759274
1814,Protected land,adaptive_curfew,3.248987288167479,6.399773770682178
1814,Rural community,zoned_enforcement,4.649162385933045,9.728930230638017
1814,Suburban community,zoned_enforcement,7.645207239185032,16.622960948011002
1814,Urban community,zoned_enforcement,8.684839824943289,20.307507740405146
1815,Protected land,zoned_enforcement,2.9894689487629025,6.3937970241118665
1815,Rural community,zoned_enforcement,4.544212547563822,9.502940985932428
1815,Suburban community,zoned_enforcement,7.075769482234415,16.128340895762662
1815,Urban community,zoned_enforcement,8.248935184538077,19.808385658057357
1816,Protected land,adaptive_curfew,3.127951607784257,6.2759736408435725
1816,Rural community,zoned_enforcement,4.382938463504499,9.471527419908984
1816,Suburban community,zoned_enforcement,6.579761039920127,16.161271770769776
1816,Urban community,zoned_enforcement,8.088151643068237,19.746025165298096
1817,Protected land,zoned_enforcement,2.062502344722664,5.032141547968465
1817,Rural community,zoned_enforcement,2.6576259466042353,7.673085191173593
1817,Suburban community,zoned_enforcement,5.0201441654022165,13.230740910188251
1817,Urban community,zoned_enforcement,5.228866969775465,16.200070788281828
1818,Protected land,zoned_enforcement,2.638396045451713,5.70303005696918
1818,Rural community,zoned_enforcement,3.75751299771978,8.86109115594302
1818,Suburban community,zoned_enforcement,6.763404078137652,15.500679572781795
1818,Urban community,zoned_enforcement,7.131862023300366,19.080931955106553
1819,Protected land,zoned_enforcement,2.4165754078774944,5.272423390616116
1819,Rural community,zoned_enforcement,3.246714896192194,8.27918512561563
1819,Suburban community,zoned_enforcement,5.911357398182021,14.562003644205262
1819,Urban community,zoned_enforcement,6.343220820721818,17.789005903662343
1820,Protected land,zoned_enforcement,2.7328576439235706,5.646415127420733
1820,Rural community,zoned_enforcement,4.186300846834748,8.873658019174265
1820,Suburban community,zoned_enforcement,6.525262837719856,15.550281253509402
1820,Urban community,zoned_enforcement,7.456411981318006,19.081278371381273
1821,Protected land,zoned_enforcement,3.281521527610159,6.672305224453967
1821,Rural community,zoned_enforcement,4.722202760491721,9.835067092192634
1821,Suburban community,zoned_enforcement,7.471015857734342,16.515502958030286
1821,Urban community,zoned_enforcement,8.32891108772964,20.260659946185623
1822,Protected land,zoned_enforcement,2.9572312982966196,6.054229327562513
1822,Rural community,zoned_enforcement,4.034568907421331,9.25049968177724
1822,Suburban community,zoned_enforcement,6.690141630570874,16.02911463118719
1822,Urban community,zoned_enforcement,7.961113346499966,19.636158199812478
1823,Protected land,zoned_enforcement,2.9595889663144805,6.258567853848242
1823,Rural community,adaptive_curfew,4.381578783061956,9.597063499608351
1823,Suburban community,zoned_enforcement,7.307688977825217,16.498687042427274
1823,Urban community,zoned_enforcement,8.759171210589583,20.190452561460408
1824,Protected land,adaptive_curfew,2.8608911834358497,5.9600037401201655
1824,Rural community,zoned_enforcement,4.354027989053497,9.20850091334406
1824,Suburban community,zoned_enforcement,6.943535233644738,15.96336223232944
1824,Urban community,zoned_enforcement,7.644551959527318,19.6064949160625
1825,Protected land,adaptive_curfew,3.0231350256520164,6.244058910498507
1825,Rural community,zoned_enforcement,4.307994933516013,9.351867468747741
1825,Suburban community,zoned_enforcement,6.848435968146973,15.880919834601725
1825,Urban community,zoned_enforcement,7.754138098509269,19.41497563752729
1826,Protected land,zoned_enforcement,2.6848701456541235,5.850470160756574
1826,Rural community,zoned_enforcement,3.6546807886570125,8.852611191712972
1826,Suburban community,zoned_enforcement,5.913042531756094,15.221481224132056
1826,Urban community,zoned_enforcement,6.879237666973724,18.61577727003633
1827,Protected land,adaptive_curfew,2.596138058669617,5.567210035096116
1827,Rural community,zoned_enforcement,3.3868112989285315,8.42112303337554
1827,Suburban community,zoned_enforcement,5.957835959718377,14.55360063347152
1827,Urban community,zoned_enforcement,6.3735924549538066,17.865533740240735
1828,Protected land,adaptive_curfew,2.948821424073758,6.163411725052065
1828,Rural community,adaptive_curfew,3.826826605449046,9.170243408422623
1828,Suburban community,zoned_enforcement,6.557697855614258,15.551777092159885
1828,Urban community,zoned_enforcement,7.479609824312716,19.126156318835967
1829,Protected land,zoned_enforcement,2.2503490728221602,5.130838350440809
1829,Rural community,zoned_enforcement,3.050240276054028,7.989181321032709
1829,Suburban community,zoned_enforcement,5.225891108505232,13.96624434735037
1829,Urban community,zoned_enforcement,6.331380762840231,17.087796542398827
1830,Protected land,zoned_enforcement,2.5840496249014504,5.5051931729840975
1830,Rural community,zoned_enforcement,3.641978493265973,8.502247239240996
1830,Suburban community,zoned_enforcement,5.795664542878406,14.720441424492092
1830,Urban community,zoned_enforcement,7.147497208838809,18.07816671443795
1831,Protected land,adaptive_curfew,2.7959469327699096,5.761129100134138
1831,Rural community,zoned_enforcement,3.9717602013762736,8.982262486663464
1831,Suburban community,zoned_enforcement,6.969706777535919,15.726118627830823
1831,Urban community,zoned_enforcement,7.857935529498457,19.29017561501206
1832,Protected land,zoned_enforcement,2.86915106572871,6.1510552565815395
1832,Rural community,zoned_enforcement,3.8275508019585356,9.196472679225886
1832,Suburban community,zoned_enforcement,6.260837116358246,15.610722696064949
1832,Urban community,zoned_enforcement,8.061601880582183,19.131464691805636
1833,Protected land,zoned_enforcement,2.502645982804959,5.574257207624222
1833,Rural community,zoned_enforcement,3.458393839030726,8.638502473582424
1833,Suburban community,zoned_enforcement,5.793102107661216,15.044062743556458
1833,Urban community,zoned_enforcement,6.488836907738941,18.361777573337886
1834,Protected land,zoned_enforcement,2.775362071396763,5.920198791017403
1834,Rural community,zoned_enforcement,4.121166465225236,9.118020535390892
1834,Suburban community,zoned_enforcement,6.726090419012365,15.850965335282632
1834,Urban community,adaptive_curfew,7.842129072323733,19.477757626674364
1835,Protected land,adaptive_curfew,2.752773781765787,5.749520767926836
1835,Rural community,zoned_enforcement,4.034793849214578,8.88831047486269
1835,Suburban community,zoned_enforcement,6.518392472860292,15.484341857364752
1835,Urban community,zoned_enforcement,7.516764411874863,19.075831584591402
1836,Protected land,adaptive_curfew,3.0462432814847964,6.317907582567692
1836,Rural community,zoned_enforcement,4.657340976748164,9.635103484401276
1836,Suburban community,zoned_enforcement,7.638534652888934,16.559992547208797
1836,Urban community,zoned_enforcement,8.493270313497195,20.205008527226397
1837,Protected land,zoned_enforcement,2.03287781897748,4.801877814829006
1837,Rural community,zoned_enforcement,2.705481755748658,7.504018950146215
1837,Suburban community,zoned_enforcement,4.35546002853331,13.149412383239184
1837,Urban community,zoned_enforcement,4.892987460863367,16.089439074636104
1838,Protected land,zoned_enforcement,2.0923327746570646,5.034417430064434
1838,Rural community,zoned_enforcement,2.9227990832088935,7.7350675409288225
1838,Suburban community,zoned_enforcement,4.699406391833392,13.370566725085784
1838,Urban community,zoned_enforcement,5.332204926506769,16.406287854793902
1839,Protected land,adaptive_curfew,2.6515904767096443,5.691746102126208
1839,Rural community,zoned_enforcement,3.6731068472243855,8.86611111733756
1839,Suburban community,zoned_enforcement,6.813882640848934,15.500722622290022
1839,Urban community,zoned_enforcement,8.056258700087161,19.07668848607166
1840,Protected land,adaptive_curfew,2.49482190280003,5.670029116423858
1840,Rural community,zoned_enforcement,3.413403017537216,8.558374029557916
1840,Suburban community,zoned_enforcement,6.136476456758716,14.735419739969705
1840,Urban community,zoned_enforcement,6.524133098557368,18.100310178003863
1841,Protected land,adaptive_curfew,2.620361032144099,5.876064133410084
1841,Rural community,zoned_enforcement,4.088813479183873,8.939232189521796
1841,Suburban community,zoned_enforcement,6.579418073793031,15.356916370987445
1841,Urban community,zoned_enforcement,7.37477282877092,18.834631523347824
1842,Protected land,zoned_enforcement,2.257785261647489,5.193177769456705
1842,Rural community,zoned_enforcement,2.812903737163765,7.776668801266838
1842,Suburban community,zoned_enforcement,4.667732267731788,13.288551603381132
1842,Urban community,zoned_enforcement,4.5118796683273725,16.221708844759185
1843,Protected land,adaptive_curfew,2.6882801500652813,5.965389125121566
1843,Rural community,zoned_enforcement,3.95011158886287,9.063392666407358
1843,Suburban community,zoned_enforcement,6.442905743851545,15.627043976461119
1843,Urban community,zoned_enforcement,7.803327988615118,19.10675288920514
1844,Protected land,adaptive_curfew,3.08129948280503,6.455094127818637
1844,Rural community,adaptive_curfew,4.2857034310828395,9.628807387006976
1844,Suburban community,zoned_enforcement,6.793741620828076,16.299954569819313
1844,Urban community,zoned_enforcement,8.224352250179741,19.914227904135494
1845,Protected land,adaptive_curfew,2.133848061093746,5.178133377500837
1845,Rural community,zoned_enforcement,2.699248602614407,7.892744792119247
1845,Suburban community,zoned_enforcement,4.7707848743507615,13.620761842372165
1845,Urban community,zoned_enforcement,5.777940432961088,16.612335422787872
1846,Protected land,adaptive_curfew,3.0716125369329075,6.352296543787606
1846,Rural community,zoned_enforcement,4.1198083403443055,9.500914699741728
1846,Suburban community,zoned_enforcement,7.141027836549309,16.128429660969125
1846,Urban community,zoned_enforcement,8.390655620367907,19.836122866291287
1847,Protected land,zoned_enforcement,2.2800144261302497,5.344363846829774
1847,Rural community,zoned_enforcement,2.838549839701204,7.948077021489297
1847,Suburban community,zoned_enforcement,4.678422343600724,13.410248235583468
1847,Urban community,zoned_enforcement,5.119929540879166,16.45359486350234
1848,Protected land,zoned_enforcement,2.2577541187521804,5.126034054131896
1848,Rural community,zoned_enforcement,3.0623620022519136,8.003949943655012
1848,Suburban community,zoned_enforcement,5.400851925888066,13.985176434865082
1848,Urban community,zoned_enforcement,5.874215433756422,17.123536708331372
1849,Protected land,zoned_enforcement,2.305403910447833,5.243654042032709
1849,Rural community,zoned_enforcement,3.269042636500391,8.195656592422326
1849,Suburban community,zoned_enforcement,5.589426642501305,14.304870454865663
1849,Urban community,zoned_enforcement,6.342730730029549,17.466568334648493
1850,Protected land,zoned_enforcement,2.2773197169243757,5.056058708724113
1850,Rural community,zoned_enforcement,3.115484814365038,7.8178613831406105
1850,Suburban community,zoned_enforcement,4.9005752553289454,13.534764245619044
1850,Urban community,zoned_enforcement,5.413619124964512,16.559780513989324
1851,Protected land,zoned_enforcement,2.4009542943782582,5.415894506961253
1851,Rural community,zoned_enforcement,2.8180327250111104,7.9928549915155305
1851,Suburban community,zoned_enforcement,4.6259038652307645,13.400265839156605
1851,Urban community,zoned_enforcement,5.286374179543353,16.40871508591817
1852,Protected land,zoned_enforcement,2.2027271177447116,5.192722905719855
1852,Rural community,zoned_enforcement,2.8114507480802056,7.762478723456366
1852,Suburban community,zoned_enforcement,4.566355407818946,13.30290873132251
1852,Urban community,zoned_enforcement,5.062835682575265,16.363828248323614
1853,Protected land,zoned_enforcement,2.760094516995331,5.688847115245208
1853,Rural community,zoned_enforcement,3.457033580143986,8.713969546628869
1853,Suburban community,zoned_enforcement,6.295622981457678,15.058829594895482
1853,Urban community,zoned_enforcement,6.613465312101365,18.43332728227481
1854,Protected land,zoned_enforcement,2.995567074139692,6.239859971522471
1854,Rural community,zoned_enforcement,4.067103235869493,9.373763215602851
1854,Suburban community,zoned_enforcement,6.992623614703426,15.937963432774794
1854,Urban community,zoned_enforcement,7.969360717101676,19.561282436699997
1855,Protected land,zoned_enforcement,2.823700043896897,6.192651294187454
1855,Rural community,zoned_enforcement,4.053952267062297,9.279879183786663
1855,Suburban community,zoned_enforcement,6.889546596429904,15.861380802104593
1855,Urban community,zoned_enforcement,7.746513133144445,19.459032617118396
1856,Protected land,adaptive_curfew,2.926758729950807,6.145021488260333
1856,Rural community,zoned_enforcement,4.229177241184613,9.455743515728704
1856,Suburban community,zoned_enforcement,7.524520587540946,16.452830691363722
1856,Urban community,zoned_enforcement,8.053765539897466,20.169789020771887
1857,Protected land,adaptive_curfew,2.6507353273174927,5.662036806597683
1857,Rural community,zoned_enforcement,3.339934223322957,8.6791295125712
1857,Suburban community,zoned_enforcement,6.214844623562003,15.043716747626618
1857,Urban community,zoned_enforcement,7.273035134943594,18.361322211023058
1858,Protected land,zoned_enforcement,2.736665714015987,6.04313769341542
1858,Rural community,zoned_enforcement,4.013102737599558,9.111714484026685
1858,Suburban community,zoned_enforcement,6.296415831967897,15.585651156826568
1858,Urban community,zoned_enforcement,7.336951836410369,19.0833800376485
1859,Protected land,zoned_enforcement,2.144654217844447,4.904763884553045
1859,Rural community,zoned_enforcement,2.5601070238634485,7.538663866455113
1859,Suburban community,zoned_enforcement,4.45152866396854,13.10944898268837
1859,Urban community,zoned_enforcement,5.120957848728267,16.120895164183622
1860,Protected land,zoned_enforcement,2.6896781927177758,5.971562655096978
1860,Rural community,zoned_enforcement,3.8696690756770984,8.887378744276091
1860,Suburban community,zoned_enforcement,6.117596673919834,15.03146754018308
1860,Urban community,zoned_enforcement,7.116538087935281,18.466843489553312
1861,Protected land,adaptive_curfew,2.7977729323611884,5.769130651075899
1861,Rural community,zoned_enforcement,4.102521176436134,9.023478241044907
1861,Suburban community,zoned_enforcement,6.7929770962013745,15.779311210591409
1861,Urban community,zoned_enforcement,8.367157597579112,19.335981194906502
1862,Protected land,zoned_enforcement,2.2841407532705063,5.3910589729964515
1862,Rural community,zoned_enforcement,2.999670588446935,8.070724323254437
1862,Suburban community,zoned_enforcement,5.303937955310223,13.778512689217731
1862,Urban community,zoned_enforcement,5.7612887691157315,16.90902581900544
1863,Protected land,zoned_enforcement,2.507681262510739,5.633141561857094
1863,Rural community,zoned_enforcement,3.6336759409356407,8.708692408336814
1863,Suburban community,zoned_enforcement,6.150411074275361,15.124303825879453
1863,Urban community,zoned_enforcement,7.192071624324038,18.46123304306913
1864,Protected land,zoned_enforcement,2.7849480275842167,6.010743636097769
1864,Rural community,zoned_enforcement,3.8420722589561143,9.118159416041536
1864,Suburban community,zoned_enforcement,6.691381790195088,15.608586261896804
1864,Urban community,zoned_enforcement,8.095267377725063,19.068888265514733
1865,Protected land,zoned_enforcement,2.183039554646248,5.1004944980942195
1865,Rural community,zoned_enforcement,2.936018994669512,7.84644029805016
1865,Suburban community,zoned_enforcement,4.875121263546816,13.585850720983512
1865,Urban community,zoned_enforcement,6.110866582174445,16.763291780697788
1866,Protected land,zoned_enforcement,2.704040847309338,5.598158889603078
1866,Rural community,zoned_enforcement,3.4685519317913887,8.618720453793841
1866,Suburban community,zoned_enforcement,5.979396441343578,15.011954077300777
1866,Urban community,zoned_enforcement,6.455239859603321,18.351667922633162
1867,Protected land,zoned_enforcement,2.433177238000458,5.501259897130952
1867,Rural community,zoned_enforcement,3.591606257185135,8.415067530236433
1867,Suburban community,zoned_enforcement,5.741845849125731,14.58506062759278
1867,Urban community,zoned_enforcement,6.84967284820735,17.986638921903385
1868,Protected land,adaptive_curfew,2.326626585222518,5.344252521756483
1868,Rural community,zoned_enforcement,3.068866032077458,8.03401832011853
1868,Suburban community,zoned_enforcement,4.82313185177458,13.711167426976939
1868,Urban community,zoned_enforcement,5.155549657391793,16.829278828384574
1869,Protected land,zoned_enforcement,2.5318237306822597,5.6005989049056915
1869,Rural community,zoned_enforcement,3.4826820422789124,8.564771655851294
1869,Suburban community,zoned_enforcement,5.918121350806482,14.725478933659375
1869,Urban community,zoned_enforcement,6.6969463291714,17.984565866677436
1870,Protected land,adaptive_curfew,2.7626308081154898,5.942119043751082
1870,Rural community,zoned_enforcement,3.680206120825247,8.915123192024131
1870,Suburban community,zoned_enforcement,6.282357296172375,15.217765185448059
1870,Urban community,zoned_enforcement,6.914345044918976,18.54583400051898
1871,Protected land,adaptive_curfew,3.2179259606472077,6.405311440031775
1871,Rural community,zoned_enforcement,4.253261770381603,9.533250280698887
1871,Suburban community,zoned_enforcement,6.8989595705769435,16.167128042069464
1871,Urban community,zoned_enforcement,8.119852081659525,19.844344687092644
1872,Protected land,adaptive_curfew,2.9598472345285214,6.304212084677971
1872,Rural community,zoned_enforcement,4.019681106627034,9.278284028218692
1872,Suburban community,zoned_enforcement,6.1003040341670545,15.614217709403666
1872,Urban community,zoned_enforcement,7.004505582046114,19.17851516943261
1873,Protected land,zoned_enforcement,2.459476158490911,5.3191932883941435
1873,Rural community,zoned_enforcement,3.1695618907024867,8.287601394055867
1873,Suburban community,zoned_enforcement,5.605895047087989,14.558609313180165
1873,Urban community,zoned_enforcement,6.662019061538993,17.974755620411692
1874,Protected land,zoned_enforcement,2.4523332492259606,5.441207458538235
1874,Rural community,zoned_enforcement,3.5883531215569766,8.510578994129618
1874,Suburban community,zoned_enforcement,6.239815579491262,14.993147372518035
1874,Urban community,zoned_enforcement,7.388467879377693,18.41271918884037
1875,Protected land,adaptive_curfew,2.2759902086844717,5.291875708742386
1875,Rural community,zoned_enforcement,3.1027463337451433,8.120869558999031
1875,Suburban community,zoned_enforcement,5.539829753713196,14.108103902021341
1875,Urban community,zoned_enforcement,6.035612503606064,17.287270413697005
1876,Protected land,zoned_enforcement,2.167768985427057,5.005108331115009
1876,Rural community,zoned_enforcement,2.7443425982182665,7.739043113025599
1876,Suburban community,zoned_enforcement,4.952833977873915,13.478270848965293
1876,Urban community,zoned_enforcement,5.87807097800961,16.576461500593293
1877,Protected land,zoned_enforcement,2.170678443094599,5.007503538455339
1877,Rural community,zoned_enforcement,2.809896022952187,7.65446257316542
1877,Suburban community,zoned_enforcement,4.311812913392584,13.21632841920083
1877,Urban community,zoned_enforcement,5.051317136720062,16.131430168035692
1878,Protected land,zoned_enforcement,2.5060328958174853,5.460093194555472
1878,Rural community,zoned_enforcement,3.6814645635238312,8.667628634976298
1878,Suburban community,zoned_enforcement,6.422239408729531,15.315760962289508
1878,Urban community,zoned_enforcement,7.358292992503571,18.762139744979116
1879,Protected land,zoned_enforcement,2.602495081528537,5.773954891963294
1879,Rural community,zoned_enforcement,3.6845246781066905,8.872575014530787
1879,Suburban community,zoned_enforcement,6.367417371203871,15.3430898756868
1879,Urban community,zoned_enforcement,7.3609554924115965,18.810684325547612
1880,Protected land,adaptive_curfew,2.862359858308256,5.998583064798486
1880,Rural community,zoned_enforcement,4.174715861310927,9.18392798257428
1880,Suburban community,zoned_enforcement,6.835828987701634,15.805289868591869
1880,Urban community,zoned_enforcement,7.835157857940187,19.26899478718937
1881,Protected land,zoned_enforcement,2.6537129993436737,5.694072447286475
1881,Rural community,zoned_enforcement,3.578400333885712,8.645401801824262
1881,Suburban community,zoned_enforcement,6.1573784503667355,14.886826512503157
1881,Urban community,zoned_enforcement,6.863801866003792,18.26422678701357
1882,Protected land,zoned_enforcement,2.9616992134259115,6.1440137121963865
1882,Rural community,zoned_enforcement,4.383201986020994,9.499095976671185
1882,Suburban community,zoned_enforcement,7.4474921465384,16.584018649140287
1882,Urban community,zoned_enforcement,8.330753844564226,20.2419694405506
1883,Protected land,zoned_enforcement,2.6427606538730126,5.797308147306821
1883,Rural community,zoned_enforcement,3.75823025422367,8.974936001712855
1883,Suburban community,zoned_enforcement,6.073063676308639,15.650903465390625
1883,Urban community,zoned_enforcement,7.607340389519759,19.237327867028185
1884,Protected land,adaptive_curfew,3.12275632414502,6.327945512498722
1884,Rural community,zoned_enforcement,4.290265946145423,9.482329383108269
1884,Suburban community,zoned_enforcement,6.589545201874982,16.076113246938505
1884,Urban community,zoned_enforcement,7.967839322476388,19.653506696444023
1885,Protected land,adaptive_curfew,2.3696698204816204,5.524368922850784
1885,Rural community,zoned_enforcement,3.1916480130013385,8.287940943088223
1885,Suburban community,zoned_enforcement,5.521653052980829,14.028418716223252
1885,Urban community,zoned_enforcement,5.8007977416186645,17.175718352274636
1886,Protected land,zoned_enforcement,2.2871934076306037,5.206907910769518
1886,Rural community,zoned_enforcement,3.132897340082507,7.992271161423973
1886,Suburban community,zoned_enforcement,5.131567512154904,13.836732766554066
1886,Urban community,zoned_enforcement,5.888214432658328,16.986774765086295
1887,Protected land,adaptive_curfew,2.7710659053246145,6.022314100385449
1887,Rural community,zoned_enforcement,4.032019377096567,9.171161366184641
1887,Suburban community,zoned_enforcement,6.9055944602601596,15.74987505777341
1887,Urban community,zoned_enforcement,7.750307532500072,19.273481217863527
1888,Protected land,zoned_enforcement,3.029995322568472,6.31624431767764
1888,Rural community,zoned_enforcement,4.210371506736312,9.590972779183529
1888,Suburban community,zoned_enforcement,7.541093470645324,16.529116274104368
1888,Urban community,zoned_enforcement,8.62001988738455,20.26403052917469
1889,Protected land,zoned_enforcement,2.1853644452795704,5.140080495109862
1889,Rural community,zoned_enforcement,3.0611902621408165,7.888370492203616
1889,Suburban community,zoned_enforcement,5.277462194369329,13.659384970969683
1889,Urban community,zoned_enforcement,5.560812723610308,16.771313607291848
1890,Protected land,adaptive_curfew,2.913423107027665,5.8869473520986455
1890,Rural community,zoned_enforcement,4.3220024510337804,9.240866302685973
1890,Suburban community,zoned_enforcement,6.9788224670475305,16.313262083321735
1890,Urban community,zoned_enforcement,8.67797969086975,20.000274605453587
1891,Protected land,zoned_enforcement,2.182315059750107,5.307433801708756
1891,Rural community,zoned_enforcement,2.613499637348756,7.870949737250818
1891,Suburban community,zoned_enforcement,4.936445910991646,13.310912368295128
1891,Urban community,zoned_enforcement,5.090624130582237,16.273434937266444
1892,Protected land,zoned_enforcement,2.496595247207704,5.550634820438261
1892,Rural community,zoned_enforcement,3.1785388357650604,8.274569668131367
1892,Suburban community,zoned_enforcement,5.600797958399596,14.053869732347971
1892,Urban community,zoned_enforcement,5.915726591083283,17.15744177836878
1893,Protected land,zoned_enforcement,2.652763274945647,5.676468231886834
1893,Rural community,zoned_enforcement,3.995534610980611,8.899551585551555
1893,Suburban community,zoned_enforcement,6.375022361342163,15.623523461237756
1893,Urban community,zoned_enforcement,7.886852151381921,19.19219277368174
1894,Protected land,zoned_enforcement,3.0016749143820083,6.351769831406075
1894,Rural community,zoned_enforcement,4.458077856068064,9.564117628631937
1894,Suburban community,zoned_enforcement,7.6262669236916665,16.380998136322216
1894,Urban community,zoned_enforcement,8.610194731527884,20.226461639737316
1895,Protected land,zoned_enforcement,2.834017293318582,5.991473360059707
1895,Rural community,zoned_enforcement,4.240141019891362,9.274082446326338
1895,Suburban community,zoned_enforcement,7.104886368720981,16.136762716282416
1895,Urban community,zoned_enforcement,7.804282013787937,19.83830504274395
1896,Protected land,zoned_enforcement,2.988220518993807,6.355084703840899
1896,Rural community,adaptive_curfew,4.452270987566552,9.63261966007773
1896,Suburban community,zoned_enforcement,7.419963014229452,16.563796965199465
1896,Urban community,zoned_enforcement,8.576220711184241,20.390456034585494
1897,Protected land,zoned_enforcement,2.067968102457287,4.911516271290224
1897,Rural community,zoned_enforcement,2.9533566775746056,7.6859597711990375
1897,Suburban community,zoned_enforcement,4.840725331011022,13.476880780995018
1897,Urban community,zoned_enforcement,5.618100026234362,16.51026367751261
1898,Protected land,zoned_enforcement,2.7964049912627478,5.857677156622427
1898,Rural community,zoned_enforcement,3.826843423574421,8.911262846552665
1898,Suburban community,zoned_enforcement,6.699536927724754,15.215309631291687
1898,Urban community,zoned_enforcement,7.555467514737918,18.61982918310503
1899,Protected land,zoned_enforcement,2.6610626936886113,5.864191330937383
1899,Rural community,zoned_enforcement,3.6608317240460773,8.915015115175015
1899,Suburban community,zoned_enforcement,5.971799148513149,15.32249245186893
1899,Urban community,zoned_enforcement,7.27711406627242,18.781362826539755
1900,Protected land,zoned_enforcement,2.7580476040967823,6.0089197706111275
1900,Rural community,adaptive_curfew,3.762815086667347,9.046260165331029
1900,Suburban community,zoned_enforcement,6.5154880019587615,15.493188250366241
1900,Urban community,zoned_enforcement,7.816247828726453,19.070837531191827
1901,Protected land,zoned_enforcement,2.8368345697769124,5.944303911547063
1901,Rural community,zoned_enforcement,4.063881898983185,9.188266586664136
1901,Suburban community,zoned_enforcement,6.811434239401333,15.836793145550615
1901,Urban community,zoned_enforcement,7.847837766481572,19.387766317760192
1902,Protected land,adaptive_curfew,2.3313913812905014,5.298630880857202
1902,Rural community,zoned_enforcement,2.8744389496806324,8.096921932924433
1902,Suburban community,zoned_enforcement,4.832721766126609,14.02451496165688
1902,Urban community,zoned_enforcement,5.543629993170287,17.083523566452456
1903,Protected land,zoned_enforcement,1.9373829626460064,4.9326725594028025
1903,Rural community,zoned_enforcement,2.8514045974017384,7.641401864387001
1903,Suburban community,zoned_enforcement,4.449406586287045,13.337857480823578
1903,Urban community,zoned_enforcement,5.160388470781422,16.248226946367218
1904,Protected land,adaptive_curfew,2.3730119505010614,5.400048263586184
1904,Rural community,zoned_enforcement,2.930909502606517,8.085297576405521
1904,Suburban community,zoned_enforcement,5.135016206762913,13.740126790552035
1904,Urban community,zoned_enforcement,5.953441036206371,16.865875573341075
1905,Protected land,zoned_enforcement,2.4400955753750426,5.32975532552405
1905,Rural community,zoned_enforcement,2.9829810571822497,8.110860661995769
1905,Suburban community,zoned_enforcement,5.412482945846925,13.896638738130001
1905,Urban community,zoned_enforcement,5.936672899134564,16.96740902777072
1906,Protected land,adaptive_curfew,2.3629542677304394,5.424205660635393
1906,Rural community,zoned_enforcement,3.178148037515463,8.141360199905243
1906,Suburban community,zoned_enforcement,5.0633613239646795,13.855349837958265
1906,Urban community,zoned_enforcement,6.3879112202196815,17.01254664005791
1907,Protected land,zoned_enforcement,2.551793791616841,5.355782254645207
1907,Rural community,zoned_enforcement,3.501862824076545,8.359562712813757
1907,Suburban community,zoned_enforcement,5.614930854618839,14.545005965120097
1907,Urban community,zoned_enforcement,7.006938130233966,17.863956833937884
1908,Protected land,zoned_enforcement,2.371718989497815,5.347453854967566
1908,Rural community,zoned_enforcement,3.407975563360435,8.279763735787226
1908,Suburban community,zoned_enforcement,5.847843075299874,14.377447950978464
1908,Urban community,zoned_enforcement,5.825122506942487,17.674105757569905
1909,Protected land,zoned_enforcement,2.399296947555015,5.246848574681007
1909,Rural community,zoned_enforcement,3.12914316674233,8.059750123941443
1909,Suburban community,zoned_enforcement,5.182229883641316,13.919037866064748
1909,Urban community,zoned_enforcement,6.017746688567117,16.977451217356187
1910,Protected land,zoned_enforcement,2.0662105683268313,5.022338521448425
1910,Rural community,zoned_enforcement,2.7178477403000674,7.67935488097755
1910,Suburban community,zoned_enforcement,4.375831554436516,13.1976921087678
1910,Urban community,zoned_enforcement,5.095794351110738,16.095119279748467
1911,Protected land,adaptive_curfew,2.7799667813914506,5.802649401614723
1911,Rural community,zoned_enforcement,3.779401847142254,8.79549264587019
1911,Suburban community,zoned_enforcement,6.065024988770098,15.129100290801636
1911,Urban community,zoned_enforcement,6.94810166748406,18.461468775310095
1912,Protected land,zoned_enforcement,2.7269958862837904,5.835624001031993
1912,Rural community,zoned_enforcement,3.9580259899209302,9.079011723922855
1912,Suburban community,zoned_enforcement,6.820309979218944,15.808263624611909
1912,Urban community,zoned_enforcement,8.038794009648544,19.469187767232242
1913,Protected land,adaptive_curfew,2.9153931885470934,5.973722844577742
1913,Rural community,adaptive_curfew,3.8349370496305344,9.064927045793016
1913,Suburban community,zoned_enforcement,6.990056404280978,15.63051216225423
1913,Urban community,zoned_enforcement,7.409943009770721,19.16404775177841
1914,Protected land,adaptive_curfew,2.3939161762186725,5.415640481533832
1914,Rural community,zoned_enforcement,3.0884049444395743,8.099826937710711
1914,Suburban community,zoned_enforcement,5.050519592774794,13.687994558731356
1914,Urban community,zoned_enforcement,5.340703363399378,16.73827887926549
1915,Protected land,zoned_enforcement,2.691147978082767,5.719809240672779
1915,Rural community,zoned_enforcement,4.136946189320721,8.964774036851338
1915,Suburban community,zoned_enforcement,6.807766177380744,15.676086817399115
1915,Urban community,zoned_enforcement,8.31055662293964,19.30752352973826
1916,Protected land,zoned_enforcement,2.2831393533013586,5.259811795511571
1916,Rural community,zoned_enforcement,3.311908725818043,8.161799428323775
1916,Suburban community,zoned_enforcement,5.838885466582001,14.289175728083487
1916,Urban community,zoned_enforcement,6.087450447419519,17.491807668270003
1917,Protected land,adaptive_curfew,3.1630187423962095,6.443060537927911
1917,Rural community,zoned_enforcement,4.309236976189887,9.655411617093575
1917,Suburban community,zoned_enforcement,7.27730942881092,16.403513924760908
1917,Urban community,zoned_enforcement,8.449347344339843,20.078674279187425
1918,Protected land,adaptive_curfew,2.1044067358766307,5.118648631362197
1918,Rural community,zoned_enforcement,2.801642198616955,7.815996349551463
1918,Suburban community,zoned_enforcement,4.82571273061979,13.577835627394737
1918,Urban community,zoned_enforcement,5.5164090665501035,16.69493149951998
1919,Protected land,adaptive_curfew,2.9884735097243285,6.108166649143564
1919,Rural community,zoned_enforcement,4.67707365732978,9.500905331841183
1919,Suburban community,zoned_enforcement,7.060877731269732,16.569253921801
1919,Urban community,zoned_enforcement,8.925512891362555,20.231532238582503
1920,Protected land,zoned_enforcement,2.2293660546317464,5.207244829506901
1920,Rural community,zoned_enforcement,2.807424910491849,7.839638098105002
1920,Suburban community,zoned_enforcement,4.5856484599061655,13.410085015945144
1920,Urban community,zoned_enforcement,5.31863190597058,16.471684304458385
1921,Protected land,zoned_enforcement,2.1915264272198676,5.213813660090218
1921,Rural community,zoned_enforcement,3.1676365757531606,7.9969876617333995
1921,Suburban community,zoned_enforcement,5.013373914375379,13.902324597889123
1921,Urban community,zoned_enforcement,5.919362687913294,17.079090920019173
1922,Protected land,adaptive_curfew,2.575686034776556,5.841216700476738
1922,Rural community,zoned_enforcement,3.7717719800447496,8.841442760106833
1922,Suburban community,zoned_enforcement,6.361142905174461,15.194195913076177
1922,Urban community,zoned_enforcement,7.071731732027976,18.612295595686827
1923,Protected land,zoned_enforcement,2.481178572859767,5.558943966304003
1923,Rural community,zoned_enforcement,3.719291086894078,8.613332027378966
1923,Suburban community,zoned_enforcement,6.392715363097819,14.983686565046897
1923,Urban community,zoned_enforcement,6.962761216627456,18.469412039322215
1924,Protected land,zoned_enforcement,2.6176049137979454,5.7773368391787585
1924,Rural community,zoned_enforcement,3.2044016567427898,8.627508192033892
1924,Suburban community,zoned_enforcement,5.241984195760999,14.597182729714625
1924,Urban community,zoned_enforcement,6.904978416856547,17.82194906635913
1925,Protected land,adaptive_curfew,2.515943804850126,5.692582936549067
1925,Rural community,zoned_enforcement,3.288546859441416,8.545730163912427
1925,Suburban community,zoned_enforcement,5.906068863474866,14.599926763521426
1925,Urban community,zoned_enforcement,6.354672588268006,17.945539733524868
1926,Protected land,adaptive_curfew,2.8494121485724824,6.035158682796983
1926,Rural community,zoned_enforcement,3.866556324530806,9.050642608562342
1926,Suburban community,zoned_enforcement,6.586484102225349,15.427227332107933
1926,Urban community,zoned_enforcement,7.081169190521752,18.999963700043505
1927,Protected land,adaptive_curfew,2.566803389467404,5.602778040047029
1927,Rural community,zoned_enforcement,3.8215190202871137,8.739696041139537
1927,Suburban community,zoned_enforcement,6.119448079687045,15.247384510850631
1927,Urban community,zoned_enforcement,7.769504822920034,18.718086531501267
1928,Protected land,adaptive_curfew,2.5684860383583263,5.564507070365286
1928,Rural community,zoned_enforcement,3.6658000781952023,8.666617680364528
1928,Suburban community,zoned_enforcement,5.846221069959386,15.074793548626827
1928,Urban community,zoned_enforcement,7.564160306522245,18.362389694919955
1929,Protected land,adaptive_curfew,2.5955893971787103,6.057270166726845
1929,Rural community,zoned_enforcement,3.8156868077927264,9.02912425802542
1929,Suburban community,zoned_enforcement,6.198706457856378,15.37066654436487
1929,Urban community,zoned_enforcement,7.210917520493576,18.753326770203948
1930,Protected land,adaptive_curfew,2.8542776149933173,6.219830921810499
1930,Rural community,adaptive_curfew,4.089199539289836,9.333098355265099
1930,Suburban community,zoned_enforcement,6.8615829540695294,15.954333481436889
1930,Urban community,zoned_enforcement,8.229095945415734,19.660014312953738
1931,Protected land,adaptive_curfew,2.4663618574990847,5.60835973002429
1931,Rural community,zoned_enforcement,3.420285923705234,8.434060697894841
1931,Suburban community,zoned_enforcement,5.699865941999144,14.334090100146144
1931,Urban community,zoned_enforcement,6.525690259333752,17.550173580950375
1932,Protected land,adaptive_curfew,2.3633506057295874,5.42816160793414
1932,Rural community,zoned_enforcement,3.349377694571017,8.285408182848222
1932,Suburban community,zoned_enforcement,5.436474767272594,14.362985115724733
1932,Urban community,zoned_enforcement,6.056324921050328,17.705263266816214
1933,Protected land,zoned_enforcement,2.059399059775751,4.887622076336066
1933,Rural community,zoned_enforcement,3.0620287660646994,7.652575088600846
1933,Suburban community,zoned_enforcement,4.911570583934351,13.472991028416615
1933,Urban community,zoned_enforcement,5.518583888625463,16.63867377304159
1934,Protected land,zoned_enforcement,2.915457399853166,5.957499069301454
1934,Rural community,zoned_enforcement,3.943275301703676,9.136546383576695
1934,Suburban community,zoned_enforcement,6.753287170275968,15.791524392568935
1934,Urban community,zoned_enforcement,7.646754079025904,19.456169528311722
1935,Protected land,zoned_enforcement,2.2394467687613324,5.169395349969016
1935,Rural community,zoned_enforcement,3.2349760113290005,8.059533607848426
1935,Suburban community,zoned_enforcement,5.143356401461462,14.139052180743134
1935,Urban community,zoned_enforcement,6.051781595984396,17.40462151050688
1936,Protected land,adaptive_curfew,2.809354367749695,5.789615239622228
1936,Rural community,zoned_enforcement,3.7878173590888498,8.961929954128282
1936,Suburban community,zoned_enforcement,6.999473816120787,15.569990119512703
1936,Urban community,zoned_enforcement,7.608281645812534,18.935975087034826
1937,Protected land,adaptive_curfew,2.5657650095054616,5.767549463884172
1937,Rural community,zoned_enforcement,3.6211514615125706,8.791171509500408
1937,Suburban community,zoned_enforcement,6.193426136023202,15.145974940560988
1937,Urban community,zoned_enforcement,7.351297362183741,18.604113860470836
1938,Protected land,zoned_enforcement,2.800487871374341,5.972512507743254
1938,Rural community,zoned_enforcement,4.1413408987414275,9.328818084089017
1938,Suburban community,zoned_enforcement,6.953871562435701,16.24904090725413
1938,Urban community,zoned_enforcement,8.319941435698652,19.930104783100646
1939,Protected land,zoned_enforcement,2.6217949031472783,5.815513932582368
1939,Rural community,zoned_enforcement,3.751782041147421,8.940015923176933
1939,Suburban community,zoned_enforcement,6.315539075864432,15.337191678934117
1939,Urban community,zoned_enforcement,7.204515981708065,18.72654642627321
1940,Protected land,adaptive_curfew,1.953615578146207,4.90716695159451
1940,Rural community,zoned_enforcement,2.6557262801701516,7.599619489930802
1940,Suburban community,zoned_enforcement,4.465267610501556,13.313903179439244
1940,Urban community,zoned_enforcement,5.134392118531954,16.385790510982236
1941,Protected land,adaptive_curfew,2.611986504108035,5.809891817152765
1941,Rural community,zoned_enforcement,3.825179060700383,8.96154791820823
1941,Suburban community,zoned_enforcement,6.6412053222119045,15.553196489968077
1941,Urban community,zoned_enforcement,7.6172437630796885,19.08847349499224
1942,Protected land,zoned_enforcement,2.6431094205593433,5.522786359650976
1942,Rural community,zoned_enforcement,3.578752173872423,8.630295749384832
1942,Suburban community,zoned_enforcement,6.1583255448030325,15.099894805125547
1942,Urban community,zoned_enforcement,6.320283716358945,18.354743570899043
1943,Protected land,zoned_enforcement,2.624747581324441,5.733338583395858
1943,Rural community,zoned_enforcement,3.6223070518089333,8.776169311922514
1943,Suburban community,zoned_enforcement,6.479845300067666,15.126566145204853
1943,Urban community,zoned_enforcement,7.323017948284686,18.613687725643004
1944,Protected land,zoned_enforcement,3.0373064493142263,6.301501167157572
1944,Rural community,zoned_enforcement,4.367116789033676,9.550751801423923
1944,Suburban community,zoned_enforcement,7.346991515458875,16.362478472925403
1944,Urban community,zoned_enforcement,8.610722043755288,20.136470308746944
1945,Protected land,adaptive_curfew,2.582307502799399,5.73223426324304
1945,Rural community,zoned_enforcement,3.423505576372511,8.676555626952732
1945,Suburban community,zoned_enforcement,5.778295397827669,14.853284850817666
1945,Urban community,zoned_enforcement,6.8377710028591565,18.109581623426223
1946,Protected land,zoned_enforcement,2.3467839443684793,5.107581417548865
1946,Rural community,zoned_enforcement,3.0882667621511413,7.92960205818522
1946,Suburban community,zoned_enforcement,5.002556154332048,13.818540373604481
1946,Urban community,zoned_enforcement,5.471469550993104,16.900971642913767
1947,Protected land,adaptive_curfew,2.333190961677893,5.174396584841485
1947,Rural community,zoned_enforcement,3.3141079492018175,8.11119955406344
1947,Suburban community,zoned_enforcement,5.731621948850028,14.24065324457059
1947,Urban community,zoned_enforcement,6.015339033902819,17.473723639618903
1948,Protected land,adaptive_curfew,2.8786795929102404,5.952478162800932
1948,Rural community,adaptive_curfew,3.99149977720222,9.121980493810081
1948,Suburban community,zoned_enforcement,6.940724648200847,15.735147898846899
1948,Urban community,zoned_enforcement,7.6787335474624925,19.21021088051312
1949,Protected land,adaptive_curfew,2.5397136339755857,5.6462859438508195
1949,Rural community,zoned_enforcement,3.567154098588521,8.592332303789982
1949,Suburban community,zoned_enforcement,5.684140927369725,14.910976353823452
1949,Urban community,zoned_enforcement,6.558737946560456,18.313298567551993
1950,Protected land,zoned_enforcement,2.1732061551910276,5.2839474155619595
1950,Rural community,zoned_enforcement,3.0125397950944377,7.924927337814598
1950,Suburban community,zoned_enforcement,4.698663561038572,13.566050459744977
1950,Urban community,zoned_enforcement,5.177808963436808,16.602350402323285
1951,Protected land,adaptive_curfew,2.8718668755429944,6.015138315990752
1951,Rural community,zoned_enforcement,3.509090705382099,8.918934310368131
1951,Suburban community,zoned_enforcement,6.141378459280306,15.125547643316917
1951,Urban community,zoned_enforcement,6.838741198790586,18.651625038525854
1952,Protected land,zoned_enforcement,2.888411405471042,5.93833162491453
1952,Rural community,zoned_enforcement,4.1934262261499295,9.061760785080656
1952,Suburban community,zoned_enforcement,6.0837568590348265,15.596303322954824
1952,Urban community,zoned_enforcement,7.625715076811936,19.105034800584857
1953,Protected land,adaptive_curfew,2.570342288615456,5.636753238587977
1953,Rural community,zoned_enforcement,3.6250578802205613,8.604546341329431
1953,Suburban community,zoned_enforcement,5.657016569941247,14.780118175401308
1953,Urban community,zoned_enforcement,6.589239533700395,17.976323862413857
1954,Protected land,zoned_enforcement,2.492255609062421,5.803296748310351
1954,Rural community,zoned_enforcement,3.715790144485247,8.780593504749326
1954,Suburban community,zoned_enforcement,6.13840517897205,15.037302375699937
1954,Urban community,zoned_enforcement,6.946981560734846,18.34218889635858
1955,Protected land,adaptive_curfew,2.8827546559098125,5.9848667808750395
1955,Rural community,zoned_enforcement,3.954566900298575,9.260238471850977
1955,Suburban community,zoned_enforcement,6.739109839002079,16.03196795020799
1955,Urban community,zoned_enforcement,8.439204171800617,19.62816224412644
1956,Protected land,zoned_enforcement,2.449034578933529,5.389894480285349
1956,Rural community,zoned_enforcement,3.23346457296445,8.184815754641097
1956,Suburban community,zoned_enforcement,5.5143145414592265,14.158109712227308
1956,Urban community,zoned_enforcement,6.11813862628399,17.39953195052683
1957,Protected land,adaptive_curfew,2.6721234879313087,5.59625573412415
1957,Rural community,zoned_enforcement,3.469453843876253,8.43604702563726
1957,Suburban community,zoned_enforcement,5.717854128639674,14.524169806374621
1957,Urban community,zoned_enforcement,6.0227533524719306,17.94940880183805
1958,Protected land,zoned_enforcement,2.254760513920353,5.263456960534124
1958,Rural community,zoned_enforcement,2.9496221950832515,7.883034945427358
1958,Suburban community,zoned_enforcement,4.89214411215449,13.454713920764899
1958,Urban community,zoned_enforcement,5.555672884676531,16.43856114411579
1959,Protected land,zoned_enforcement,2.7925275056383088,5.785657713858104
1959,Rural community,zoned_enforcement,3.9866677247980844,8.8584855868411
1959,Suburban community,zoned_enforcement,6.331804699255104,15.282382841397697
1959,Urban community,zoned_enforcement,7.831076999876629,18.800198122768972
1960,Protected land,zoned_enforcement,2.2724826827984574,5.395669111730996
1960,Rural community,zoned_enforcement,3.1694215343966343,8.07239004556412
1960,Suburban community,zoned_enforcement,5.211555377163512,13.795875941426464
1960,Urban community,zoned_enforcement,5.650814108094485,17.034434882718994
1961,Protected land,adaptive_curfew,2.938300583110001,6.087628282684205
1961,Rural community,adaptive_curfew,4.323511491836034,9.360274671077748
1961,Suburban community,zoned_enforcement,6.834561572239531,16.28328769346488
1961,Urban community,zoned_enforcement,8.297590537372,20.012882536794418
1962,Protected land,adaptive_curfew,2.989988467239513,6.390599624032513
1962,Rural community,adaptive_curfew,4.225737867733465,9.538831446687078
1962,Suburban community,adaptive_curfew,6.979354809975851,16.224201866876903
1962,Urban community,zoned_enforcement,8.239021874813501,19.977159688672565
1963,Protected land,zoned_enforcement,2.2361014114561923,5.135660306175993
1963,Rural community,zoned_enforcement,2.844223888158946,7.914655940327398
1963,Suburban community,zoned_enforcement,5.122173761961291,13.73192325362683
1963,Urban community,zoned_enforcement,5.819514024586372,16.861433708456396
1964,Protected land,adaptive_curfew,2.2052960210165717,5.262939888969823
1964,Rural community,zoned_enforcement,3.3217619643842777,8.035739486828735
1964,Suburban community,zoned_enforcement,4.896028333770534,13.921528496757515
1964,Urban community,zoned_enforcement,5.9141610857644284,17.17741664024601
1965,Protected land,zoned_enforcement,2.4128716758927284,5.460113286042622
1965,Rural community,zoned_enforcement,3.4718651155632863,8.416675555095052
1965,Suburban community,zoned_enforcement,5.831932706596529,14.647539387063317
1965,Urban community,zoned_enforcement,6.3630441539051485,17.941987044629773
1966,Protected land,zoned_enforcement,2.6491231581322636,5.62630491647449
1966,Rural community,zoned_enforcement,3.7428204670308736,8.719332631342008
1966,Suburban community,zoned_enforcement,6.154106439925831,15.1688502416775
1966,Urban community,zoned_enforcement,6.927861862264793,18.610383254611808
1967,Protected land,adaptive_curfew,2.472508332587657,5.568367609279335
1967,Rural community,zoned_enforcement,3.1648960129162846,8.391611099348415
1967,Suburban community,adaptive_curfew,5.214623470326526,14.391672740418635
1967,Urban community,zoned_enforcement,6.073559647690722,17.566872297975365
1968,Protected land,adaptive_curfew,2.6052956074803317,5.752724600770628
1968,Rural community,zoned_enforcement,3.493274160973665,8.554665195376934
1968,Suburban community,zoned_enforcement,5.729739119902538,14.571318120442484
1968,Urban community,zoned_enforcement,6.527313015342205,17.828205439620568
1969,Protected land,zoned_enforcement,2.6048685252429338,5.655046999070339
1969,Rural community,zoned_enforcement,3.488532510039483,8.521523608078965
1969,Suburban community,zoned_enforcement,5.807560111956413,14.579567044363657
1969,Urban community,zoned_enforcement,6.923549049795243,17.81099016181442
1970,Protected land,adaptive_curfew,2.902603003470743,6.024972502963455
1970,Rural community,zoned_enforcement,4.1258096366780075,9.258547329900761
1970,Suburban community,zoned_enforcement,7.2904850538715475,16.102310128774647
1970,Urban community,adaptive_curfew,7.935608927607571,19.70606070605985
1971,Protected land,adaptive_curfew,2.971509458607338,6.067033078712355
1971,Rural community,zoned_enforcement,4.393497621377767,9.317080240270046
1971,Suburban community,zoned_enforcement,6.732977175825152,16.141644725113714
1971,Urban community,zoned_enforcement,8.709913293494893,19.80563324445606
1972,Protected land,adaptive_curfew,2.8941816102969526,5.963214915817619
1972,Rural community,adaptive_curfew,4.047992643804801,9.246819863347719
1972,Suburban community,zoned_enforcement,6.825216359331407,16.130279605605683
1972,Urban community,zoned_enforcement,7.782850564384582,19.654618989911874
1973,Protected land,zoned_enforcement,2.5693187696558657,5.551313173305447
1973,Rural community,zoned_enforcement,3.3050250859399686,8.5538705426506
1973,Suburban community,zoned_enforcement,6.410266416598018,14.829817965418279
1973,Urban community,zoned_enforcement,7.108827186756695,18.195901983872684
1974,Protected land,zoned_enforcement,2.794446257716214,5.970770576525479
1974,Rural community,zoned_enforcement,4.047445407503345,9.032427985332228
1974,Suburban community,zoned_enforcement,6.5387775146198095,15.519689695138904
1974,Urban community,zoned_enforcement,7.181844325091468,18.995598163968136
1975,Protected land,adaptive_curfew,2.8548313319698924,5.883397622708083
1975,Rural community,zoned_enforcement,3.735724302446407,8.881982957315337
1975,Suburban community,zoned_enforcement,5.84133854680406,15.21632555133065
1975,Urban community,zoned_enforcement,7.024147997791511,18.642879783706487
1976,Protected land,zoned_enforcement,2.1776693890083534,5.246257529350857
1976,Rural community,zoned_enforcement,2.8406193076128314,7.896388176813699
1976,Suburban community,zoned_enforcement,4.761625410032995,13.470401458170672
1976,Urban community,zoned_enforcement,5.317250359105268,16.493594746766135
1977,Protected land,zoned_enforcement,2.478773045736269,5.502105599467528
1977,Rural community,zoned_enforcement,3.2690765384292133,8.458096400931673
1977,Suburban community,zoned_enforcement,5.996305838826235,14.576999592747647
1977,Urban community,zoned_enforcement,6.581008271275294,17.805293151361134
1978,Protected land,adaptive_curfew,2.779966384367496,5.8918634434545405
1978,Rural community,zoned_enforcement,3.7219259776785325,9.062276660453396
1978,Suburban community,zoned_enforcement,6.761796455022186,15.75862262488511
1978,Urban community,zoned_enforcement,8.19596364609128,19.398459424447733
1979,Protected land,zoned_enforcement,2.393582318474009,5.299715516998607
1979,Rural community,zoned_enforcement,3.2589908786741955,8.237749215406913
1979,Suburban community,zoned_enforcement,5.4970531496126895,14.362757581635954
1979,Urban community,zoned_enforcement,6.120532152434407,17.55635431105095
1980,Protected land,zoned_enforcement,2.0984295276082436,5.121531422326021
1980,Rural community,zoned_enforcement,2.743778275321313,7.697103678632879
1980,Suburban community,zoned_enforcement,4.428551854845411,13.19421427150593
1980,Urban community,zoned_enforcement,5.345735967113356,16.285290106855008
1981,Protected land,zoned_enforcement,2.6897246086729623,5.538481301470154
1981,Rural community,zoned_enforcement,3.9482684036897497,8.634499858448093
1981,Suburban community,zoned_enforcement,6.044931551537799,15.130736547100579
1981,Urban community,zoned_enforcement,7.3777260125186235,18.708661785324033
1982,Protected land,adaptive_curfew,3.035588725077949,6.283175321876317
1982,Rural community,adaptive_curfew,4.446018044351993,9.55131759184051
1982,Suburban community,zoned_enforcement,7.263849690328769,16.412389584721932
1982,Urban community,zoned_enforcement,8.544491158669459,20.152726439980974
1983,Protected land,zoned_enforcement,2.755558563568613,5.869478418509684
1983,Rural community,zoned_enforcement,3.70102667453986,8.96522300445958
1983,Suburban community,zoned_enforcement,6.70694985102025,15.43940155247948
1983,Urban community,zoned_enforcement,7.121737815909297,18.903128421563746
1984,Protected land,adaptive_curfew,3.0133095340497817,6.072333626406866
1984,Rural community,zoned_enforcement,4.07601149349004,9.231671502630464
1984,Suburban community,zoned_enforcement,6.361812054148212,15.906392418745668
1984,Urban community,zoned_enforcement,7.610520538457646,19.429133957395095
1985,Protected land,zoned_enforcement,2.270632251750803,5.051357011162925
1985,Rural community,zoned_enforcement,2.6507595054837356,7.730740016437125
1985,Suburban community,zoned_enforcement,4.849883627456144,13.384876151648555
1985,Urban community,zoned_enforcement,5.454288190727823,16.43501665630662
1986,Protected land,adaptive_curfew,2.930604313989089,6.326951838139842
1986,Rural community,zoned_enforcement,4.287806456099129,9.431879713782525
1986,Suburban community,zoned_enforcement,7.112269000534395,16.10761400182185
1986,Urban community,zoned_enforcement,8.460380758420541,19.772782660431577
1987,Protected land,zoned_enforcement,2.9256327874002,5.978170579371871
1987,Rural community,zoned_enforcement,4.436413739171265,9.293441800953907
1987,Suburban community,zoned_enforcement,6.624422602164593,16.136551860810474
1987,Urban community,zoned_enforcement,8.211240978966842,19.729563340053407
1988,Protected land,zoned_enforcement,2.6322444355154047,5.693917595000741
1988,Rural community,zoned_enforcement,3.769818174748589,8.773882889347881
1988,Suburban community,zoned_enforcement,6.044420144610292,15.275404609036455
1988,Urban community,zoned_enforcement,7.163271924672893,18.714617486947684
1989,Protected land,zoned_enforcement,2.333471677997675,5.303760159855899
1989,Rural community,zoned_enforcement,3.31963724023841,8.185265583044242
1989,Suburban community,zoned_enforcement,5.7472029190700695,14.272012213451443
1989,Urban community,zoned_enforcement,6.324411275971439,17.45292347669501
1990,Protected land,adaptive_curfew,2.348004893169834,5.428082004345909
1990,Rural community,zoned_enforcement,2.955712347026018,8.093127341951977
1990,Suburban community,zoned_enforcement,4.810811214957456,13.807531972938907
1990,Urban community,zoned_enforcement,5.671736211821294,17.07070002606579
1991,Protected land,zoned_enforcement,2.9696827143566393,6.012654751616097
1991,Rural community,adaptive_curfew,4.297280661105519,9.406270415349574
1991,Suburban community,zoned_enforcement,7.4953253254281975,16.458030315823343
1991,Urban community,zoned_enforcement,8.258159595929579,20.010234347625055
1992,Protected land,zoned_enforcement,2.544535072993506,5.50235702567264
1992,Rural community,zoned_enforcement,3.305803875792118,8.407027369121188
1992,Suburban community,zoned_enforcement,5.67876479067391,14.608578759500999
1992,Urban community,zoned_enforcement,6.280118651908358,18.00089643373972
1993,Protected land,zoned_enforcement,2.310865143191039,5.281489908395058
1993,Rural community,zoned_enforcement,3.2749078373628953,8.121481312223676
1993,Suburban community,zoned_enforcement,5.623901295060742,14.017425239083458
1993,Urban community,zoned_enforcement,6.229951424967664,17.264977694666904
1994,Protected land,adaptive_curfew,2.4407375045669295,5.499069266544645
1994,Rural community,zoned_enforcement,3.2227770362649117,8.132400713153633
1994,Suburban community,zoned_enforcement,4.927804194063652,13.68004604681198
1994,Urban community,zoned_enforcement,5.667165756083614,16.796745961722618
1995,Protected land,zoned_enforcement,2.492047558137114,5.7418923725398985
1995,Rural community,zoned_enforcement,3.571429332005355,8.655562028430762
1995,Suburban community,zoned_enforcement,5.830241112536589,14.854842077084363
1995,Urban community,zoned_enforcement,6.469021319151821,18.24712704933948
1996,Protected land,zoned_enforcement,2.369351429131077,5.495007172103822
1996,Rural community,zoned_enforcement,3.283860039550075,8.311117837400337
1996,Suburban community,zoned_enforcement,5.689873666192014,14.242629884953448
1996,Urban community,zoned_enforcement,6.6282478219419065,17.356342782508317
1997,Protected land,zoned_enforcement,2.3203097926449945,5.113104990364483
1997,Rural community,zoned_enforcement,2.8482848409107397,7.771764406374871
1997,Suburban community,zoned_enforcement,4.579854667555317,13.322785373427054
1997,Urban community,zoned_enforcement,5.094787821596531,16.31909092325985
1998,Protected land,adaptive_curfew,2.953028373108931,6.137721376038362
1998,Rural community,zoned_enforcement,3.946985201533666,9.202552030799316
1998,Suburban community,adaptive_curfew,6.721836316686812,15.755240985317458
1998,Urban community,zoned_enforcement,7.595031374645437,19.27165263194176
1999,Protected land,zoned_enforcement,2.916282625392093,6.121280232072407
1999,Rural community,zoned_enforcement,4.0115174769493915,9.258186891720541
1999,Suburban community,zoned_enforcement,6.707606166800106,15.759435266475705
1999,Urban community,zoned_enforcement,7.43126355190317,19.282882245277186
