row_id,hull,make,variant,actual_usd,baseline_usd,primary_usd
0,monohull,Alubat,Ovni 395,267233.0,194351.0,176257.1562259905
1,monohull,Bavaria,38 Cruiser,75178.0,193137.0,72021.23948277891
2,monohull,Bavaria,38 Cruiser,66825.0,193137.0,72021.23948277891
3,monohull,Bavaria,38 Cruiser,54661.0,193137.0,72021.23948277891
4,monohull,Bavaria,38 Cruiser,53447.0,193137.0,72021.23948277891
5,monohull,Bavaria,38 Cruiser,91101.0,193137.0,76517.54642740167
6,monohull,Bavaria,39 Cruiser,66748.0,194351.0,81525.57359678134
7,monohull,Bavaria,42 Match,78945.0,193137.0,87010.1260114367
8,monohull,Bavaria,42 Match,58297.0,193137.0,87010.1260114367
9,monohull,Bavaria,42 Cruiser,112906.0,194355.0,89548.7746057391
10,monohull,Bavaria,42 Cruiser,95961.0,194355.0,102699.35851590679
11,monohull,Bavaria,42 Cruiser,94746.0,194355.0,102699.35851590679
12,monohull,Bavaria,42 Cruiser,91102.0,194355.0,102699.35851590679
13,monohull,Bavaria,Cruiser 46,101063.0,194355.0,115911.40344554777
14,monohull,Bavaria,Cruiser 46,91106.0,194355.0,115911.40344554777
15,monohull,Bavaria,Cruiser 46,84907.0,194355.0,115911.40344554777
16,monohull,Bavaria,Cruiser 46,84786.0,194355.0,115911.40344554777
17,monohull,Bavaria,Cruiser 46,133651.0,194355.0,125049.76327028355
18,monohull,Bavaria,Cruiser 46,109338.0,194355.0,125049.76327028355
19,monohull,Bavaria,Cruiser 46,105705.0,194355.0,125049.76327028355
20,monohull,Bavaria,Cruiser 46,103253.0,194355.0,125049.76327028355
21,monohull,Bavaria,Cruiser 46,96933.0,194355.0,125049.76327028355
22,monohull,Bavaria,Cruiser 46,115396.0,194355.0,132933.44136697237
23,monohull,Bavaria,Cruiser 46,103249.0,194355.0,132933.44136697237
24,monohull,Bavaria,Cruiser 46,133015.0,194355.0,172727.95336591476
25,monohull,Bavaria,Cruiser 46,145769.0,194355.0,141970.97256847474
26,monohull,Bavaria,50 Cruiser,103249.0,189500.0,137429.1598820205
27,monohull,Bavaria,50 Cruiser,109323.0,189500.0,147231.94929399688
28,monohull,Bavaria,50 Cruiser,151843.0,189500.0,159498.85060608524
29,monohull,Bavaria,50 Cruiser,136896.0,189500.0,159498.85060608524
30,monohull,Bavaria,49 Cruiser,103249.0,194351.0,150297.85668506133
31,monohull,Bavaria,49 Cruiser,145744.0,194351.0,186929.53598903381
32,monohull,Beneteau,First 40.7,157889.0,193137.0,79748.34415399747
33,monohull,Beneteau,Cyclades 39.3,72900.0,189500.0,104560.00940382516
34,monohull,Beneteau,Cyclades 39.3,78975.0,189500.0,85103.46893993083
35,monohull,Beneteau,First 40.7,124500.0,193137.0,111022.1337464287
36,monohull,Beneteau,Cyclades 39.3,103275.0,189500.0,92194.02136288292
37,monohull,Beneteau,Cyclades 39.3,82620.0,189500.0,92194.02136288292
38,monohull,Beneteau,Cyclades 39.3,99000.0,189500.0,103064.94435232811
39,monohull,Beneteau,Cyclades 39.3,101427.0,189500.0,94957.92504914678
40,monohull,Beneteau,Cyclades 39.3,108108.0,189500.0,98789.05523910276
41,monohull,Beneteau,Cyclades 39.3,103249.0,189500.0,98789.05523910276
42,monohull,Beneteau,Cyclades 39.3,95860.0,189500.0,111413.71289399288
43,monohull,Beneteau,Oceanis 423,139995.0,193137.0,144342.22998327244
44,monohull,Beneteau,Cyclades 43.3,108108.0,193137.0,127876.4666694451
45,monohull,Beneteau,Cyclades 43.3,106519.0,193137.0,127876.4666694451
46,monohull,Beneteau,Cyclades 43.3,95961.0,193137.0,127876.4666694451
47,monohull,Beneteau,Oceanis Clipper 423,103921.0,191922.0,108055.44519385016
48,monohull,Beneteau,Oceanis Clipper 423,91090.0,191922.0,115902.57005316239
49,monohull,Beneteau,Oceanis Clipper 423,127526.0,191922.0,124348.68836340412
50,monohull,Beneteau,Oceanis 423,147900.0,193137.0,145145.54886235765
51,monohull,Beneteau,Oceanis 43,144900.0,194351.0,149365.1283062353
52,monohull,Beneteau,Oceanis Clipper 423,108108.0,191922.0,151193.7359711194
53,monohull,Beneteau,Cyclades 43.3,101792.0,193137.0,127705.55626546341
54,monohull,Beneteau,First 44.7,180000.0,189500.0,161016.8787699812
55,monohull,Beneteau,First 44.7,149000.0,189500.0,161016.8787699812
56,monohull,Beneteau,First 44.7,131187.0,189500.0,116148.70750925505
57,monohull,Beneteau,First 44.7,119040.0,189500.0,125825.8512227951
58,monohull,Beneteau,First 44.7,129900.0,189500.0,150552.4664128137
59,monohull,Beneteau,Oceanis Clipper 473,144549.0,194351.0,129563.14540006215
60,monohull,Beneteau,Oceanis 473,102034.0,194351.0,129563.14540006215
61,monohull,Beneteau,First 47.7,127543.0,194355.0,151046.26251246958
62,monohull,Beneteau,Oceanis Clipper 473,133611.0,194351.0,161025.15398304875
63,monohull,Beneteau,Oceanis 473,195000.0,194351.0,192610.44285563423
64,monohull,Beneteau,Oceanis 473,185000.0,194351.0,186649.39548246263
65,monohull,Beneteau,Oceanis 523,224719.0,191922.0,219323.27782281567
66,monohull,Beneteau,Oceanis Clipper 523,224719.0,189500.0,237327.2033516294
67,monohull,Beneteau,Oceanis Clipper 523,223504.0,189500.0,237327.2033516294
68,monohull,Beneteau,Oceanis 523,212572.0,191922.0,238069.5277810379
69,monohull,Beneteau,56,461603.0,194355.0,283860.3381865544
70,monohull,Beneteau,Cyclades 50.5,105000.0,194355.0,192933.79826703251
71,monohull,C&C,121,184900.0,191922.0,193970.07986145956
72,monohull,Cabo Rico,42,270000.0,193137.0,282378.95554602955
73,monohull,Caliber,40 LRC SE,259000.0,191922.0,183615.30428576586
74,monohull,Catalina,387,125000.0,189500.0,134456.86663919193
75,monohull,Catalina,42 MK II,165000.0,191922.0,174759.25961065083
76,monohull,Catalina,42 Mk II,119242.0,191922.0,181816.3034077281
77,monohull,Catalina,42 MK II,159500.0,191922.0,185442.48638211752
78,monohull,Catalina,Morgan 440,199900.0,194351.0,242410.3878457168
79,monohull,Catalina,Morgan 440,179950.0,194351.0,183982.75545963433
80,monohull,Catalina,Morgan 440,194950.0,194351.0,241082.65368867794
81,monohull,Comar,Comet 41S,150622.0,191922.0,131002.90800556853
82,monohull,Comar,Comet 45s,163984.0,189500.0,187337.08306986853
83,monohull,Comar,Comet 51S,200425.0,194351.0,250258.69077549162
84,monohull,Comar,Comet 52 RS,255086.0,194355.0,270638.7648446646
85,monohull,Dehler,41 CR,176176.0,194355.0,129928.20560643298
86,monohull,Delphia,40,85017.0,189500.0,144418.35837283946
87,monohull,Dufour,385,87458.0,194351.0,81057.61934086701
88,monohull,Dufour,385 GL,86000.0,189500.0,88564.75674473193
89,monohull,Dufour,385,98591.0,194351.0,96677.61740881042
90,monohull,Dufour,40,97054.0,191922.0,111808.88773524851
91,monohull,Dufour,44,163984.0,194355.0,146550.9861521481
92,monohull,Dufour,44,139690.0,194355.0,132985.9574300295
93,monohull,Dufour,44 Performance,133617.0,191922.0,131738.22656663132
94,monohull,Dufour,455,139726.0,191922.0,152047.93464563403
95,monohull,Dufour,455 GL,127548.0,194351.0,147169.66575065887
96,monohull,Elan,Impression 434,127543.0,194351.0,114479.33418396868
97,monohull,Elan,Impression 434,91102.0,194351.0,114479.33418396868
98,monohull,Grand Soleil,43,181597.0,191922.0,180692.1465713266
99,monohull,Grand Soleil,45 RACING,224719.0,194355.0,211851.46011903594
100,monohull,Grand Soleil,50,230000.0,191922.0,251036.39251345742
101,monohull,Grand Soleil,50,252527.0,191922.0,300960.0298832262
102,monohull,Hallberg-Rassy,40,299771.0,194355.0,232625.49401080504
103,monohull,Hallberg-Rassy,43,339508.0,191922.0,240025.1186886906
104,monohull,Hanse,411,108108.0,189500.0,101009.7170058799
105,monohull,Hanse,411,120239.0,189500.0,109425.5278133486
106,monohull,Hanse,411,103249.0,189500.0,109425.5278133486
107,monohull,Hanse,411,83814.0,189500.0,109425.5278133486
108,monohull,Hanse,411,93256.0,189500.0,132237.47222266544
109,monohull,Hanse,461,303674.0,194351.0,176177.6292559319
110,monohull,Hanse,461,132436.0,194351.0,168150.9832146529
111,monohull,Hanse,461,179942.0,194351.0,171774.9159207492
112,monohull,Hanse,461,170057.0,194351.0,171774.9159207492
113,monohull,Hanse,531,236875.0,194351.0,272536.8707083722
114,monohull,Hanse,531,200433.0,194351.0,272536.8707083722
115,monohull,Hanse,531,334055.0,194351.0,270087.08357035683
116,monohull,Hanse,531,333920.0,194351.0,270087.08357035683
117,monohull,Harmony,42 Elegance,83270.0,194355.0,186552.58476524544
118,monohull,Hunter,38,119000.0,194351.0,110720.289201666
119,monohull,Hunter,38,69000.0,194351.0,121385.40839824956
120,monohull,Hunter,38,109335.0,194351.0,123148.89819474512
121,monohull,Hunter,41 DS,132000.0,191922.0,135445.09992797085
122,monohull,Hunter,41 DS,96555.0,191922.0,112639.04560641188
123,monohull,Hunter,41 Deck Salon,94746.0,191922.0,112639.04560641188
124,monohull,Hunter,41 Aft Cockpit,124900.0,194351.0,137658.00562978422
125,monohull,Hunter,41 DS,124900.0,191922.0,134124.8653723129
126,monohull,Hunter,44 DS,159000.0,191922.0,173577.80772910558
127,monohull,Hunter,44,165900.0,193137.0,168795.91745681662
128,monohull,Hunter,44,149000.0,193137.0,174630.3103070918
129,monohull,Hunter,44 DS,148106.0,191922.0,156913.68037242783
130,monohull,Hunter,Passage 456,142500.0,193137.0,192013.2012568798
131,monohull,Hunter,466,169000.0,191922.0,163249.84555625354
132,monohull,Hylas,49,464979.0,194355.0,283305.2701137952
133,monohull,Island Packet,370,169900.0,194355.0,170484.81255973462
134,monohull,Island Packet,420,299950.0,194351.0,252725.55684375498
135,monohull,Island Packet,420,286566.0,194351.0,252808.69840414074
136,monohull,J Boats,J 122,195000.0,194351.0,197164.96720517075
137,monohull,Jeanneau,Sun Odyssey 40.3,94746.0,194355.0,91896.60178516922
138,monohull,Jeanneau,Sun Odyssey 40.3,118900.0,194355.0,122183.77220125661
139,monohull,Jeanneau,Sun Odyssey 40.3,114900.0,194355.0,122183.77220125661
140,monohull,Jeanneau,Sun Odyssey 40,103235.0,193137.0,98557.53169889047
141,monohull,Jeanneau,Sun Odyssey 40.3,126500.0,194355.0,122183.77220125661
142,monohull,Jeanneau,Sun Odyssey 40.3,124900.0,194355.0,122139.07997682941
143,monohull,Jeanneau,SUN ODYSSEY 40.3,121470.0,189500.0,107660.34924860428
144,monohull,Jeanneau,Sun Odyssey 43 DS,165000.0,189500.0,143711.6467024669
145,monohull,Jeanneau,Sun Odyssey 43 DS,149900.0,189500.0,146677.72656097997
146,monohull,Jeanneau,Sun Odyssey 45,187063.0,191922.0,116614.91158831486
147,monohull,Jeanneau,Sun Odyssey 45,102034.0,191922.0,116614.91158831486
148,monohull,Jeanneau,Sun Odyssey 45,95961.0,191922.0,116614.91158831486
149,monohull,Jeanneau,Sun Odyssey 45,93532.0,191922.0,116614.91158831486
150,monohull,Jeanneau,Sun Odyssey 45,132402.0,191922.0,146381.0383644044
151,monohull,Jeanneau,Sun Odyssey 49 DS,335000.0,189500.0,232381.36711512416
152,monohull,Jeanneau,Sun Odyssey 49 DS,216225.0,189500.0,151894.54689776924
153,monohull,Jeanneau,Sun Odyssey 49 DS,236875.0,189500.0,193013.51684616038
154,monohull,Jeanneau,Sun Odyssey 49,162776.0,193137.0,188744.7512532562
155,monohull,Jeanneau,Sun Odyssey 49,194359.0,193137.0,160971.5648335101
156,monohull,Jeanneau,Sun Odyssey 49,151837.0,193137.0,160971.5648335101
157,monohull,Jeanneau,Sun Odyssey 49,139690.0,193137.0,160971.5648335101
158,monohull,Jeanneau,Sun Odyssey 49,163984.0,193137.0,174279.50251142363
159,monohull,Jeanneau,Sun Odyssey 49,222298.0,193137.0,186228.04058066042
160,monohull,Jeanneau,Sun Odyssey 49,168843.0,193137.0,186228.04058066042
161,monohull,Jeanneau,Sun Odyssey 49,166420.0,193137.0,179382.86793787114
162,monohull,Jeanneau,Sun Odyssey 49,255000.0,193137.0,219289.15615209003
163,monohull,Jeanneau,Sun Odyssey 54 DS,251808.0,189500.0,237682.19691057035
164,monohull,Jeanneau,Sun Odyssey 54 DS,242939.0,189500.0,257485.12736909682
165,monohull,Jeanneau,Sun Odyssey 54 DS,236866.0,189500.0,257485.12736909682
166,monohull,Jeanneau,Sun Odyssey 54 DS,267233.0,189500.0,265204.32740151975
167,monohull,Jeanneau,Sun Odyssey 54 DS,358335.0,189500.0,275904.1431850789
168,monohull,Jeanneau,Sun Odyssey 54 DS,358287.0,189500.0,275904.1431850789
169,monohull,Jeanneau,Sun Odyssey 54 DS,301204.0,189500.0,275904.1431850789
170,monohull,Jeanneau,Sun Odyssey 49,157968.0,193137.0,170910.74062489672
171,monohull,Malo,43 Classic,351047.0,194351.0,250935.09176993818
172,monohull,Malo,46,393128.0,191922.0,264802.36857609364
173,monohull,Moody,49,406940.0,194351.0,269157.9552602163
174,monohull,Morris,Ocean Series 48,479000.0,194351.0,327569.98412979604
175,monohull,Najad,380,233156.0,191922.0,162196.39756706601
176,monohull,Nauticat,385,306497.0,194355.0,139163.1199008051
177,monohull,Nauticat,44,321907.0,193137.0,201222.31426878227
178,monohull,Poncin,HARMONY 47,78955.0,194351.0,222760.06258074622
179,monohull,Salona,40,120285.0,193137.0,132966.56488529476
180,monohull,Salona,45,109323.0,193137.0,171618.36695448385
181,monohull,Salona,45,98390.0,193137.0,171618.36695448385
182,monohull,Salona,45,127543.0,193137.0,214365.60710247292
183,monohull,Salona,45,91858.0,193137.0,197406.45753155078
184,monohull,ShearWater,39,245000.0,194351.0,140950.16981182332
185,monohull,Sunbeam,39,186497.0,191922.0,172193.1964991316
186,monohull,Sunbeam,53,399651.0,194351.0,372081.12636394636
187,monohull,Sweden Yachts,42,166473.0,193137.0,229802.4664235622
188,monohull,Tartan,4400,302459.0,193137.0,270841.06481549045
189,monohull,Tartan,4400,345000.0,193137.0,264661.5962336441
190,monohull,Van De Stadt,Beluga 46,297560.0,191922.0,279000.5365775699
191,monohull,Wauquiez,Centurion 40s,151876.0,194351.0,175019.70019078886
192,monohull,Wauquiez,Centurion 40s,151837.0,194351.0,175019.70019078886
193,monohull,Wauquiez,Centurion 40s,145817.0,194351.0,164049.13816709194
194,monohull,Wauquiez,Centurion 40s,139696.0,194351.0,164049.13816709194
195,monohull,Wauquiez,Centurion 40s,146196.0,194351.0,164049.13816709194
196,monohull,Wauquiez,Centurion 40s,132436.0,194351.0,170645.92372890742
197,monohull,Wauquiez,Pilot Saloon 40,168843.0,194355.0,172801.8256840221
198,monohull,X-Yachts,40,200476.0,194355.0,235569.4629813844
199,monohull,X-Yachts,X-50,334042.0,194351.0,334323.40464317135
200,monohull,Alliage,44,358287.0,194351.0,222171.84142170034
201,monohull,Amel,54,495000.0,189500.0,417044.1895696425
202,monohull,Bavaria,39 Cruiser,102668.0,194351.0,77282.69258604341
203,monohull,Bavaria,39 Cruiser,78955.0,194351.0,77282.69258604341
204,monohull,Bavaria,39 Cruiser,95961.0,194351.0,98582.17650117312
205,monohull,Bavaria,39 Cruiser,95961.0,194351.0,98582.17650117312
206,monohull,Bavaria,39 Cruiser,109201.0,194351.0,94090.77631548728
207,monohull,Bavaria,39 Cruiser,78955.0,194351.0,84843.4853675456
208,monohull,Bavaria,39 Cruiser,72760.0,194351.0,84843.4853675456
209,monohull,Bavaria,39 Cruiser,59520.0,194351.0,96990.4188954862
210,monohull,Bavaria,39 Cruiser,91102.0,194351.0,96118.58867264954
211,monohull,Bavaria,39 Cruiser,94770.0,194351.0,92175.25319534383
212,monohull,Bavaria,42 Match,57091.0,193137.0,90310.85212718738
213,monohull,Bavaria,42 Match,57091.0,193137.0,90310.85212718738
214,monohull,Bavaria,42 Cruiser,109000.0,194355.0,139842.681155474
215,monohull,Bavaria,42 Cruiser,109065.0,194355.0,93275.07899904858
216,monohull,Bavaria,42 Cruiser,102034.0,194355.0,106972.8851220806
217,monohull,Bavaria,42 Cruiser,120862.0,194355.0,138995.9315186645
218,monohull,Bavaria,42 Cruiser,145764.0,194355.0,114561.0957319796
219,monohull,Bavaria,Cruiser 46,94770.0,194355.0,120734.70978106662
220,monohull,Bavaria,Cruiser 46,89910.0,194355.0,120734.70978106662
221,monohull,Bavaria,Cruiser 46,129000.0,194355.0,130253.33511487811
222,monohull,Bavaria,Cruiser 46,127548.0,194355.0,130253.33511487811
223,monohull,Bavaria,Cruiser 46,109350.0,194355.0,130253.33511487811
224,monohull,Bavaria,Cruiser 46,108112.0,194355.0,130253.33511487811
225,monohull,Bavaria,Cruiser 46,103188.0,194355.0,130253.33511487811
226,monohull,Bavaria,Cruiser 46,102034.0,194355.0,130253.33511487811
227,monohull,Bavaria,Cruiser 46,100820.0,194355.0,130253.33511487811
228,monohull,Bavaria,Cruiser 46,99881.0,194355.0,130253.33511487811
229,monohull,Bavaria,Cruiser 50,184900.0,189500.0,163079.48693426859
230,monohull,Bavaria,50 Cruiser,173094.0,189500.0,143129.76754293987
231,monohull,Bavaria,50 Cruiser,127543.0,189500.0,143129.76754293987
232,monohull,Bavaria,50 Cruiser,121470.0,189500.0,153339.17994867
233,monohull,Bavaria,50 Cruiser,117826.0,189500.0,153339.17994867
234,monohull,Bavaria,50 Cruiser,97176.0,189500.0,153339.17994867
235,monohull,Bavaria,50 Cruiser,121470.0,189500.0,166114.91644286574
236,monohull,Bavaria,50 Cruiser,115396.0,189500.0,166114.91644286574
237,monohull,Bavaria,50 Cruiser,139690.0,189500.0,177997.82907744966
238,monohull,Beneteau,Cyclades 39.3,149000.0,189500.0,119468.83037239512
239,monohull,Beneteau,Cyclades 39.3,74115.0,189500.0,82732.31309426654
240,monohull,Beneteau,Cyclades 39.3,72639.0,189500.0,82732.31309426654
241,monohull,Beneteau,Cyclades 39.3,71667.0,189500.0,88633.58938472062
242,monohull,Beneteau,First 40.7,160000.0,193137.0,115563.64005255836
243,monohull,Beneteau,Cyclades 39.3,90838.0,189500.0,119332.5618675576
244,monohull,Beneteau,Cyclades 39.3,99000.0,189500.0,115445.59090154765
245,monohull,Beneteau,Cyclades 39.3,99630.0,189500.0,98896.8116396266
246,monohull,Beneteau,Cyclades 39.3,91102.0,189500.0,100031.0929325998
247,monohull,Beneteau,423,176000.0,191922.0,150589.09502778022
248,monohull,Beneteau,Cyclades 43.4,97176.0,194355.0,106081.48672392157
249,monohull,Beneteau,Cyclades 43.4,95961.0,194355.0,106081.48672392157
250,monohull,Beneteau,Cyclades 43.4,88673.0,194355.0,106081.48672392157
251,monohull,Beneteau,Cyclades 43.4,87458.0,194355.0,106081.48672392157
252,monohull,Beneteau,Oceanis 423,145900.0,193137.0,149587.48600036558
253,monohull,Beneteau,Oceanis Clipper 423,85017.0,191922.0,112912.8887716268
254,monohull,Beneteau,Oceanis Clipper 423,145764.0,191922.0,129938.56619521712
255,monohull,Beneteau,Cyclades 43.3,95961.0,193137.0,131142.31928708017
256,monohull,Beneteau,Oceanis 423,155969.0,193137.0,154757.94374579325
257,monohull,Beneteau,Oceanis 423,144900.0,193137.0,154757.94374579325
258,monohull,Beneteau,Oceanis 423,139900.0,193137.0,154757.94374579325
259,monohull,Beneteau,Oceanis 423,142000.0,193137.0,154234.44147398305
260,monohull,Beneteau,Oceanis 423,155000.0,193137.0,149587.48600036558
261,monohull,Beneteau,Oceanis Clipper 423,95961.0,191922.0,131464.65633251748
262,monohull,Beneteau,423,85000.0,191922.0,124371.75475965597
263,monohull,Beneteau,Oceanis 423,159900.0,193137.0,142144.5606504249
264,monohull,Beneteau,First 44.7,149000.0,189500.0,162301.82238463176
265,monohull,Beneteau,First 44.7,131187.0,189500.0,120966.59486592343
266,monohull,Beneteau,First 44.7,151837.0,189500.0,131045.14974749056
267,monohull,Beneteau,First 44.7,155000.0,189500.0,167766.4093507773
268,monohull,Beneteau,Oceanis 473,229000.0,194351.0,204477.98103819074
269,monohull,Beneteau,Oceanis 473,151837.0,194351.0,134836.08082651193
270,monohull,Beneteau,Oceanis 473,299000.0,194351.0,194498.91430061392
271,monohull,Beneteau,Oceanis 473,151876.0,194351.0,167699.30443049985
272,monohull,Beneteau,Oceanis 473,151876.0,194351.0,167699.30443049985
273,monohull,Beneteau,Oceanis 473,151876.0,194351.0,167699.30443049985
274,monohull,Beneteau,Oceanis Clipper 473,144586.0,194351.0,167699.30443049985
275,monohull,Beneteau,Oceanis Clipper 473,144586.0,194351.0,167699.30443049985
276,monohull,Beneteau,First 50,241734.0,191922.0,191607.10219883962
277,monohull,Beneteau,Oceanis 50,194359.0,189500.0,165464.60126379487
278,monohull,Beneteau,Oceanis 50,194351.0,189500.0,165464.60126379487
279,monohull,Beneteau,Oceanis 50,188278.0,189500.0,165464.60126379487
280,monohull,Beneteau,Oceanis 50,185858.0,189500.0,165464.60126379487
281,monohull,Beneteau,Oceanis 50,189000.0,189500.0,178421.86234147413
282,monohull,Beneteau,Oceanis 50,205284.0,189500.0,179250.58959092072
283,monohull,Beneteau,Oceanis 50,206498.0,189500.0,190279.228424996
284,monohull,Beneteau,Oceanis 50,224719.0,189500.0,184624.38019047878
285,monohull,Beneteau,Oceanis 50,157668.0,189500.0,192786.8040600893
286,monohull,Beneteau,Oceanis 50,199781.0,189500.0,216618.96758092876
287,monohull,Beneteau,Cyclades 50.5,103249.0,194355.0,176759.68249826037
288,monohull,Beneteau,Cyclades 50.5,144549.0,194355.0,223395.4159799398
289,monohull,Beneteau,Oceanis 51,139000.0,193137.0,198223.4307499496
290,monohull,Beneteau,Cyclades 50.5,199900.0,194355.0,263838.1479568309
291,monohull,Beneteau,523,337000.0,193137.0,298975.407172903
292,monohull,Beneteau,Oceanis Clipper 523,176131.0,189500.0,198753.07488214417
293,monohull,Beneteau,Oceanis Clipper 523,230792.0,189500.0,212930.08462101637
294,monohull,Beneteau,Oceanis 523 A,194108.0,193137.0,251272.24090294752
295,monohull,Beneteau,Oceanis 523,361980.0,191922.0,248771.5270806547
296,monohull,Beneteau,Oceanis 523,252657.0,191922.0,248771.5270806547
297,monohull,C&C,115,129900.0,194351.0,181169.61239559972
298,monohull,C&C,115,144900.0,194351.0,181169.61239559972
299,monohull,C&C,115,129000.0,194351.0,177831.72052562507
300,monohull,Cabo Rico,42,349000.0,193137.0,293930.0378757893
301,monohull,Catalina,387,135900.0,189500.0,140253.02586662874
302,monohull,Catalina,387,159900.0,189500.0,140908.84232916904
303,monohull,Catalina,400 MK II,145000.0,194355.0,152040.003239369
304,monohull,Catalina,42 MK II,159900.0,191922.0,190657.1422207386
305,monohull,Catalina,Morgan 440,219000.0,194351.0,226165.53435626908
306,monohull,Catalina,Morgan 440 DS Sloop,200000.0,189500.0,217683.77964635726
307,monohull,Comar,Comet 41S,139690.0,191922.0,136891.91464489268
308,monohull,Comar,Comet 41S,120255.0,191922.0,136891.91464489268
309,monohull,Delphia,40,78945.0,189500.0,150408.8803321119
310,monohull,Delphia,40,159277.0,189500.0,174688.9780084624
311,monohull,Dufour,385 GL,103249.0,189500.0,103776.27371965177
312,monohull,Dufour,40 Performance,108108.0,189500.0,114966.05092692071
313,monohull,Dufour,44 Performance,132402.0,191922.0,137660.28816598686
314,monohull,Dufour,455,145764.0,191922.0,136592.2731481115
315,monohull,Dufour,455 GL,132402.0,194351.0,144707.37374274852
316,monohull,Dufour,455,163984.0,191922.0,157188.46908707358
317,monohull,Dufour,455 GL,168886.0,194351.0,163937.9673574693
318,monohull,Elan,Impression 384,100212.0,193137.0,81359.75907609213
319,monohull,Elan,Impression 384,93076.0,193137.0,81359.75907609213
320,monohull,Elan,Impression 384,72882.0,193137.0,81359.75907609213
321,monohull,Elan,Impression 384,59520.0,193137.0,81359.75907609213
322,monohull,Elan,434 Impression,109080.0,189500.0,115704.57375875027
323,monohull,Elan,Impression 434,168843.0,194351.0,148068.94196389575
324,monohull,Elan,Impression 434,129973.0,194351.0,148175.6610264345
325,monohull,Elan,Impression 434,106893.0,194351.0,148175.6610264345
326,monohull,Elan,Impression 434,201697.0,194351.0,155006.68354391935
327,monohull,Grand Soleil,40,145744.0,189500.0,162588.41692339227
328,monohull,Grand Soleil,40,111752.0,189500.0,162588.41692339227
329,monohull,Grand Soleil,43,157911.0,191922.0,162324.80301499442
330,monohull,Grand Soleil,45,200425.0,194355.0,200241.67939421724
331,monohull,Grand Soleil,45,193137.0,194355.0,200241.67939421724
332,monohull,Grand Soleil,45,176176.0,194355.0,200241.67939421724
333,monohull,Grand Soleil,45,156742.0,194355.0,208001.0581964733
334,monohull,Grand Soleil,45,144549.0,194355.0,208001.0581964733
335,monohull,Grand Soleil,50,273182.0,191922.0,252160.86208668846
336,monohull,Grand Soleil,50,206498.0,191922.0,254008.42622617664
337,monohull,Hanse,400,108135.0,193137.0,123932.2555767057
338,monohull,Hanse,400,93249.0,193137.0,105696.02058369604
339,monohull,Hanse,400e,91102.0,194351.0,113806.60368680843
340,monohull,Hanse,400e,139690.0,194351.0,146856.13930086393
341,monohull,Hanse,400,115275.0,193137.0,147367.8211963167
342,monohull,Hanse,411,100820.0,189500.0,122116.90756652424
343,monohull,Hanse,461,200425.0,194351.0,183347.67178448488
344,monohull,Hanse,461,194351.0,194351.0,167012.0388971619
345,monohull,Hanse,461,162769.0,194351.0,167012.0388971619
346,monohull,Hanse,461,143371.0,194351.0,167012.0388971619
347,monohull,Hanse,461,143371.0,194351.0,167012.0388971619
348,monohull,Hanse,470e,199990.0,194351.0,192370.50155091213
349,monohull,Hanse,540e,267233.0,193137.0,261770.93148667764
350,monohull,Hanse,531,179782.0,194351.0,283628.5227065897
351,monohull,Hanse,531,179775.0,194351.0,283628.5227065897
352,monohull,Harmony,38,66549.0,193137.0,173996.1381631861
353,monohull,Harmony,47,82588.0,193137.0,228894.36858015417
354,monohull,Hunter,380,109000.0,191922.0,105813.41970507186
355,monohull,Hunter,38,95000.0,194351.0,125830.155103804
356,monohull,Hunter,38,95961.0,194351.0,106088.25278950193
357,monohull,Hunter,38,89900.0,194351.0,122575.54572517064
358,monohull,Hunter,38,117300.0,194351.0,128327.91091705032
359,monohull,Hunter,38,108551.0,194351.0,128327.91091705032
360,monohull,Hunter,38,94500.0,194351.0,128327.91091705032
361,monohull,Hunter,38,119000.0,194351.0,122575.54572517064
362,monohull,Hunter,38,105000.0,194351.0,120622.31402117385
363,monohull,Hunter,38,109400.0,194351.0,122575.54572517064
364,monohull,Hunter,41,120000.0,189500.0,138667.2397482485
365,monohull,Hunter,41 DS,95948.0,191922.0,101189.29481332086
366,monohull,Hunter,41 Deck Salon,94733.0,191922.0,101189.29481332086
367,monohull,Hunter,41 DS,139000.0,191922.0,140244.89302672684
368,monohull,Hunter,41 DS,149500.0,191922.0,134653.18994677596
369,monohull,Hunter,41 DS,149000.0,191922.0,134653.18994677596
370,monohull,Hunter,41 DS,174500.0,191922.0,136863.62110357799
371,monohull,Hunter,44,163000.0,193137.0,163949.17152961777
372,monohull,Hunter,44 Deck Salon,159000.0,191922.0,164672.00919065205
373,monohull,Hunter,44 DS,169900.0,191922.0,182662.85998679302
374,monohull,Hunter,45 Center Cockpit,205000.0,191922.0,193195.0195538306
375,monohull,Hunter,45 Center Cockpit,167500.0,191922.0,188403.97897432823
376,monohull,Hunter,45cc,179900.0,189500.0,188467.79944033324
377,monohull,Island Packet,440,350000.0,189500.0,279459.12547509535
378,monohull,Island Packet,445,279854.0,193137.0,263961.23656022985
379,monohull,Island Packet,445,279845.0,193137.0,263961.23656022985
380,monohull,Island Packet,440,376505.0,189500.0,294789.2790632184
381,monohull,Island Packet,440,340008.0,189500.0,294789.2790632184
382,monohull,Island Packet,485,533252.0,189500.0,457627.1642114015
383,monohull,J Boats,J 122,189000.0,194351.0,205456.71718034055
384,monohull,Jeanneau,Sun Odyssey 40.3,119648.0,194355.0,88725.55418131896
385,monohull,Jeanneau,Sun Odyssey 40.3,72760.0,194355.0,88725.55418131896
386,monohull,Jeanneau,Sun Odyssey 40.3,129500.0,194355.0,127424.34191647665
387,monohull,Jeanneau,Sun Odyssey 40.3,115396.0,194355.0,101755.24498808502
388,monohull,Jeanneau,Sun Odyssey 40.3,103249.0,194355.0,101755.24498808502
389,monohull,Jeanneau,Sun Odyssey 40.3,129900.0,194355.0,131924.66461775562
390,monohull,Jeanneau,Sun Odyssey 40.3,113913.0,194355.0,121062.1763111731
391,monohull,Jeanneau,Sun Odyssey 42 DS,180000.0,194355.0,127085.40673973232
392,monohull,Jeanneau,Sun Odyssey 42 DS,159000.0,194355.0,150626.98212582275
393,monohull,Jeanneau,Sun Odyssey 42 DS,133230.0,194355.0,123809.14573438137
394,monohull,Jeanneau,Sun Odyssey 43 DS,198500.0,189500.0,146041.33535420572
395,monohull,Jeanneau,Sun Odyssey 45,173702.0,191922.0,121857.13100957073
396,monohull,Jeanneau,Sun Odyssey 45,139690.0,191922.0,121857.13100957073
397,monohull,Jeanneau,Sun Odyssey 45,115396.0,191922.0,121857.13100957073
398,monohull,Jeanneau,Sun Odyssey 45,169000.0,191922.0,165516.80878011227
399,monohull,Jeanneau,Sun Odyssey 45,109323.0,191922.0,131501.4164616872
400,monohull,Jeanneau,Sun Odyssey 45,103188.0,191922.0,131501.4164616872
401,monohull,Jeanneau,Sun Odyssey 45,156696.0,191922.0,153107.3087443593
402,monohull,Jeanneau,Sun Odyssey 45,132436.0,191922.0,153107.3087443593
403,monohull,Jeanneau,Sun Odyssey 45,132402.0,191922.0,153107.3087443593
404,monohull,Jeanneau,Sun Odyssey 48 DS,206507.0,191922.0,184868.2673858766
405,monohull,Jeanneau,Sun Odyssey 49 DS,132407.0,189500.0,158195.18366540025
406,monohull,Jeanneau,Sun Odyssey 49 DS,278165.0,189500.0,221294.5971130659
407,monohull,Jeanneau,Sun Odyssey 49 DS,175000.0,189500.0,221294.5971130659
408,monohull,Jeanneau,Sun Odyssey 49 DS,200433.0,189500.0,201019.78228312286
409,monohull,Jeanneau,Sun Odyssey 49 Owners version,252667.0,194351.0,173395.73929505513
410,monohull,Jeanneau,Sun Odyssey 49,115396.0,193137.0,167078.01556855885
411,monohull,Jeanneau,Sun Odyssey 49 DS,206507.0,189500.0,183599.68137556023
412,monohull,Jeanneau,Sun Odyssey 49,279900.0,193137.0,226049.17273379513
413,monohull,Jeanneau,Sun Odyssey 49,249900.0,193137.0,226049.17273379513
414,monohull,Jeanneau,Sun Odyssey 49 DS,224728.0,189500.0,196733.3542584142
415,monohull,Jeanneau,Sun Odyssey 54 DS,179775.0,189500.0,231059.88717825306
416,monohull,Jeanneau,Sun Odyssey 54 DS,299771.0,189500.0,247541.334183444
417,monohull,Jeanneau,Sun Odyssey 54 DS,230792.0,189500.0,268165.69684149383
418,monohull,Najad,440 CC,413104.0,194351.0,236663.96610625077
419,monohull,Nordship,DSC 38,200425.0,194351.0,151596.444957221
420,monohull,Oyster,46,499000.0,193137.0,293930.0378757893
421,monohull,Passport,470,489000.0,189500.0,310778.8623487382
422,monohull,Passport,Vista 515 Center Cockpit,635000.0,189500.0,409237.41834764933
423,monohull,Sabre,386,194995.0,193137.0,175933.68071029324
424,monohull,Sabre,426,285000.0,189500.0,209539.27489980866
425,monohull,Sabre,426,285000.0,189500.0,220760.7767808975
426,monohull,Tayana,48,386000.0,194351.0,341345.9020642842
427,monohull,Wauquiez,Centurion 40s,170057.0,194351.0,182142.6175498343
428,monohull,Wauquiez,Pilot Saloon 41,156696.0,194355.0,202906.25252711703
429,monohull,Wauquiez,Pilot Saloon 41,193137.0,194355.0,197503.17245136545
430,monohull,Wauquiez,Pilot Saloon 47,279391.0,193137.0,234748.87148361234
431,monohull,X-Yachts,X-40,180990.0,191922.0,201804.97615211282
432,monohull,X-Yachts,X-40,212572.0,191922.0,186091.7096927295
433,monohull,X-Yachts,X-43,208928.0,194351.0,243495.26757733925
434,monohull,X-Yachts,X-50,425144.0,194351.0,375793.68094346265
435,monohull,X-Yachts,50,358209.0,189500.0,386591.7535179917
436,monohull,X-Yachts,X-50,388703.0,194351.0,381961.01640425087
437,monohull,Zuanelli,52 DH,346188.0,189500.0,339211.7082603982
438,monohull,Allures,44,290312.0,189500.0,234698.89434289216
439,monohull,Alubat,Ovni 395,194351.0,194351.0,174358.2531656916
440,monohull,Alubat,CIGALE 16,352262.0,189500.0,430726.9518483847
441,monohull,Amel,54,504099.0,189500.0,488966.6283555211
442,monohull,Archambault,40 RC,119024.0,194351.0,145061.9852016439
443,monohull,Bavaria,39 Cruiser,123292.0,194351.0,80645.65599129502
444,monohull,Bavaria,39 Cruiser,91102.0,194351.0,80645.65599129502
445,monohull,Bavaria,39 Cruiser,85900.0,194351.0,110151.79566238268
446,monohull,Bavaria,39 Cruiser,97176.0,194351.0,88535.45735917085
447,monohull,Bavaria,39 Cruiser,69238.0,194351.0,88535.45735917085
448,monohull,Bavaria,39 Cruiser,68040.0,194351.0,88535.45735917085
449,monohull,Bavaria,39 Cruiser,68023.0,194351.0,88535.45735917085
450,monohull,Bavaria,39 Cruiser,67537.0,194351.0,88535.45735917085
451,monohull,Bavaria,39 Cruiser,91102.0,194351.0,100301.19781130845
452,monohull,Bavaria,39 Cruiser,99898.0,194351.0,109582.26180151047
453,monohull,Bavaria,44 Vision,139690.0,189500.0,145184.2147352878
454,monohull,Bavaria,44 Vision,156696.0,189500.0,134990.3392894241
455,monohull,Bavaria,44 Vision,176131.0,189500.0,167606.8733025376
456,monohull,Bavaria,Cruiser 46,133009.0,194355.0,126086.74847742362
457,monohull,Bavaria,Cruiser 46,131795.0,194355.0,126086.74847742362
458,monohull,Bavaria,Cruiser 46,91831.0,194355.0,126086.74847742362
459,monohull,Bavaria,46 Cruiser,129900.0,191922.0,166235.76308376246
460,monohull,Bavaria,Cruiser 46,105705.0,194355.0,136027.32414527793
461,monohull,Bavaria,Cruiser 46,115396.0,194355.0,144603.0751732699
462,monohull,Bavaria,Cruiser 46,151892.0,194355.0,139679.23534270196
463,monohull,Bavaria,50 Cruiser,180382.0,189500.0,149462.94583472132
464,monohull,Bavaria,50 Cruiser,173094.0,189500.0,149462.94583472132
465,monohull,Bavaria,50 Cruiser,108108.0,189500.0,149462.94583472132
466,monohull,Bavaria,50 Cruiser,107486.0,189500.0,149462.94583472132
467,monohull,Bavaria,50 Cruiser,94746.0,189500.0,149462.94583472132
468,monohull,Bavaria,50 Cruiser,145769.0,189500.0,173465.1371608686
469,monohull,Bavaria,50 Cruiser,133617.0,189500.0,173465.1371608686
470,monohull,Bavaria,50 Cruiser,121470.0,189500.0,173465.1371608686
471,monohull,Bavaria,50 Cruiser,184634.0,189500.0,184137.81808435408
472,monohull,Bavaria,50 Cruiser,182212.0,189500.0,185873.84261711626
473,monohull,Bavaria,Cruiser 46,152910.0,194355.0,141313.53164929638
474,monohull,Bavaria,Cruiser 50,200498.0,189500.0,168942.44946100243
475,monohull,Beneteau,Cyclades 39.3,78955.0,189500.0,86393.03649452137
476,monohull,Beneteau,Cyclades 39.3,72639.0,189500.0,86393.03649452137
477,monohull,Beneteau,Cyclades 39.3,66808.0,189500.0,86393.03649452137
478,monohull,Beneteau,Cyclades 39.3,87458.0,189500.0,109780.26627940217
479,monohull,Beneteau,Cyclades 39.3,70452.0,189500.0,92555.43131774534
480,monohull,Beneteau,Cyclades 39.3,94746.0,189500.0,107439.37622074493
481,monohull,Beneteau,Cyclades 39.3,83814.0,189500.0,107439.37622074493
482,monohull,Beneteau,First 40.7,91125.0,193137.0,91779.04805028671
483,monohull,Beneteau,Oceanis 40,95985.0,194355.0,98318.90408633792
484,monohull,Beneteau,Oceanis 40,146488.0,194355.0,111623.00567362206
485,monohull,Beneteau,Oceanis 40,106562.0,194355.0,111623.00567362206
486,monohull,Beneteau,Oceanis 40,108135.0,194355.0,108567.40777023835
487,monohull,Beneteau,Oceanis 43,115396.0,194351.0,108859.02326223659
488,monohull,Beneteau,Cyclades 43.4,114789.0,194355.0,110783.96393981947
489,monohull,Beneteau,Cyclades 43.4,87458.0,194355.0,110783.96393981947
490,monohull,Beneteau,Oceanis 423,138900.0,193137.0,145731.82560303443
491,monohull,Beneteau,Oceanis Clipper 423,127543.0,191922.0,137575.5193355696
492,monohull,Beneteau,Cyclades 43.4,112951.0,194355.0,119518.0806461901
493,monohull,Beneteau,Cyclades 43.4,91102.0,194355.0,119518.0806461901
494,monohull,Beneteau,Cyclades 43,91041.0,191922.0,118274.16934937087
495,monohull,Beneteau,423,125000.0,191922.0,126274.99360539734
496,monohull,Beneteau,Oceanis 423,154900.0,193137.0,150497.6216749283
497,monohull,Beneteau,Cyclades 43.3,113246.0,193137.0,158229.1496789443
498,monohull,Beneteau,Cyclades 43.4,129900.0,194355.0,152532.91933701537
499,monohull,Beneteau,423,125000.0,191922.0,129147.91503565671
500,monohull,Beneteau,Oceanis 46,194351.0,191922.0,151882.73334412833
501,monohull,Beneteau,Oceanis 46,174916.0,191922.0,151882.73334412833
502,monohull,Beneteau,Oceanis 46,163991.0,191922.0,151882.73334412833
503,monohull,Beneteau,Oceanis 46 Owner Version,160346.0,194351.0,154468.92033688276
504,monohull,Beneteau,Oceanis 46,130000.0,191922.0,193639.51201286848
505,monohull,Beneteau,Oceanis 46,202854.0,191922.0,165058.9241959389
506,monohull,Beneteau,First 50,299900.0,191922.0,242981.28348687114
507,monohull,Beneteau,First 50,228363.0,191922.0,159892.19137342452
508,monohull,Beneteau,Oceanis 49,269000.0,194351.0,217370.85145707513
509,monohull,Beneteau,First 50,240520.0,191922.0,200704.90712396344
510,monohull,Beneteau,First 50,240510.0,191922.0,200704.90712396344
511,monohull,Beneteau,First 50,212572.0,191922.0,185077.29602399006
512,monohull,Beneteau,Oceanis 50,188278.0,189500.0,187182.03503566838
513,monohull,Beneteau,Oceanis 50,199900.0,189500.0,239179.3686998457
514,monohull,Beneteau,First 50,230761.0,191922.0,187515.57351015796
515,monohull,Beneteau,Cyclades 50.5,139690.0,194355.0,184595.2474522155
516,monohull,Beneteau,Cyclades 50.5,149900.0,194355.0,250651.76533416248
517,monohull,Beneteau,Cyclades 50.5,176131.0,194355.0,199148.58511365578
518,monohull,Beneteau,Cyclades 50.5,150622.0,194355.0,199148.58511365578
519,monohull,Beneteau,Cyclades 50.5,145764.0,194355.0,199148.58511365578
520,monohull,Beneteau,Cyclades 50.5,174900.0,194355.0,256384.5491659295
521,monohull,Beneteau,523,279000.0,193137.0,279030.1378914089
522,monohull,Beneteau,Oceanis Clipper 523,191922.0,189500.0,263732.08566706744
523,monohull,Beneteau,Oceanis Clipper 523,218645.0,189500.0,222351.7738526742
524,monohull,Beneteau,Oceanis 523,194351.0,191922.0,223811.0724514261
525,monohull,Beneteau,Oceanis 50,265000.0,189500.0,182879.28354056602
526,monohull,Beneteau,Oceanis 50,206574.0,189500.0,182301.7120996159
527,monohull,Beneteau,Cyclades 50.5,303785.0,194355.0,188252.87106973727
528,monohull,Bestevaer,53ST,911022.0,193137.0,486855.37271366094
529,monohull,Cabo Rico,42,274000.0,193137.0,297633.1947427129
530,monohull,Caliber,47 LRC SE,339950.0,194355.0,319585.40371386043
531,monohull,Caliber,47LRC,389900.0,191922.0,317365.6896744998
532,monohull,Catalina,42 MK II,159800.0,191922.0,199718.28262954083
533,monohull,Catalina,Morgan 440,209999.0,194351.0,222354.23739482494
534,monohull,Catalina,Morgan 440,214900.0,194351.0,237770.9108066615
535,monohull,Catalina,470,274999.0,194351.0,253418.849216947
536,monohull,Comar,Comet 41S,139671.0,191922.0,143391.75687920355
537,monohull,Comar,Comet 41S,133617.0,191922.0,143391.75687920355
538,monohull,Comar,Comet 41S,97176.0,191922.0,143391.75687920355
539,monohull,Comar,Comet 41S,148173.0,191922.0,152014.95921356184
540,monohull,Comar,Comet 45S,163984.0,191922.0,195405.1265906888
541,monohull,Comar,Comet 52 RS,273318.0,194355.0,314411.62367290753
542,monohull,Comar,Comet 52 RS,267244.0,194355.0,314411.62367290753
543,monohull,Contest,50CS,582470.0,189500.0,364059.9838071465
544,monohull,Contest,55CS,589128.0,194351.0,554931.9620462861
545,monohull,Dehler,39 SQ,193793.0,194355.0,161118.4849734432
546,monohull,Dehler,44,193137.0,194351.0,232880.12575516777
547,monohull,Dehler,44 SQ,205284.0,194355.0,183868.81413220684
548,monohull,Dehler,47 SQ,261160.0,194355.0,208135.66123278442
549,monohull,Dehler,47,205284.0,191922.0,219934.95658654158
550,monohull,Dehler,47,193186.0,191922.0,238733.48865140005
551,monohull,Delphia,40,91090.0,189500.0,157064.14339976627
552,monohull,Dufour,385,72908.0,194351.0,102096.32464657613
553,monohull,Dufour,385 GL,91102.0,189500.0,91364.8769005796
554,monohull,Dufour,385 GL,102034.0,189500.0,98977.11007214866
555,monohull,Dufour,385 GL,91102.0,189500.0,98977.11007214866
556,monohull,Dufour,40 Performance,95985.0,189500.0,112038.45516680073
557,monohull,Dufour,40 Performance,133598.0,189500.0,115397.27924954629
558,monohull,Dufour,455 GL,159171.0,194351.0,172623.42526665673
559,monohull,Dufour,485 GL,212580.0,189500.0,184608.85124065256
560,monohull,Dufour,485 GL,200433.0,189500.0,184608.85124065256
561,monohull,Dufour,485 GL,204069.0,189500.0,197814.71437346807
562,monohull,Dufour,485,194351.0,189500.0,197814.71437346807
563,monohull,Dufour,485 GL,188285.0,189500.0,197814.71437346807
564,monohull,Dufour,525 GL,261160.0,189500.0,224320.49489744846
565,monohull,Elan,410,97041.0,194351.0,96314.20909433281
566,monohull,Elan,434 Impression,84786.0,189500.0,120824.24737639171
567,monohull,Elan,Impression 434,83814.0,194351.0,124322.70958656784
568,monohull,Elan,Impression 434,145156.0,194351.0,154512.17545662745
569,monohull,Elan,Impression 434,200425.0,194351.0,154623.53840889074
570,monohull,Elan,Impression 434,179775.0,194351.0,154623.53840889074
571,monohull,Elan,Impression 434,127543.0,194351.0,154623.53840889074
572,monohull,Elan,514 IMPRESSION,202854.0,194355.0,199154.025909126
573,monohull,Grand Soleil,40,109308.0,189500.0,156724.78347783533
574,monohull,Grand Soleil,40,95948.0,189500.0,176878.21840165198
575,monohull,Grand Soleil,43 BC,176131.0,194351.0,184543.1342937804
576,monohull,Grand Soleil,43,224719.0,191922.0,184782.94246671814
577,monohull,Grand Soleil,45,194230.0,194355.0,230448.9547411294
578,monohull,Grand Soleil,45,193137.0,194355.0,209118.17579433884
579,monohull,Grand Soleil,45,200484.0,194355.0,217221.51944054596
580,monohull,Grand Soleil,50,267244.0,191922.0,229862.7619103911
581,monohull,Grand Soleil,50,267233.0,191922.0,229862.7619103911
582,monohull,Grand Soleil,50,281810.0,191922.0,288535.56814876915
583,monohull,Grand Soleil,50,281810.0,191922.0,248055.06688515315
584,monohull,Grand Soleil,50,285415.0,191922.0,266069.1436245605
585,monohull,Grand Soleil,50,279380.0,191922.0,288810.90966995776
586,monohull,Grand Soleil,54,467658.0,194355.0,370772.7094057074
587,monohull,Grand Soleil,56,473751.0,193137.0,391102.86102549604
588,monohull,Grand Soleil,56,473732.0,193137.0,391102.86102549604
589,monohull,Hallberg-Rassy,40,407217.0,194355.0,233364.92430077863
590,monohull,Hallberg-Rassy,54,789445.0,189500.0,558328.529658716
591,monohull,Hanse,400,120255.0,193137.0,129369.39042589438
592,monohull,Hanse,400,103249.0,193137.0,119134.5637119107
593,monohull,Hanse,400,103154.0,193137.0,127302.38522482979
594,monohull,Hanse,400,103128.0,193137.0,127302.38522482979
595,monohull,Hanse,400,91102.0,193137.0,127302.38522482979
596,monohull,Hanse,430e,136653.0,189500.0,157029.20876816972
597,monohull,Hanse,430e,136046.0,189500.0,157029.20876816972
598,monohull,Hanse,430e,168843.0,189500.0,154468.3730737314
599,monohull,Hanse,430e,157907.0,189500.0,138650.62497973832
600,monohull,Hanse,430,145642.0,191922.0,152965.23785492402
601,monohull,Hanse,470e,181036.0,194351.0,204035.98956872133
602,monohull,Hanse,470e,180990.0,194351.0,204035.98956872133
603,monohull,Hanse,470,236866.0,194355.0,199751.5278273488
604,monohull,Hanse,470e,236866.0,194351.0,194740.11769857001
605,monohull,Hanse,470e,181597.0,194351.0,239830.16212439834
606,monohull,Hanse,540,258730.0,194351.0,277348.5076103063
607,monohull,Hanse,540,253882.0,194351.0,256783.89318212724
608,monohull,Hanse,540e,239750.0,193137.0,316283.802743178
609,monohull,Hunter,38,109700.0,194351.0,134647.3753931556
610,monohull,Hunter,38,105000.0,194351.0,113836.49562821577
611,monohull,Hunter,38,99000.0,194351.0,128076.22705598132
612,monohull,Hunter,45 Center Cockpit,175900.0,191922.0,197358.03591223672
613,monohull,Hunter,45 Center Cockpit,173000.0,191922.0,192530.173098306
614,monohull,Hunter,49,249000.0,194351.0,288343.00193473836
615,monohull,Hunter,49,225000.0,194351.0,258163.01141663129
616,monohull,Hunter,49,249000.0,194351.0,283030.53397062677
617,monohull,Hylas,46,360000.0,191922.0,274924.73720823455
618,monohull,Island Packet,SP Cruiser,265900.0,191922.0,244962.98871388665
619,monohull,Island Packet,SP Cruiser,275000.0,191922.0,238970.59170540093
620,monohull,Island Packet,465,319756.0,194351.0,324948.9250922984
621,monohull,Island Packet,485,447000.0,189500.0,518072.3326437618
622,monohull,J Boats,J 122,225000.0,194351.0,214676.76120949409
623,monohull,J boats,J 122,133617.0,193137.0,179427.9275526142
624,monohull,J Boats,J 122,219000.0,194351.0,204199.96700290285
625,monohull,J Boats,J 122,191363.0,194351.0,211117.71019733895
626,monohull,Jeanneau,Sun Odyssey 39i,75311.0,191922.0,88376.50874753193
627,monohull,Jeanneau,Sun Odyssey 39 DS,145764.0,193137.0,108293.10190080303
628,monohull,Jeanneau,Sun Odyssey 39 DS,112967.0,193137.0,108293.10190080303
629,monohull,Jeanneau,Sun Odyssey 39i,103275.0,191922.0,95370.9970516733
630,monohull,Jeanneau,Sun Odyssey 39 DS,102034.0,193137.0,92358.1183471255
631,monohull,Jeanneau,Sun Odyssey 39i,95985.0,191922.0,95370.9970516733
632,monohull,Jeanneau,Sun Odyssey 39i,91125.0,191922.0,95370.9970516733
633,monohull,Jeanneau,Sun Odyssey 39 DS,115912.0,193137.0,108584.03472772846
634,monohull,Jeanneau,Sun Odyssey 39 DS,115396.0,193137.0,108584.03472772846
635,monohull,Jeanneau,Sun Odyssey 39i,103275.0,191922.0,102296.96103691218
636,monohull,Jeanneau,Sun Odyssey 39i,99605.0,191922.0,102296.96103691218
637,monohull,Jeanneau,Sun Odyssey 39i Performance,111780.0,194355.0,106290.57864598045
638,monohull,Jeanneau,42 DS,169000.0,191922.0,160264.50455043744
639,monohull,Jeanneau,Sun Odyssey 42i,84786.0,191922.0,106010.84015916211
640,monohull,Jeanneau,Sun Odyssey 42 DS,175000.0,194355.0,141941.42321328708
641,monohull,Jeanneau,Sun Odyssey 42i,168717.0,191922.0,143678.52465896064
642,monohull,Jeanneau,Sun Odyssey 42i,200398.0,191922.0,114400.98355941438
643,monohull,Jeanneau,Sun Odyssey 42 DS,169000.0,194355.0,118445.77985917738
644,monohull,Jeanneau,Sun Odyssey 42 DS,129000.0,194355.0,118445.77985917738
645,monohull,Jeanneau,Sun Odyssey 42i,139671.0,191922.0,122708.92954407395
646,monohull,Jeanneau,Sun Odyssey 42i,121440.0,191922.0,122708.92954407395
647,monohull,Jeanneau,Sun Odyssey 42 DS,168000.0,194355.0,152124.57234069303
648,monohull,Jeanneau,Sun Odyssey 42,149900.0,191922.0,152466.8670452676
649,monohull,Jeanneau,Sun Odyssey 42i,160340.0,191922.0,132135.99347618988
650,monohull,Jeanneau,Sun Odyssey 45,127576.0,191922.0,127643.0981993978
651,monohull,Jeanneau,Sun Odyssey 45,109350.0,191922.0,127643.0981993978
652,monohull,Jeanneau,Sun Odyssey 45,111752.0,191922.0,137745.30941041705
653,monohull,Jeanneau,Sun Odyssey 45,145807.0,191922.0,147748.55024468485
654,monohull,Jeanneau,Sun Odyssey 45,145764.0,191922.0,147748.55024468485
655,monohull,Jeanneau,Sun Odyssey 45 Performance,133651.0,193137.0,146083.1951620365
656,monohull,Jeanneau,Sun Odyssey 45,121470.0,191922.0,147748.55024468485
657,monohull,Jeanneau,Sun Odyssey 45,120285.0,191922.0,147748.55024468485
658,monohull,Jeanneau,Sun Odyssey 45,120255.0,191922.0,147748.55024468485
659,monohull,Jeanneau,Sun Odyssey 45,109350.0,191922.0,147748.55024468485
660,monohull,Jeanneau,Sun Odyssey 45 DS,162811.0,193137.0,156098.6048546071
661,monohull,Jeanneau,Sun Odyssey 45,109229.0,191922.0,160377.0832547079
662,monohull,Jeanneau,Sun Odyssey 49 DS,249000.0,189500.0,253520.0468786639
663,monohull,Jeanneau,Sun Odyssey 49 DS,230802.0,189500.0,165194.9735780997
664,monohull,Jeanneau,Sun Odyssey 49 DS,230792.0,189500.0,165194.9735780997
665,monohull,Jeanneau,Sun Odyssey 49 DS,230761.0,189500.0,165194.9735780997
666,monohull,Jeanneau,Sun Odyssey 49 DS,229587.0,189500.0,165194.9735780997
667,monohull,Jeanneau,Sun Odyssey 49 DS,229578.0,189500.0,165194.9735780997
668,monohull,Jeanneau,Sun Odyssey 49,168820.0,193137.0,163719.66995170203
669,monohull,Jeanneau,Sun Odyssey 49i,163991.0,189500.0,165194.9735780997
670,monohull,Jeanneau,Sun Odyssey 49i,127543.0,189500.0,165194.9735780997
671,monohull,Jeanneau,Sun Odyssey 49 DS,169000.0,189500.0,231447.53597914765
672,monohull,Jeanneau,Sun Odyssey 49DS,205284.0,189500.0,191723.5645930527
673,monohull,Jeanneau,Sun Odyssey 54 DS,278165.0,189500.0,241283.7804095459
674,monohull,Jeanneau,Sun Odyssey 54 DS,267244.0,189500.0,306601.0726910902
675,monohull,Jeanneau,Sun Odyssey 54 DS,303674.0,189500.0,258494.49529647993
676,monohull,Jeanneau,Sun Odyssey 54 DS,303633.0,189500.0,258494.49529647993
677,monohull,Jeanneau,Sun Odyssey 54 DS,325868.0,189500.0,300063.2911082914
678,monohull,Jeanneau,Sun Odyssey 54 DS,325539.0,189500.0,300063.2911082914
679,monohull,Jeanneau,Sun Odyssey 54 DS,309000.0,189500.0,275629.34968097066
680,monohull,Jeanneau,Sun Odyssey 54 DS,339500.0,189500.0,373385.32689981424
681,monohull,Malo,40 Classic MK Il,425144.0,191922.0,161680.62391807738
682,monohull,Maxi,1300,302459.0,194355.0,172542.4910897138
683,monohull,Maxi,1300,346474.0,194355.0,205280.5187577098
684,monohull,Nautor,Swan 46,546613.0,193137.0,262229.7302511375
685,monohull,Oyster,53,646174.0,189500.0,455986.12545720517
686,monohull,Poncin,HARMONY 47,163991.0,194351.0,281086.89913612936
687,monohull,Poncin,harmony 52,91102.0,189500.0,305207.87815984606
688,monohull,Poncin,harmony 52,115396.0,189500.0,326978.2837931598
689,monohull,Rustler,42,358393.0,194355.0,219085.31258446036
690,monohull,Sly,42,206498.0,191922.0,182606.0296809424
691,monohull,Sly,42,205284.0,191922.0,182606.0296809424
692,monohull,Sly,53,388703.0,189500.0,377325.1379888841
693,monohull,Southerly,135,295000.0,191922.0,263511.10016662744
694,monohull,Sweden Yachts,45,351047.0,191922.0,254112.85671686957
695,monohull,Tayana,Pilothouse,275000.0,194351.0,298621.63606696454
696,monohull,Tayana,52 DS,365000.0,191922.0,452771.6647445806
697,monohull,Vismara,V52,425161.0,194355.0,348611.01859245985
698,monohull,Vismara,V52,425144.0,194355.0,348611.01859245985
699,monohull,Vismara,52 Carbon,422714.0,193137.0,354673.1753150141
700,monohull,Wauquiez,Pilot Saloon 41,188278.0,194355.0,193128.3673831422
701,monohull,X-Yachts,X-40,184634.0,191922.0,211386.99208410003
702,monohull,X-Yachts,X-40,182204.0,191922.0,194927.6351544605
703,monohull,X-Yachts,X-40,180990.0,191922.0,194927.6351544605
704,monohull,X-Yachts,X-40,170056.0,191922.0,194927.6351544605
705,monohull,X-Yachts,41,224776.0,189500.0,184178.7555121593
706,monohull,X-Yachts,41,206470.0,189500.0,184178.7555121593
707,monohull,X-Yachts,X-46,224776.0,189500.0,291994.269209323
708,monohull,X-Yachts,X-46,241725.0,189500.0,304197.40773744026
709,monohull,X-Yachts,X-55,570907.0,189500.0,514808.98181990936
710,monohull,Allures,44,289098.0,189500.0,245735.05403746862
711,monohull,Allures,44,425144.0,189500.0,240495.1437643794
712,monohull,Amel,54,558760.0,189500.0,477781.37459847727
713,monohull,Archambault,40 RC,127543.0,194351.0,176362.54128855965
714,monohull,Archambault,40 RC,127526.0,194351.0,176362.54128855965
715,monohull,Bavaria,38 Cruiser,97176.0,193137.0,93476.87191090082
716,monohull,Bavaria,38 Cruiser,69238.0,193137.0,93476.87191090082
717,monohull,Bavaria,38 Cruiser,92351.0,193137.0,92414.80631144698
718,monohull,Bavaria,38 Cruiser,82599.0,193137.0,99885.61158783059
719,monohull,Bavaria,39 Cruiser,93693.0,194351.0,115406.52585055126
720,monohull,Bavaria,39 Cruiser,95961.0,194351.0,104949.15585794326
721,monohull,Bavaria,40 Cruiser,97200.0,194351.0,89918.26859566466
722,monohull,Bavaria,40 Cruiser,97162.0,194351.0,89918.26859566466
723,monohull,Bavaria,40 Cruiser,94746.0,194351.0,98715.2368866742
724,monohull,Bavaria,40 Cruiser,91090.0,194351.0,98715.2368866742
725,monohull,Bavaria,40 Cruiser,84807.0,194351.0,98715.2368866742
726,monohull,Bavaria,40 Cruiser,81385.0,194351.0,98715.2368866742
727,monohull,Bavaria,40 Cruiser,72840.0,194351.0,98715.2368866742
728,monohull,Bavaria,40 Cruiser,69238.0,194351.0,98715.2368866742
729,monohull,Bavaria,40 Cruiser,106893.0,194351.0,104480.79578443935
730,monohull,Bavaria,42 Cruiser,78955.0,194355.0,101993.27933952666
731,monohull,Bavaria,42 Cruiser,120255.0,194355.0,121504.03616345617
732,monohull,Bavaria,Cruiser 46,120862.0,194355.0,132019.49666322596
733,monohull,Bavaria,Cruiser 46,117826.0,194355.0,132019.49666322596
734,monohull,Bavaria,Cruiser 46,91831.0,194355.0,132019.49666322596
735,monohull,Bavaria,Cruiser 46,151473.0,194355.0,165952.92355095936
736,monohull,Bavaria,Cruiser 46,109327.0,194355.0,142427.8053242094
737,monohull,Bavaria,Cruiser 46,103249.0,194355.0,142427.8053242094
738,monohull,Bavaria,Cruiser 46,144555.0,194355.0,151407.07037701065
739,monohull,Bavaria,Cruiser 46,109327.0,194355.0,151407.07037701065
740,monohull,Bavaria,Cruiser 46,109323.0,194355.0,151407.07037701065
741,monohull,Bavaria,Cruiser 46,133622.0,194355.0,157274.10473244163
742,monohull,Bavaria,50 Cruiser,226535.0,189500.0,156491.08690573942
743,monohull,Bavaria,50 Cruiser,103249.0,189500.0,156491.08690573942
744,monohull,Bavaria,Cruiser 50,285000.0,189500.0,176594.94295568837
745,monohull,Bavaria,50 Cruiser,176131.0,189500.0,167653.55905579258
746,monohull,Bavaria,50 Cruiser,157911.0,189500.0,167653.55905579258
747,monohull,Bavaria,50 Cruiser,133617.0,189500.0,167653.55905579258
748,monohull,Bavaria,50 Cruiser,132402.0,189500.0,167653.55905579258
749,monohull,Bavaria,50 Cruiser,127526.0,189500.0,167653.55905579258
750,monohull,Bavaria,50 Cruiser,193137.0,189500.0,181621.9244372162
751,monohull,Bavaria,50 Cruiser,133622.0,189500.0,181621.9244372162
752,monohull,Bavaria,50 Cruiser,159878.0,189500.0,195337.21166218948
753,monohull,Bavaria,50 Cruiser,182212.0,189500.0,194614.11988135465
754,monohull,Bavaria,50 Cruiser,163984.0,189500.0,189212.33883011562
755,monohull,Beneteau,Cyclades 39.3,78955.0,189500.0,96907.63128648787
756,monohull,Beneteau,Oceanis 40,103275.0,194355.0,95422.09487334764
757,monohull,Beneteau,Oceanis 40,84786.0,194355.0,95422.09487334764
758,monohull,Beneteau,Oceanis 40,82599.0,194355.0,95422.09487334764
759,monohull,Beneteau,Oceanis 40,123899.0,194355.0,120597.9682505855
760,monohull,Beneteau,Oceanis 40,115396.0,194355.0,102945.09444251731
761,monohull,Beneteau,Oceanis 40,95985.0,194355.0,102945.09444251731
762,monohull,Beneteau,Oceanis 40,109323.0,194355.0,109435.19858180998
763,monohull,Beneteau,Oceanis 40,139000.0,194355.0,137378.3859427796
764,monohull,Beneteau,Oceanis 40,155969.0,194355.0,137328.13585190923
765,monohull,Beneteau,Oceanis 40,100820.0,194355.0,116875.19269883141
766,monohull,Beneteau,Oceanis 40,159000.0,194355.0,141079.92222986714
767,monohull,Beneteau,43,189500.0,194355.0,174525.3468655847
768,monohull,Beneteau,43,159500.0,194355.0,156330.6091806252
769,monohull,Beneteau,43,154000.0,194355.0,156330.6091806252
770,monohull,Beneteau,Oceanis 43,133617.0,194351.0,125047.06989423338
771,monohull,Beneteau,Oceanis 43,133598.0,194351.0,125047.06989423338
772,monohull,Beneteau,Oceanis 43,121457.0,194351.0,125047.06989423338
773,monohull,Beneteau,Cyclades 43.4,109311.0,194355.0,125141.75390834283
774,monohull,Beneteau,Oceanis 43,95961.0,194351.0,125047.06989423338
775,monohull,Beneteau,Oceanis 43,91090.0,194351.0,125047.06989423338
776,monohull,Beneteau,Oceanis 43,121470.0,194351.0,132350.5649696267
777,monohull,Beneteau,Oceanis 43,115396.0,194351.0,132350.5649696267
778,monohull,Beneteau,43,159900.0,194355.0,167546.06602490676
779,monohull,Beneteau,Oceanis 43,169000.0,194351.0,165116.33641185626
780,monohull,Beneteau,43,165000.0,194355.0,164322.80504400277
781,monohull,Beneteau,Oceanis 43,163962.0,194351.0,141664.94721209942
782,monohull,Beneteau,Oceanis 43,144549.0,194351.0,141664.94721209942
783,monohull,Beneteau,Oceanis 43,188278.0,194351.0,135853.03902715255
784,monohull,Beneteau,Oceanis 43.4,131187.0,194355.0,138186.2008319292
785,monohull,Beneteau,Oceanis 423,174000.0,193137.0,167670.43999728555
786,monohull,Beneteau,First 45,206308.0,189500.0,139894.6416417549
787,monohull,Beneteau,First 45,188278.0,189500.0,177765.1490634584
788,monohull,Beneteau,First 45,212572.0,189500.0,162360.26303999292
789,monohull,Beneteau,Oceanis 46,199000.0,191922.0,201047.18156189425
790,monohull,Beneteau,Oceanis 46,169493.0,191922.0,185504.9800438223
791,monohull,Beneteau,Oceanis 46,185000.0,191922.0,213344.57584236754
792,monohull,Beneteau,Oceanis 46,182204.0,191922.0,184202.57410913843
793,monohull,Beneteau,Oceanis 46,198900.0,191922.0,213344.57584236754
794,monohull,Beneteau,Oceanis 46,177346.0,191922.0,185682.00232125257
795,monohull,Beneteau,Oceanis 46,157904.0,191922.0,185682.00232125257
796,monohull,Beneteau,Oceanis 46,166580.0,191922.0,173314.5104440475
797,monohull,Beneteau,Oceanis 49,249000.0,194351.0,254363.90862906302
798,monohull,Beneteau,First 50,302472.0,191922.0,167889.35834099416
799,monohull,Beneteau,Oceanis 49,238000.0,194351.0,227740.40710808188
800,monohull,Beneteau,First 50,298827.0,191922.0,210743.36265887003
801,monohull,Beneteau,Oceanis 50,193186.0,189500.0,210783.66175223587
802,monohull,Beneteau,Oceanis 50,200425.0,189500.0,180910.90162937457
803,monohull,Beneteau,Oceanis 49,240000.0,194351.0,186682.78992342704
804,monohull,Beneteau,First 50,309760.0,191922.0,194334.1210477552
805,monohull,Beneteau,Oceanis 50,204077.0,189500.0,195983.8269503392
806,monohull,Beneteau,Oceanis 49,215000.0,194351.0,253304.7954625558
807,monohull,Beneteau,First 50 Sport,297613.0,193137.0,208300.46757779788
808,monohull,Beneteau,Oceanis 50,224719.0,189500.0,204174.4595816634
809,monohull,Beneteau,Cyclades 50.5,200425.0,194355.0,193280.990661986
810,monohull,Beneteau,Cyclades 50.5,145764.0,194355.0,208519.10518261965
811,monohull,Beneteau,Cyclades 50.5,139690.0,194355.0,208519.10518261965
812,monohull,Beneteau,Cyclades 50.5,145764.0,194355.0,221665.05171844983
813,monohull,Beneteau,Oceanis 523,425144.0,191922.0,217769.97483870754
814,monohull,Beneteau,Oceanis Clipper 523,206509.0,189500.0,304781.1140932389
815,monohull,Beneteau,56,352276.0,194355.0,323308.12893355044
816,monohull,C&C,115,134900.0,194351.0,185645.01184398364
817,monohull,Caliber,47 LRC SE,309950.0,194355.0,335033.6703595119
818,monohull,Catalina,42 MK II,188000.0,191922.0,220441.80694269814
819,monohull,Catalina,470,285000.0,194351.0,263882.1975061627
820,monohull,Catalina,470,249000.0,194351.0,275879.82545675454
821,monohull,Comar,Comet 450,120255.0,194355.0,172350.89183982086
822,monohull,Comar,Comet 45s,120012.0,189500.0,183804.35743551422
823,monohull,Comar,Comet 45S,241725.0,191922.0,222715.7603797809
824,monohull,Comar,Comet 52 RS,267244.0,194355.0,308249.1666071026
825,monohull,Dehler,41 CR,176046.0,194355.0,139207.92980264052
826,monohull,Dehler,47 SQ,238688.0,194355.0,240158.5679670185
827,monohull,Dehler,47,205284.0,191922.0,230935.22216999327
828,monohull,Dufour,425 GL,139690.0,194355.0,133071.58078312548
829,monohull,Dufour,455 GL,97200.0,194351.0,183587.085517032
830,monohull,Dufour,455 GL,145801.0,194351.0,178870.28962863053
831,monohull,Dufour,455 GL,109323.0,194351.0,178999.20842397053
832,monohull,Dufour,485 GL,230802.0,189500.0,193289.64528115443
833,monohull,Dufour,485,242939.0,189500.0,205182.05630773632
834,monohull,Dufour,525 GL,229587.0,189500.0,239985.9547861983
835,monohull,Dufour,525 GL,229578.0,189500.0,239985.9547861983
836,monohull,Dufour,525 GL,291527.0,189500.0,219189.09837091638
837,monohull,Elan,410,103235.0,194351.0,110636.76005445923
838,monohull,Elan,450,200425.0,194355.0,125374.892980329
839,monohull,Elan,450,194351.0,194355.0,125374.892980329
840,monohull,Elan,450,182015.0,194355.0,125374.892980329
841,monohull,Elan,450,168843.0,194355.0,125374.892980329
842,monohull,Elan,450,165806.0,194355.0,125374.892980329
843,monohull,Elan,Impression 434,101913.0,194351.0,130083.82461820912
844,monohull,Elan,450,157911.0,194355.0,143786.68094309184
845,monohull,Elan,514 IMPRESSION,133617.0,194355.0,208524.80198333936
846,monohull,Grand Soleil,43,239295.0,191922.0,207672.23718262045
847,monohull,Grand Soleil,43,224719.0,191922.0,207672.23718262045
848,monohull,Grand Soleil,43,126570.0,191922.0,237099.78249781483
849,monohull,Grand Soleil,45,212572.0,194355.0,218957.79409716354
850,monohull,Grand Soleil,50,229000.0,191922.0,281082.36421241885
851,monohull,Grand Soleil,54,455449.0,194355.0,400584.4061199616
852,monohull,Grand Soleil,54,376556.0,194355.0,363505.57698804
853,monohull,Grand Soleil,56,353064.0,193137.0,506473.9848273242
854,monohull,Hallberg-Rassy,40,363194.0,194355.0,244345.42263223685
855,monohull,Hallberg-Rassy,40,299500.0,194355.0,283866.1656557063
856,monohull,Hallberg-Rassy,43,389000.0,191922.0,377451.56421987736
857,monohull,Hallberg-Rassy,54,1001988.0,189500.0,725830.184474604
858,monohull,Hanse,400e,132402.0,194351.0,106942.53915344119
859,monohull,Hanse,400 Epoxy,115396.0,189500.0,115020.13412481995
860,monohull,Hanse,400,106920.0,193137.0,132932.26097619935
861,monohull,Hanse,400,106893.0,193137.0,132932.26097619935
862,monohull,Hanse,430e,133495.0,189500.0,129387.09743777924
863,monohull,Hanse,430e,153052.0,189500.0,138616.24844109084
864,monohull,Hanse,430e,145764.0,189500.0,138616.24844109084
865,monohull,Hanse,470e,249000.0,194351.0,248477.6438485362
866,monohull,Hanse,470e,224719.0,194351.0,213491.01842394154
867,monohull,Hanse,470e,188326.0,194351.0,213491.01842394154
868,monohull,Hanse,540e,397000.0,193137.0,345587.79471806635
869,monohull,Hanse,540e,267244.0,193137.0,231526.6101184641
870,monohull,Hanse,540e,241603.0,193137.0,291292.50846303126
871,monohull,Hanse,540e,254479.0,193137.0,245980.88378018767
872,monohull,Hanse,540e,249023.0,193137.0,245980.88378018767
873,monohull,Hanse,540,242949.0,194351.0,253856.52431631088
874,monohull,Hanse,540e,303674.0,193137.0,266316.76282000827
875,monohull,Hanse,540e,267244.0,193137.0,266316.76282000827
876,monohull,Hanse,540e,280000.0,193137.0,289418.8480824075
877,monohull,Hunter,38,105000.0,194351.0,134186.0322811324
878,monohull,Hunter,38,104000.0,194351.0,140483.2676453629
879,monohull,Hunter,38,119500.0,194351.0,135797.4887692182
880,monohull,Hunter,38,109900.0,194351.0,132047.78838481152
881,monohull,Hunter,38,109500.0,194351.0,127083.41882423071
882,monohull,Hunter,41 DS,120000.0,191922.0,155688.85674421347
883,monohull,Hunter,41 DS,135000.0,191922.0,139576.41653463565
884,monohull,Hunter,41 DS,140294.0,191922.0,154264.52624136815
885,monohull,Hunter,41 DS,125000.0,191922.0,140742.13647655048
886,monohull,Hunter,45 Center Cockpit,245000.0,191922.0,212507.83198204494
887,monohull,Hunter,45 DS,210000.0,194351.0,208821.9133124385
888,monohull,Hunter,45cc,210000.0,189500.0,206706.03608368465
889,monohull,Hunter,49,219900.0,194351.0,287355.05057323276
890,monohull,Hunter,45 Center Cockpit,174900.0,191922.0,164896.7539023775
891,monohull,Hylas,46,425675.0,191922.0,304341.39688382397
892,monohull,Island Packet,440,358287.0,189500.0,322308.17865977815
893,monohull,Island Packet,440,366387.0,189500.0,313702.5719090451
894,monohull,Island Packet,465,330000.0,194351.0,325018.728626671
895,monohull,J Boats,J 122,212572.0,194351.0,183103.46278282534
896,monohull,J Boats,J 122,206498.0,194351.0,183235.43259119068
897,monohull,J Boats,J 122,204121.0,194351.0,183235.43259119068
898,monohull,Jeanneau,Sun Odyssey 39i,149000.0,191922.0,139981.37414563197
899,monohull,Jeanneau,Sun Odyssey 39i,132790.0,191922.0,125494.52153111517
900,monohull,Jeanneau,Sun Odyssey 39i,129990.0,191922.0,125494.52153111517
901,monohull,Jeanneau,Sun Odyssey 39i,96593.0,191922.0,116483.25333166656
902,monohull,Jeanneau,Sun Odyssey 39i,78955.0,191922.0,100141.07231760398
903,monohull,Jeanneau,39i,109000.0,194355.0,101323.08227747273
904,monohull,Jeanneau,Sun Odyssey 39i,119040.0,191922.0,107413.44527957625
905,monohull,Jeanneau,Sun Odyssey 39i,89000.0,191922.0,138700.74465682125
906,monohull,Jeanneau,Sun Odyssey 39i,87458.0,191922.0,115665.43981315827
907,monohull,Jeanneau,Sun Odyssey 39i,97200.0,191922.0,116594.41008218845
908,monohull,Jeanneau,Sun Odyssey 39i,129900.0,191922.0,135356.7017936093
909,monohull,Jeanneau,Sun Odyssey 42 DS,149000.0,194355.0,113354.5484363135
910,monohull,Jeanneau,Sun Odyssey 42i,99630.0,191922.0,111313.07775965362
911,monohull,Jeanneau,Sun Odyssey 42i,93519.0,191922.0,111313.07775965362
912,monohull,Jeanneau,Sun Odyssey 42i,178606.0,191922.0,128846.33869174046
913,monohull,Jeanneau,Sun Odyssey 42i Performance,151837.0,194351.0,127841.6210520149
914,monohull,Jeanneau,Sun Odyssey 42i Performance,145744.0,194351.0,127841.6210520149
915,monohull,Jeanneau,Sun Odyssey 42i,138511.0,191922.0,128846.33869174046
916,monohull,Jeanneau,Sun Odyssey 42,127526.0,191922.0,128846.33869174046
917,monohull,Jeanneau,Sun Odyssey 42 DS,176131.0,194355.0,135381.29285104922
918,monohull,Jeanneau,Sun Odyssey 45 DS,145801.0,193137.0,140895.4486101693
919,monohull,Jeanneau,Sun Odyssey 45,121506.0,191922.0,155138.34092410316
920,monohull,Jeanneau,Sun Odyssey 45,121470.0,191922.0,155138.34092410316
921,monohull,Jeanneau,Sun Odyssey 45,151876.0,191922.0,166443.67074809762
922,monohull,Jeanneau,Sun Odyssey 45 DS,212626.0,193137.0,163001.97707926328
923,monohull,Jeanneau,Sun Odyssey 45 DS,200425.0,193137.0,163001.97707926328
924,monohull,Jeanneau,45 Sun Odyssey Performance,145199.0,189500.0,167389.46553924173
925,monohull,Jeanneau,Sun Odyssey 45 DS,199000.0,193137.0,178439.41360604262
926,monohull,Jeanneau,Sun Odyssey 49i,134710.0,189500.0,172962.87599729773
927,monohull,Jeanneau,Sun Odyssey 49i,132402.0,189500.0,172962.87599729773
928,monohull,Jeanneau,Sun Odyssey 49i,122684.0,189500.0,172962.87599729773
929,monohull,Jeanneau,Sun Odyssey 49i,120255.0,189500.0,172962.87599729773
930,monohull,Jeanneau,Sun Odyssey 49i Performance,120161.0,194355.0,173203.35409491954
931,monohull,Jeanneau,Sun Odyssey 49i,113574.0,189500.0,172962.87599729773
932,monohull,Jeanneau,Sun Odyssey 50 DS,249013.0,194355.0,186858.56424267744
933,monohull,Jeanneau,Sun Odyssey 49 Owners Version,236866.0,191922.0,186355.98387129282
934,monohull,Jeanneau,Sun Odyssey 49i,121409.0,189500.0,185300.27696043285
935,monohull,Jeanneau,Sun Odyssey 49i Performance,176131.0,194355.0,198638.93656465196
936,monohull,Jeanneau,Sun Odyssey 49i,173709.0,189500.0,200738.91117994834
937,monohull,Jeanneau,Sun Odyssey 50 DS,244900.0,194355.0,251816.10026356007
938,monohull,Jeanneau,Sun Odyssey 49i,99999.0,189500.0,195182.80449155957
939,monohull,Jeanneau,49i,199900.0,189500.0,256903.06983645342
940,monohull,Jeanneau,Sun Odyssey 54 DS,169815.0,189500.0,252629.57877713637
941,monohull,Jeanneau,Sun Odyssey 54 DS,169791.0,189500.0,252629.57877713637
942,monohull,Jeanneau,Sun Odyssey 54 DS,303674.0,189500.0,270649.58677336184
943,monohull,Jeanneau,Sun Odyssey 54 DS,273270.0,189500.0,270649.58677336184
944,monohull,Jeanneau,Sun Odyssey 54 DS,261124.0,189500.0,270649.58677336184
945,monohull,Jeanneau,Sun Odyssey 54 DS,364409.0,189500.0,314173.05676536047
946,monohull,Jeanneau,Sun Odyssey 54 DS,278454.0,189500.0,354322.51741617033
947,monohull,Malo,40,332413.0,193137.0,214549.55537097933
948,monohull,Maxi,1300,347601.0,194355.0,198017.44049213958
949,monohull,Maxi,1300,290312.0,194355.0,198017.44049213958
950,monohull,Morris,M42,495000.0,194355.0,242481.64838273358
951,monohull,Oyster,54,792729.0,189500.0,452656.49312008056
952,monohull,Passport,470 Center Cockpit,524500.0,194351.0,333457.31559088663
953,monohull,Poncin,harmony 52,91102.0,189500.0,319559.55583964725
954,monohull,Sabre,426,299000.0,189500.0,251733.5965385417
955,monohull,Sabre,426,325000.0,189500.0,239604.7081464667
956,monohull,Salona,45,170057.0,193137.0,222744.6822710982
957,monohull,ShearWater,39,220000.0,194351.0,206691.89294188304
958,monohull,Sly,53,382629.0,189500.0,432552.358017049
959,monohull,Sly,53,364424.0,189500.0,411578.7934497915
960,monohull,Sly,53,297601.0,189500.0,411578.7934497915
961,monohull,Sweden Yachts,54,727025.0,193137.0,541933.3395013944
962,monohull,Tartan,4300,399000.0,191922.0,264072.1397137043
963,monohull,Wauquiez,Centurion 40s,212383.0,194351.0,198876.3487020557
964,monohull,Wauquiez,Pilot Saloon 47,290324.0,193137.0,355814.290186374
965,monohull,X-Yachts,X-41 One Design,218645.0,194351.0,213159.3639643383
966,monohull,X-Yachts,X-50 Modern,419070.0,191922.0,411870.3601182922
967,monohull,Zuanelli,40,279380.0,193137.0,173003.67143926208
968,monohull,Zuanelli,40,230761.0,193137.0,173003.67143926208
969,monohull,Alliage,AZZURO 53,601299.0,193137.0,508876.7694920623
970,monohull,Archambault,40 RC,132436.0,194351.0,185034.74017937473
971,monohull,Archambault,40 RC,151876.0,194351.0,180410.68591379962
972,monohull,Archambault,40 RC,151816.0,194351.0,180410.68591379962
973,monohull,Bavaria,38 Cruiser,70452.0,193137.0,85116.21156045425
974,monohull,Bavaria,38 Cruiser,96568.0,193137.0,126083.06444920019
975,monohull,Bavaria,40 Cruiser,95948.0,194351.0,94339.78068934353
976,monohull,Bavaria,47 Cruiser,127543.0,193137.0,159726.75670472495
977,monohull,Bavaria,47 Cruiser,120239.0,193137.0,172931.78285900466
978,monohull,Bavaria,47 Cruiser,91106.0,193137.0,172931.78285900466
979,monohull,Bavaria,47 Cruiser,265131.0,193137.0,214460.40314199924
980,monohull,Bavaria,50 Cruiser,165351.0,189500.0,164285.0989299077
981,monohull,Bavaria,50 Cruiser,95354.0,189500.0,164285.0989299077
982,monohull,Bavaria,51 Cruiser,188278.0,194351.0,195167.15338668876
983,monohull,Bavaria,51 Cruiser,157911.0,194351.0,195167.15338668876
984,monohull,Bavaria,56 Cruiser,236866.0,189500.0,272314.1350947072
985,monohull,Beneteau,Oceanis 40,155000.0,194355.0,110890.43004832622
986,monohull,Beneteau,Oceanis 40,99605.0,194355.0,100172.58904117958
987,monohull,Beneteau,Oceanis 40,165000.0,194355.0,134728.9852076319
988,monohull,Beneteau,First 40,144549.0,191922.0,126597.32800975992
989,monohull,Beneteau,First 40,120285.0,191922.0,108836.17873672774
990,monohull,Beneteau,First 40,120255.0,191922.0,108836.17873672774
991,monohull,Beneteau,First 40 CR,182204.0,194351.0,114683.30165535696
992,monohull,Beneteau,Oceanis 40,109323.0,194355.0,114883.32119228561
993,monohull,Beneteau,First 40,182204.0,191922.0,126718.13634232125
994,monohull,Beneteau,40,159000.0,193137.0,145113.29679426824
995,monohull,Beneteau,Oceanis 43,119024.0,194351.0,119504.48098716442
996,monohull,Beneteau,Oceanis 43,110537.0,194351.0,119504.48098716442
997,monohull,Beneteau,Oceanis 43,106893.0,194351.0,119504.48098716442
998,monohull,Beneteau,Oceanis 43,105679.0,194351.0,119504.48098716442
999,monohull,Beneteau,Oceanis 43,110900.0,194351.0,163273.94868571818
1000,monohull,Beneteau,Oceanis 43 Family,133617.0,194351.0,131195.955325988
1001,monohull,Beneteau,Oceanis 43,115380.0,194351.0,148630.97633089076
1002,monohull,Beneteau,Oceanis 43,139690.0,194351.0,142533.2817008929
1003,monohull,Beneteau,First 45,115396.0,189500.0,146862.07052624656
1004,monohull,Beneteau,First 45,180990.0,189500.0,170446.58838542967
1005,monohull,Beneteau,First 45,200433.0,189500.0,182639.3640976796
1006,monohull,Beneteau,Oceanis 46,229000.0,191922.0,236051.77555111388
1007,monohull,Beneteau,Oceanis 46,167628.0,191922.0,195254.4831027299
1008,monohull,Beneteau,Oceanis 46,139696.0,191922.0,167860.98218816868
1009,monohull,Beneteau,Oceanis 46,103249.0,191922.0,180051.26176060722
1010,monohull,Beneteau,Oceanis 46,132402.0,191922.0,195440.8090615759
1011,monohull,Beneteau,Oceanis 49,239000.0,194351.0,220037.20268403424
1012,monohull,Beneteau,First 50,285465.0,191922.0,222030.98425000103
1013,monohull,Beneteau,Oceanis 50,186524.0,189500.0,214343.3338892853
1014,monohull,Beneteau,Oceanis 49,259000.0,194351.0,240724.6608247209
1015,monohull,Beneteau,Cyclades 50.5,144549.0,194355.0,202903.29270965394
1016,monohull,Beneteau,Cyclades 50.5,139690.0,194355.0,202903.29270965394
1017,monohull,Beneteau,Cyclades 50.5,139550.0,194355.0,255056.22634798783
1018,monohull,Beneteau,Cyclades 50.5,144306.0,194355.0,218900.02161886403
1019,monohull,Beneteau,Cyclades 50.5,155538.0,194355.0,222688.94351396197
1020,monohull,Beneteau,Oceanis 54,253837.0,191922.0,244873.0185014005
1021,monohull,Beneteau,Oceanis 54,240520.0,191922.0,244873.0185014005
1022,monohull,Beneteau,Oceanis 54,240510.0,191922.0,244873.0185014005
1023,monohull,Beneteau,Oceanis 54,227117.0,191922.0,244873.0185014005
1024,monohull,Beneteau,Oceanis 54,218533.0,191922.0,244873.0185014005
1025,monohull,Beneteau,Oceanis 54,212572.0,191922.0,244873.0185014005
1026,monohull,Beneteau,Oceanis 54,212543.0,191922.0,244873.0185014005
1027,monohull,Beneteau,Oceanis 54,206255.0,191922.0,244873.0185014005
1028,monohull,Beneteau,Oceanis 54,279380.0,191922.0,307377.21469278
1029,monohull,Beneteau,Oceanis 54,224688.0,191922.0,264253.2982633081
1030,monohull,Beneteau,Oceanis 54,206470.0,191922.0,264253.2982633081
1031,monohull,Beneteau,Oceanis 54,239900.0,191922.0,287319.42078681325
1032,monohull,Beneteau,Oceanis 54,188347.0,191922.0,290108.54975327995
1033,monohull,Beneteau,Oceanis 54,182000.0,191922.0,290108.54975327995
1034,monohull,Beneteau,Oceanis 54,242906.0,191922.0,287177.9047309094
1035,monohull,Beneteau,America 50,249000.0,191922.0,240484.15148329304
1036,monohull,Bestevaer,49ST,848957.0,191922.0,408427.4015954684
1037,monohull,B-Yachts,38,207466.0,189500.0,174526.61925305615
1038,monohull,C&C,115,165000.0,194351.0,198185.71442359663
1039,monohull,Catalina,42 Mk II,182204.0,191922.0,231739.7862600397
1040,monohull,Catalina,470,299900.0,194351.0,309626.67681045044
1041,monohull,Comar,Comet 41S,155481.0,191922.0,158476.74464018145
1042,monohull,Comar,Comet 45s,180990.0,189500.0,223945.85873765624
1043,monohull,Dufour,405 GL,132436.0,194351.0,139956.4841816864
1044,monohull,Dufour,40 Performance,119024.0,189500.0,113677.9549582176
1045,monohull,Dufour,425 GL,127526.0,194355.0,139696.41719290553
1046,monohull,Dufour,425,151837.0,189500.0,149425.86129335346
1047,monohull,Dufour,455 GL,189000.0,194351.0,229194.4080676349
1048,monohull,Elan,Impression 434,103128.0,194351.0,136480.38020946263
1049,monohull,Elan,Impression 434,179930.0,194351.0,185451.13894910063
1050,monohull,Grand Soleil,37 B&C,139690.0,193137.0,157501.2220165935
1051,monohull,Grand Soleil,40 B&C,151876.0,193137.0,175697.0874911667
1052,monohull,Grand Soleil,46 Jezequel,194351.0,191922.0,258843.66183389985
1053,monohull,Grand Soleil,48 Ocean Cruiser,182204.0,189500.0,307719.08002300566
1054,monohull,Hallberg-Rassy,54,971625.0,189500.0,528780.9368017726
1055,monohull,Hallberg-Rassy,54,1032351.0,189500.0,657598.0693884563
1056,monohull,Hanse,400,95948.0,193137.0,130297.87525880309
1057,monohull,Hanse,430,151837.0,191922.0,155745.32500864918
1058,monohull,Hanse,540e,290312.0,193137.0,278935.76814130053
1059,monohull,Hunter,38,135000.0,194351.0,148200.46311856125
1060,monohull,Hunter,38,115900.0,194351.0,147583.39026959732
1061,monohull,Hunter,38,117000.0,194351.0,140967.88822472122
1062,monohull,Hunter,41 DS,120000.0,191922.0,163878.25331398347
1063,monohull,Hunter,41 DS,150000.0,191922.0,146918.28191082942
1064,monohull,Hunter,49,259000.0,194351.0,317366.50119580876
1065,monohull,Hunter,50,239239.0,189500.0,289447.96011465264
1066,monohull,Hunter,49,278128.0,194351.0,259719.93496493273
1067,monohull,Island Packet,485,564834.0,189500.0,455634.78561787395
1068,monohull,Jeanneau,Sun Odyssey 39 DS,127576.0,193137.0,95076.71915102746
1069,monohull,Jeanneau,Sun Odyssey 39i,100845.0,191922.0,113058.72613981861
1070,monohull,Jeanneau,Sun Odyssey 39i,100820.0,191922.0,113058.72613981861
1071,monohull,Jeanneau,Sun Odyssey 39i,119070.0,191922.0,119857.77995146667
1072,monohull,Jeanneau,Sun Odyssey 39i,114181.0,191922.0,119857.77995146667
1073,monohull,Jeanneau,Sun Odyssey 39 DS,127543.0,193137.0,112565.79128634259
1074,monohull,Jeanneau,Sun Odyssey 42 DS,145000.0,194355.0,122838.53486052227
1075,monohull,Jeanneau,Sun Odyssey 42i,105679.0,191922.0,117163.30987664472
1076,monohull,Jeanneau,Sun Odyssey 42i,101913.0,191922.0,117163.30987664472
1077,monohull,Jeanneau,Sun Odyssey 42i,99630.0,191922.0,117163.30987664472
1078,monohull,Jeanneau,Sun Odyssey 42i,155460.0,191922.0,135618.05863644177
1079,monohull,Jeanneau,Sun Odyssey 42i,133651.0,191922.0,135618.05863644177
1080,monohull,Jeanneau,Sun Odyssey 42i,119024.0,191922.0,135618.05863644177
1081,monohull,Jeanneau,Sun Odyssey 42 DS,188278.0,194355.0,142121.11598086075
1082,monohull,Jeanneau,Sun Odyssey 42i,129000.0,191922.0,138933.69899427803
1083,monohull,Jeanneau,Sun Odyssey 45 DS,203462.0,193137.0,173032.78031101747
1084,monohull,Jeanneau,Sun Odyssey 44i,143371.0,194355.0,151964.15233474353
1085,monohull,Jeanneau,Sun Odyssey 44i,120881.0,194355.0,151964.15233474353
1086,monohull,Jeanneau,Sun Odyssey 44i,120850.0,194355.0,151964.15233474353
1087,monohull,Jeanneau,Sun Odyssey 44i,115396.0,194355.0,151964.15233474353
1088,monohull,Jeanneau,Sun Odyssey 45 DS,182204.0,193137.0,159771.68461924227
1089,monohull,Jeanneau,Sun Odyssey 44i,127300.0,194355.0,154339.12177902804
1090,monohull,Jeanneau,Sun Odyssey 44i,186995.0,194355.0,211361.46179985063
1091,monohull,Jeanneau,Sun Odyssey 44i,179900.0,194355.0,204151.3257159769
1092,monohull,Jeanneau,Sun Odyssey 49i,163984.0,189500.0,181577.26268163114
1093,monohull,Jeanneau,Sun Odyssey 50 DS,157911.0,194355.0,181826.11095819078
1094,monohull,Jeanneau,Sun Odyssey 50 DS,153052.0,194355.0,181826.11095819078
1095,monohull,Jeanneau,Sun Odyssey 50 DS,145769.0,194355.0,181826.11095819078
1096,monohull,Jeanneau,Sun Odyssey 50 DS,143922.0,194355.0,181826.11095819078
1097,monohull,Jeanneau,Sun Odyssey 49i,127543.0,189500.0,181577.26268163114
1098,monohull,Jeanneau,Sun Odyssey 50 DS,266626.0,194355.0,196161.13217332822
1099,monohull,Jeanneau,Sun Odyssey 50 DS,193137.0,194355.0,196161.13217332822
1100,monohull,Jeanneau,Sun Odyssey 50 DS,157917.0,194355.0,196161.13217332822
1101,monohull,Jeanneau,Sun Odyssey 50 DS,151843.0,194355.0,196161.13217332822
1102,monohull,Jeanneau,Sun Odyssey 50 DS,266019.0,194355.0,208527.97862464015
1103,monohull,Jeanneau,Sun Odyssey 49i,206507.0,189500.0,210736.67858249287
1104,monohull,Jeanneau,Sun Odyssey 49i,144555.0,189500.0,210736.67858249287
1105,monohull,Jeanneau,Sun Odyssey 49i,109327.0,189500.0,210736.67858249287
1106,monohull,Jeanneau,Sun Odyssey 50 DS,274500.0,194355.0,264580.268696953
1107,monohull,Jeanneau,Sun Odyssey 49i,180990.0,189500.0,219543.8681504975
1108,monohull,Jeanneau,Sun Odyssey 54 DS,219940.0,189500.0,281571.8669202632
1109,monohull,Jeanneau,Sun Odyssey 54 DS,224719.0,189500.0,307801.9952907103
1110,monohull,Jeanneau,Sun Odyssey 54 DS,220548.0,189500.0,299113.2264167451
1111,monohull,Jeanneau,Sun Odyssey 54 DS,321895.0,189500.0,320665.77648043947
1112,monohull,Jeanneau,Sun Odyssey 50 DS,220000.0,194355.0,202230.04908267548
1113,monohull,Jeanneau,Sun Odyssey 50 DS,206574.0,194355.0,199446.5296329627
1114,monohull,Jeanneau,Sun Odyssey 49i,109363.0,189500.0,203919.972191624
1115,monohull,Malo,40 classic,344449.0,189500.0,213338.54735283772
1116,monohull,Moody,45 DS,394776.0,193137.0,229573.72478011844
1117,monohull,Moody,45 Classic,358335.0,194351.0,276169.9146645108
1118,monohull,Nauticat,441 Ketch,484664.0,191922.0,245858.16139241547
1119,monohull,Nauticat,441,564977.0,191922.0,231325.6863346198
1120,monohull,Nordship,380DS,363209.0,194355.0,202441.28557617863
1121,monohull,Oyster,54,692805.0,189500.0,533944.9691736837
1122,monohull,Passport,470 Center Cockpit,495000.0,194351.0,361498.3955499543
1123,monohull,RM Yachts,RM 1200,133598.0,193137.0,170134.06897575766
1124,monohull,Solaris,48,302418.0,189500.0,260785.86580202726
1125,monohull,Solaris,48 ONE,388650.0,194351.0,299787.65472309274
1126,monohull,Southerly,42 RST,300510.0,189500.0,251362.87968749698
1127,monohull,Tartan,4400,349000.0,193137.0,308199.77160901035
1128,monohull,Triplast,Y 40,105679.0,193137.0,157530.05848329383
1129,monohull,X-Yachts,Xc 42,423539.0,194351.0,257454.3550216616
1130,monohull,Bavaria,45 Cruiser,142119.0,194351.0,140641.09705762088
1131,monohull,Bavaria,45 Cruiser,136046.0,194351.0,140641.09705762088
1132,monohull,Bavaria,51 Cruiser,170057.0,194351.0,176701.08429430978
1133,monohull,Bavaria,51 Cruiser,166413.0,194351.0,193988.2703111347
1134,monohull,Bavaria,51 Cruiser,145764.0,194351.0,205318.34288380537
1135,monohull,Bavaria,51 Cruiser,120255.0,194351.0,219767.94895424164
1136,monohull,Bavaria,51 Cruiser,106893.0,194351.0,219767.94895424164
1137,monohull,Bavaria,56 Cruiser,176131.0,189500.0,237067.16275679538
1138,monohull,Bavaria,56 Cruiser,242939.0,189500.0,253977.10730564236
1139,monohull,Bavaria,56 Cruiser,267233.0,189500.0,294819.45678141684
1140,monohull,Bavaria,56 Cruiser,255052.0,189500.0,286636.3395638721
1141,monohull,Beneteau,Oceanis 40,109350.0,194355.0,113746.19683259103
1142,monohull,Beneteau,Oceanis 40,102034.0,194355.0,113746.19683259103
1143,monohull,Beneteau,Oceanis 40,100212.0,194355.0,113746.19683259103
1144,monohull,Beneteau,Oceanis 40,94746.0,194355.0,113746.19683259103
1145,monohull,Beneteau,Oceanis 40,170000.0,194355.0,152109.56951636725
1146,monohull,Beneteau,Oceanis 43,99000.0,194351.0,130494.01079953265
1147,monohull,Beneteau,43,185000.0,194355.0,193310.53477669187
1148,monohull,Beneteau,Oceanis 43,189000.0,194351.0,187573.20591075398
1149,monohull,Beneteau,Oceanis 43,115396.0,194351.0,125720.24327710114
1150,monohull,Beneteau,Oceanis 43,103249.0,194351.0,125720.24327710114
1151,monohull,Beneteau,Oceanis 43,111752.0,194351.0,138019.8238953606
1152,monohull,Beneteau,Oceanis 43,129000.0,194351.0,138354.9569292579
1153,monohull,Beneteau,Oceanis 43,151892.0,194351.0,142945.94042363408
1154,monohull,Beneteau,Oceanis 43,133000.0,194351.0,142945.94042363408
1155,monohull,Beneteau,Oceanis 43,133617.0,194351.0,146081.00521675442
1156,monohull,Beneteau,Oceanis 43,115396.0,194351.0,146081.00521675442
1157,monohull,Beneteau,Oceanis 46 Family,137266.0,194351.0,178394.67654162616
1158,monohull,Beneteau,Oceanis 46,136046.0,191922.0,177110.67062536313
1159,monohull,Beneteau,Oceanis 46 Family,133622.0,194351.0,178394.67654162616
1160,monohull,Beneteau,Oceanis 46,170057.0,191922.0,189972.67442184413
1161,monohull,Beneteau,Oceanis 50,250000.0,189500.0,287714.14461423835
1162,monohull,Beneteau,Oceanis 50,199183.0,189500.0,199909.93083232766
1163,monohull,Beneteau,Oceanis 50,188285.0,189500.0,199909.93083232766
1164,monohull,Beneteau,Oceanis 50,163984.0,189500.0,199909.93083232766
1165,monohull,Beneteau,Oceanis 50,151837.0,189500.0,199909.93083232766
1166,monohull,Beneteau,Oceanis 50,230802.0,189500.0,216565.79530050678
1167,monohull,Beneteau,Oceanis 50,218047.0,189500.0,232057.67574268382
1168,monohull,Beneteau,Oceanis 50,218038.0,189500.0,232057.67574268382
1169,monohull,Beneteau,America 50,54681.0,191922.0,230539.4587600526
1170,monohull,Beneteau,Cyclades 50.5,139690.0,194355.0,230397.13849310085
1171,monohull,Beneteau,Oceanis 54,340115.0,191922.0,258366.32169960465
1172,monohull,Beneteau,Oceanis 50,187131.0,189500.0,207895.63715389813
1173,monohull,Catalina,445,259000.0,191922.0,277395.5953606433
1174,monohull,Catalina,445,275000.0,191922.0,270516.465882992
1175,monohull,Comar,Comet 45s,188278.0,189500.0,235724.16168086533
1176,monohull,Dehler,39 SQ,170101.0,194355.0,143455.3818658062
1177,monohull,Discovery,55,766082.0,194351.0,580800.0165934738
1178,monohull,Dufour,40e Performance,190707.0,189500.0,133512.29754196492
1179,monohull,Dufour,40e,157951.0,193137.0,141803.83774478547
1180,monohull,Dufour,405 GL,146488.0,194351.0,156840.12166198008
1181,monohull,Dufour,425 GL,176107.0,194355.0,147033.58428636263
1182,monohull,Dufour,45e Performance,178560.0,194355.0,196697.45082658465
1183,monohull,Dufour,455 GL,176131.0,194351.0,197426.82411940445
1184,monohull,Dufour,525 GL,285454.0,189500.0,265188.9697632749
1185,monohull,Dufour,45e Performance,149950.0,194355.0,164017.62115839918
1186,monohull,Elan,Impression 384,109201.0,193137.0,97321.49329409876
1187,monohull,Elan,Impression 434,116640.0,194351.0,143579.10649666595
1188,monohull,Elan,450,240510.0,194355.0,175078.5124945269
1189,monohull,Elan,Impression 434,156736.0,194351.0,171247.14540913195
1190,monohull,Grand Soleil,46,309748.0,194351.0,302417.35800307716
1191,monohull,Grand Soleil,50,546613.0,191922.0,310263.60549682414
1192,monohull,Hanse,400,145801.0,193137.0,148246.16391440554
1193,monohull,Hanse,400,145764.0,193137.0,148246.16391440554
1194,monohull,Hanse,400,115396.0,193137.0,136884.6949368285
1195,monohull,Hanse,400,151716.0,193137.0,176279.4849098533
1196,monohull,Hanse,430e,135000.0,189500.0,196675.76738930916
1197,monohull,Hanse,470e,193137.0,194351.0,184727.435283863
1198,monohull,Hanse,470,212626.0,194355.0,198335.2189817891
1199,monohull,Hanse,470,255086.0,194355.0,210839.12927155962
1200,monohull,Hanse,470,241725.0,194355.0,210839.12927155962
1201,monohull,Hunter,39,144900.0,189500.0,147272.25011841988
1202,monohull,Hunter,OV,219000.0,194355.0,222899.9840981699
1203,monohull,Hunter,AC 50,280000.0,194351.0,299317.8832684492
1204,monohull,Hunter,50 Center Cockpit,250000.0,193137.0,292798.2752836741
1205,monohull,Hylas,46,439000.0,191922.0,351935.58284727344
1206,monohull,Island Packet,SP Cruiser,299500.0,191922.0,295011.2347824449
1207,monohull,Island Packet,465,450000.0,194351.0,451238.781357975
1208,monohull,Jeanneau,Sun Odyssey 39 DS,139726.0,193137.0,114891.87990902098
1209,monohull,Jeanneau,Sun Odyssey 39i,155900.0,191922.0,147905.90181622884
1210,monohull,Jeanneau,Sun Odyssey 42i,95948.0,191922.0,123619.3909653077
1211,monohull,Jeanneau,Sun Odyssey 42i,115380.0,191922.0,133403.14907621013
1212,monohull,Jeanneau,Sun Odyssey 42i,103275.0,191922.0,133403.14907621013
1213,monohull,Jeanneau,Sun Odyssey 42i,95948.0,191922.0,133403.14907621013
1214,monohull,Jeanneau,Sun Odyssey 42 DS,163984.0,194355.0,140063.37141574756
1215,monohull,Jeanneau,Sun Odyssey 45 DS,181036.0,193137.0,181779.9353972556
1216,monohull,Jeanneau,Sun Odyssey 44i,145801.0,194355.0,159945.64821202052
1217,monohull,Jeanneau,Sun Odyssey 44i,120285.0,194355.0,159945.64821202052
1218,monohull,Jeanneau,Sun Odyssey 44i,169000.0,194355.0,215137.62650261397
1219,monohull,Jeanneau,Sun Odyssey 45 DS,200476.0,193137.0,179356.0931423566
1220,monohull,Jeanneau,Sun Odyssey 45 DS,194351.0,193137.0,179356.0931423566
1221,monohull,Jeanneau,Sun Odyssey 45 DS,188326.0,193137.0,179356.0931423566
1222,monohull,Jeanneau,Sun Odyssey 44i,239849.0,194355.0,202290.4939814103
1223,monohull,Jeanneau,Sun Odyssey 45 DS,193199.0,193137.0,208156.35390634302
1224,monohull,Jeanneau,Sun Odyssey 45 DS,249000.0,193137.0,213041.6230206584
1225,monohull,Jeanneau,Sun Odyssey 50 DS,285000.0,194355.0,273154.8709574579
1226,monohull,Jeanneau,Sun Odyssey 50 DS,255086.0,194355.0,241868.0875664566
1227,monohull,Jeanneau,Sun Odyssey 50 DS,236866.0,194355.0,219480.33269050764
1228,monohull,Jeanneau,Sun Odyssey 50 DS,334042.0,194355.0,234401.78762622148
1229,monohull,Jeanneau,53,199818.0,194351.0,246684.99592109595
1230,monohull,Jeanneau,53,193144.0,194351.0,246684.99592109595
1231,monohull,Jeanneau,Sun Odyssey 53,299000.0,194351.0,335518.81321729976
1232,monohull,Jeanneau,53,218645.0,194351.0,314672.57408260135
1233,monohull,Jeanneau,53,224719.0,194351.0,270818.91354293027
1234,monohull,Jeanneau,53,199218.0,194351.0,270818.91354293027
1235,monohull,Jeanneau,53,199210.0,194351.0,270818.91354293027
1236,monohull,Jeanneau,53,194359.0,194351.0,270818.91354293027
1237,monohull,Jeanneau,53,194351.0,194351.0,270818.91354293027
1238,monohull,Jeanneau,53,188278.0,194351.0,270818.91354293027
1239,monohull,Jeanneau,53,340069.0,194351.0,286636.3541519515
1240,monohull,Jeanneau,53,255086.0,194351.0,303774.2912393514
1241,monohull,Jeanneau,53,261160.0,194351.0,294221.78753934504
1242,monohull,Jeanneau,53,212580.0,194351.0,294221.78753934504
1243,monohull,Jeanneau,53,212572.0,194351.0,294221.78753934504
1244,monohull,Jeanneau,Sun Odyssey 54 DS,219940.0,189500.0,313333.13517454424
1245,monohull,Malo,40,319090.0,193137.0,236075.48034866093
1246,monohull,Moody,45 DS e,394776.0,194355.0,243281.6199700381
1247,monohull,Moody,45 DS,437291.0,193137.0,279020.200914702
1248,monohull,Nauticat,441,475361.0,191922.0,259405.74918188804
1249,monohull,Oyster,54,615000.0,189500.0,612165.262188805
1250,monohull,Salona,44,156696.0,191922.0,182926.8808182312
1251,monohull,Solaris,One 44,400850.0,189500.0,248010.38617976737
1252,monohull,Solaris,48,388703.0,189500.0,318583.8672911838
1253,monohull,Southerly,38,279845.0,191922.0,191153.81438719892
1254,monohull,Tartan,4300,321895.0,191922.0,226439.54666414674
1255,monohull,Tartan,4300,303674.0,191922.0,226439.54666414674
1256,monohull,Vismara,54,479805.0,193137.0,495487.7406787728
1257,monohull,X-Yachts,Xc 42,419070.0,194351.0,262748.03818975185
1258,monohull,X-Yachts,X-50,425086.0,194351.0,419305.8604136427
1259,monohull,Azuree,40,127543.0,194351.0,204587.68103180476
1260,monohull,Bavaria,40 Cruiser,119040.0,194351.0,104691.39911529173
1261,monohull,Bavaria,40 Cruiser,99630.0,194351.0,104691.39911529173
1262,monohull,Bavaria,40 Cruiser,81992.0,194351.0,104691.39911529173
1263,monohull,Bavaria,40 Cruiser,160867.0,194351.0,131388.57246260613
1264,monohull,Bavaria,40S Cruiser,99000.0,193137.0,120015.25157308343
1265,monohull,Bavaria,40 Cruiser,144549.0,194351.0,133544.85513360956
1266,monohull,Bavaria,40 Cruiser,123882.0,194351.0,127460.55664850392
1267,monohull,Bavaria,40 Cruiser,157889.0,194351.0,114933.66615114821
1268,monohull,Bavaria,40 Cruiser,102060.0,194351.0,114933.66615114821
1269,monohull,Bavaria,40 Cruiser,91102.0,194351.0,114933.66615114821
1270,monohull,Bavaria,40 Cruiser,121453.0,194351.0,121646.47809821606
1271,monohull,Bavaria,40 Cruiser,144549.0,194351.0,156972.71998568418
1272,monohull,Bavaria,45 Cruiser,145564.0,194351.0,135136.0150367234
1273,monohull,Bavaria,45 Cruiser,145764.0,194351.0,148356.76825870865
1274,monohull,Bavaria,50 Cruiser,230671.0,189500.0,182504.17308042888
1275,monohull,Bavaria,50 Cruiser,202854.0,189500.0,182504.17308042888
1276,monohull,Bavaria,56 Cruiser,279380.0,189500.0,250198.6509238017
1277,monohull,Bavaria,56 Cruiser,253837.0,189500.0,250198.6509238017
1278,monohull,Beneteau,First 40,140000.0,191922.0,110982.38475577555
1279,monohull,Beneteau,Oceanis 40,99600.0,194355.0,112222.61906590237
1280,monohull,Beneteau,First 40,155000.0,191922.0,169921.55422443803
1281,monohull,Beneteau,Oceanis 40,121470.0,194355.0,120032.6752653459
1282,monohull,Beneteau,Oceanis 40,120285.0,194355.0,120032.6752653459
1283,monohull,Beneteau,Oceanis 40,108108.0,194355.0,120032.6752653459
1284,monohull,Beneteau,Oceanis 40,106893.0,194355.0,120032.6752653459
1285,monohull,Beneteau,Oceanis 40,95961.0,194355.0,120032.6752653459
1286,monohull,Beneteau,First 40,155460.0,191922.0,124021.14932674826
1287,monohull,Beneteau,Oceanis 40,110000.0,194355.0,122124.86281209097
1288,monohull,Beneteau,Oceanis 40,80000.0,194355.0,122124.86281209097
1289,monohull,Beneteau,Oceanis 40,159900.0,194355.0,163247.1557017367
1290,monohull,Beneteau,First 40 CR,169450.0,194351.0,164225.6437481608
1291,monohull,Beneteau,Oceanis 40,170048.0,194355.0,160713.37827960643
1292,monohull,Beneteau,Oceanis 40,129900.0,194355.0,160772.1853245909
1293,monohull,Beneteau,First 40,179775.0,191922.0,141409.38670326845
1294,monohull,Beneteau,First 40,201732.0,191922.0,140282.70219140808
1295,monohull,Beneteau,First 40,59535.0,191922.0,161293.44401041308
1296,monohull,Beneteau,Oceanis 43,115396.0,194351.0,132617.3457652126
1297,monohull,Beneteau,Oceanis 43,115396.0,194351.0,145591.69017547293
1298,monohull,Beneteau,Oceanis 43 Family,109323.0,194351.0,145591.69017547293
1299,monohull,Beneteau,43,130000.0,194355.0,196077.03928463688
1300,monohull,Beneteau,Oceanis 43,129000.0,194351.0,149371.2303768035
1301,monohull,Beneteau,First 45,194351.0,189500.0,197262.31228705528
1302,monohull,Beneteau,Oceanis 46,219000.0,191922.0,259236.36847873963
1303,monohull,Beneteau,Oceanis 46,156696.0,191922.0,173584.01911284422
1304,monohull,Beneteau,Oceanis 50 F G5,179000.0,194351.0,199279.78529739002
1305,monohull,Beneteau,Oceanis 50,176138.0,189500.0,196935.8401280122
1306,monohull,Beneteau,Oceanis 50.5,169450.0,189500.0,196935.8401280122
1307,monohull,Beneteau,Oceanis 50,205292.0,189500.0,250247.81911192543
1308,monohull,Beneteau,Oceanis 50 Family,217431.0,193137.0,208759.8676124809
1309,monohull,Beneteau,Oceanis 50,185856.0,189500.0,210983.226942447
1310,monohull,Beneteau,Oceanis 50 Family,170000.0,193137.0,208759.8676124809
1311,monohull,Beneteau,Oceanis 50,275000.0,189500.0,293883.8312515965
1312,monohull,Beneteau,Oceanis 50,309582.0,189500.0,265457.7762496135
1313,monohull,Beneteau,Oceanis 50,224728.0,189500.0,238113.82262645842
1314,monohull,Beneteau,Oceanis 50.5,182204.0,189500.0,209724.60789898422
1315,monohull,Beneteau,Oceanis 50.5,174309.0,189500.0,209724.60789898422
1316,monohull,Beneteau,Oceanis 50.5,170057.0,189500.0,209724.60789898422
1317,monohull,Beneteau,Oceanis 54,267197.0,191922.0,339355.13874759746
1318,monohull,Beneteau,First 45,194422.0,189500.0,169088.28491838358
1319,monohull,Beneteau,Oceanis 50,185000.0,189500.0,211110.30579772417
1320,monohull,Catalina,375,173094.0,189500.0,186647.6314460475
1321,monohull,Catalina,42 MK II,189000.0,191922.0,235751.25433785745
1322,monohull,Catalina,445,204069.0,191922.0,224275.85685166536
1323,monohull,Contest,45CS,504099.0,194351.0,353961.9629417896
1324,monohull,Contest,45CS,504099.0,194351.0,293608.4535263844
1325,monohull,Dehler,41,206377.0,191922.0,229424.2584841779
1326,monohull,Dehler,41,200425.0,191922.0,178189.7838804848
1327,monohull,Dehler,45,201732.0,189500.0,284935.3360810936
1328,monohull,Delphia,40,194401.0,189500.0,209982.54100071389
1329,monohull,Dufour,405 GL,91135.0,194351.0,135704.69327537323
1330,monohull,Dufour,405 GL,133617.0,194351.0,155313.48533114634
1331,monohull,Dufour,405,91106.0,189500.0,131466.34364957755
1332,monohull,Dufour,40e Performance,163984.0,189500.0,136806.38702275287
1333,monohull,Dufour,425 GL,163962.0,194355.0,169806.02954327548
1334,monohull,Dufour,445 GL,236926.0,193137.0,192641.67996829408
1335,monohull,Dufour,45 Performance,182204.0,194355.0,207568.44534624397
1336,monohull,Dufour,455,170101.0,191922.0,205260.12648720422
1337,monohull,Dufour,45e Performance,229578.0,194355.0,163670.75541521533
1338,monohull,Dufour,455,170101.0,191922.0,203070.99164971706
1339,monohull,Dufour,455 GL,166413.0,194351.0,208257.8009323642
1340,monohull,Dufour,455 GL,194401.0,194351.0,206346.60072686756
1341,monohull,Dufour,45e Performance,157889.0,194355.0,206664.0972232366
1342,monohull,Dufour,525 GL,302459.0,189500.0,235964.48750140745
1343,monohull,Elan,444 Impression,143334.0,193137.0,159554.34713672043
1344,monohull,Elan,444 Impression,127543.0,193137.0,169515.3714710374
1345,monohull,Grand Soleil,43,273307.0,191922.0,242518.97940744646
1346,monohull,Grand Soleil,46,267233.0,194351.0,290585.68249715393
1347,monohull,Grand Soleil,46,334042.0,194351.0,298275.6293792713
1348,monohull,Grand Soleil,54,479805.0,194355.0,369570.0970578684
1349,monohull,Grand Soleil,56 EXTREME,498045.0,194351.0,488063.4940175769
1350,monohull,Grand Soleil,56,498026.0,193137.0,473519.1194063374
1351,monohull,Hanse,400,139884.0,193137.0,178877.8656188465
1352,monohull,Hanse,445,181036.0,194351.0,186750.6833289154
1353,monohull,Hanse,445,193186.0,194351.0,199893.56072401858
1354,monohull,Hanse,470,230851.0,194355.0,222491.7003100201
1355,monohull,Hanse,495,182204.0,194355.0,234699.17932175257
1356,monohull,Hanse,495,180965.0,194355.0,234699.17932175257
1357,monohull,Hanse,495,358335.0,194355.0,287464.9927346034
1358,monohull,Hanse,495,180990.0,194355.0,234699.17932175257
1359,monohull,Hunter,39,155000.0,189500.0,166493.0817239354
1360,monohull,Hunter,50 Center Cockpit,277500.0,193137.0,334906.7372451746
1361,monohull,Hunter,50,284900.0,189500.0,341416.07162745186
1362,monohull,J Boats,J 122,287721.0,194351.0,282214.42282457807
1363,monohull,Jeanneau,Sun Odyssey 409,129235.0,189500.0,123165.23018665455
1364,monohull,Jeanneau,Sun Odyssey 409,109350.0,189500.0,123165.23018665455
1365,monohull,Jeanneau,Sun Odyssey 409,103275.0,189500.0,123165.23018665455
1366,monohull,Jeanneau,Sun Odyssey 409,84421.0,189500.0,123165.23018665455
1367,monohull,Jeanneau,Sun Odyssey 409,84410.0,189500.0,123165.23018665455
1368,monohull,Jeanneau,Sun Odyssey 409,143334.0,189500.0,133426.9684236687
1369,monohull,Jeanneau,Sun Odyssey 409,156696.0,189500.0,165665.75881982088
1370,monohull,Jeanneau,Sun Odyssey 42i,145801.0,191922.0,151341.1343571203
1371,monohull,Jeanneau,Sun Odyssey 42i,145744.0,191922.0,151341.1343571203
1372,monohull,Jeanneau,Sun Odyssey 439,146958.0,193137.0,166517.6611003885
1373,monohull,Jeanneau,Sun Odyssey 439,120239.0,193137.0,166517.6611003885
1374,monohull,Jeanneau,Sun Odyssey 44i,115425.0,194355.0,156450.99144923242
1375,monohull,Jeanneau,Sun Odyssey 44i,115396.0,194355.0,168785.45908831496
1376,monohull,Jeanneau,Sun Odyssey 45 DS,245000.0,193137.0,221795.68084358922
1377,monohull,Jeanneau,Sun Odyssey 45 DS,240000.0,193137.0,221795.68084358922
1378,monohull,Jeanneau,Sun Odyssey 45 DS,210142.0,193137.0,188992.92558868023
1379,monohull,Jeanneau,Sun Odyssey 44i,156736.0,194355.0,186379.2109240394
1380,monohull,Jeanneau,Sun Odyssey 45 DS,213192.0,193137.0,219340.62911042492
1381,monohull,Jeanneau,Sun Odyssey 44i,169000.0,194355.0,233431.07392745596
1382,monohull,Jeanneau,Sun Odyssey 49i,153052.0,189500.0,201714.02270669423
1383,monohull,Jeanneau,Sun Odyssey 50 DS,255096.0,194355.0,231610.4822365486
1384,monohull,Jeanneau,Sun Odyssey 50 DS,279900.0,194355.0,294697.19316801016
1385,monohull,Jeanneau,Sun Odyssey 50 DS,249013.0,194355.0,247356.61006024212
1386,monohull,Jeanneau,53,261160.0,194351.0,260218.31127904612
1387,monohull,Jeanneau,53,249782.0,194351.0,260218.31127904612
1388,monohull,Jeanneau,53,236875.0,194351.0,260218.31127904612
1389,monohull,Jeanneau,53,236866.0,194351.0,260218.31127904612
1390,monohull,Jeanneau,53,229578.0,194351.0,260218.31127904612
1391,monohull,Jeanneau,53,212572.0,194351.0,260218.31127904612
1392,monohull,Jeanneau,53,200433.0,194351.0,260218.31127904612
1393,monohull,Jeanneau,53,200425.0,194351.0,260218.31127904612
1394,monohull,Jeanneau,53,199818.0,194351.0,260218.31127904612
1395,monohull,Jeanneau,53,168850.0,194351.0,260218.31127904612
1396,monohull,Jeanneau,53,341932.0,194351.0,326576.1345870678
1397,monohull,Jeanneau,53,267233.0,194351.0,331935.73661770707
1398,monohull,Jeanneau,53,326766.0,194351.0,285676.23288733914
1399,monohull,Jeanneau,53,176138.0,194351.0,285676.23288733914
1400,monohull,Jeanneau,53,291406.0,194351.0,323640.5977842319
1401,monohull,Jeanneau,53,241725.0,194351.0,310363.00529392366
1402,monohull,Moody,45 DS,386305.0,193137.0,294012.0022984462
1403,monohull,Morris,M42,497000.0,194355.0,283877.0385235601
1404,monohull,Oyster,54,839360.0,189500.0,525946.185066303
1405,monohull,Rustler,44,492394.0,194351.0,300861.6068884772
1406,monohull,Sabre,456 MK II,509000.0,189500.0,387707.99385638407
1407,monohull,Sly,48C,303674.0,194351.0,332682.4461655521
1408,monohull,Tartan,4000,359000.0,191922.0,257713.19174480805
1409,monohull,Tartan,4300,475000.0,191922.0,297846.2560630014
1410,monohull,Tofinou,12,182251.0,193137.0,201250.5251769886
1411,monohull,Vismara,V50,479805.0,191922.0,372636.1960410471
1412,monohull,Vismara,V50,467658.0,191922.0,372636.1960410471
1413,monohull,X-Yachts,Xc 50,570907.0,191922.0,449262.8164525138
1414,monohull,X-Yachts,Xc 50,631642.0,191922.0,476280.2981536233
1415,monohull,Bavaria,40S Cruiser,168893.0,193137.0,112956.87940608672
1416,monohull,Bavaria,40S Cruiser,132013.0,193137.0,112956.87940608672
1417,monohull,Bavaria,40S Cruiser,116975.0,193137.0,112956.87940608672
1418,monohull,Bavaria,40S Cruiser,84807.0,193137.0,112956.87940608672
1419,monohull,Bavaria,40 Cruiser,128791.0,194351.0,134817.1139360891
1420,monohull,Bavaria,40 Cruiser,133313.0,194351.0,121567.21712209485
1421,monohull,Bavaria,40S Cruiser,109308.0,193137.0,120008.81026653742
1422,monohull,Bavaria,40 Cruiser,97200.0,194351.0,121567.21712209485
1423,monohull,Bavaria,40 Cruiser,92500.0,194351.0,119951.69362562965
1424,monohull,Bavaria,40 Cruiser,92500.0,194351.0,123932.00815703679
1425,monohull,Bavaria,45 Cruiser,136081.0,194351.0,142935.57171820808
1426,monohull,Bavaria,45 Cruiser,133651.0,194351.0,142935.57171820808
1427,monohull,Bavaria,45 Cruiser,132402.0,194351.0,156919.37847628267
1428,monohull,Bavaria,50 Cruiser,144549.0,189500.0,193125.16080289258
1429,monohull,Bavaria,56 Cruiser,264804.0,189500.0,283644.3865306985
1430,monohull,Bavaria,56 Cruiser,242939.0,189500.0,283644.3865306985
1431,monohull,Bavaria,56 Cruiser,241725.0,189500.0,283644.3865306985
1432,monohull,Bavaria,56 Cruiser,358350.0,189500.0,329257.56515308167
1433,monohull,Bavaria,56 Cruiser,358287.0,189500.0,329257.56515308167
1434,monohull,Bavaria,56 Cruiser,321895.0,189500.0,329257.56515308167
1435,monohull,Bavaria,56 Cruiser,303674.0,189500.0,329257.56515308167
1436,monohull,Bavaria,56 Cruiser,279380.0,189500.0,329257.56515308167
1437,monohull,Beneteau,Oceanis 41,145801.0,193137.0,146304.43915566523
1438,monohull,Beneteau,Oceanis 41,139000.0,193137.0,131114.32970679758
1439,monohull,Beneteau,Oceanis 41,199500.0,193137.0,172812.53604256816
1440,monohull,Beneteau,Oceanis 41,163863.0,193137.0,144353.62494215026
1441,monohull,Beneteau,First 40,106562.0,191922.0,171005.758750502
1442,monohull,Beneteau,Sense 43,219000.0,191922.0,216863.64500915052
1443,monohull,Beneteau,Sense 43,180990.0,191922.0,165886.5418563067
1444,monohull,Beneteau,Oceanis 45,194325.0,194355.0,205758.40543889065
1445,monohull,Beneteau,Oceanis 45,182204.0,194355.0,175639.92816392714
1446,monohull,Beneteau,Oceanis 45,170101.0,194355.0,175639.92816392714
1447,monohull,Beneteau,Oceanis 45,165000.0,194355.0,177992.0436765192
1448,monohull,Beneteau,Oceanis 45,229000.0,194355.0,236827.96300855046
1449,monohull,Beneteau,Oceanis 45,241725.0,194355.0,242606.8192989601
1450,monohull,Beneteau,Oceanis 45,217431.0,194355.0,199406.78631588732
1451,monohull,Beneteau,Oceanis 45,229546.0,194355.0,193948.1718079706
1452,monohull,Beneteau,Sense 46,321895.0,194351.0,216867.0044264392
1453,monohull,Beneteau,Oceanis 48,208928.0,191922.0,211637.02664361248
1454,monohull,Beneteau,Oceanis 48,206498.0,191922.0,211637.02664361248
1455,monohull,Beneteau,Oceanis 48,200425.0,191922.0,211637.02664361248
1456,monohull,Beneteau,Sense 50,399650.0,194355.0,319831.61256528104
1457,monohull,Beneteau,Sense 50,375000.0,194355.0,319831.61256528104
1458,monohull,Beneteau,Oceanis 50 Family,167635.0,193137.0,207676.72909086986
1459,monohull,Beneteau,Sense 50,423929.0,194355.0,265600.80877602904
1460,monohull,Beneteau,Sense 50,326753.0,194355.0,265600.80877602904
1461,monohull,Beneteau,Sense 50,326709.0,194355.0,265600.80877602904
1462,monohull,Beneteau,Oceanis 50,206507.0,189500.0,241863.02774769964
1463,monohull,Beneteau,Oceanis 50,206498.0,189500.0,241863.02774769964
1464,monohull,Beneteau,Oceanis 54,215000.0,191922.0,296356.53855463216
1465,monohull,Beneteau,Oceanis 54,241725.0,191922.0,312646.73586588487
1466,monohull,Beneteau,Oceanis 54,224719.0,191922.0,312646.73586588487
1467,monohull,Beneteau,Sense 55,352262.0,194351.0,414663.79794879205
1468,monohull,Beneteau,Oceanis 45,165000.0,194355.0,177596.0440628443
1469,monohull,Catalina,385,199000.0,191922.0,214964.88317203193
1470,monohull,Catalina,445,218645.0,191922.0,237780.66929900792
1471,monohull,Dehler,41,193137.0,191922.0,202207.59788638857
1472,monohull,Dehler,41,199823.0,191922.0,230860.79356918694
1473,monohull,Dufour,405 GL,103249.0,194351.0,141383.41888461835
1474,monohull,Dufour,405 GL,164026.0,194351.0,160056.92297647227
1475,monohull,Dufour,525 GL,510172.0,189500.0,290927.5922173401
1476,monohull,Dufour,525 GL,394776.0,189500.0,289850.64764052164
1477,monohull,Elan,IMPRESSION 394,144549.0,194355.0,111704.50669026856
1478,monohull,Elan,444 Impression,115396.0,193137.0,168635.85075211048
1479,monohull,Grand Soleil,39,259945.0,193137.0,209018.3082103417
1480,monohull,Grand Soleil,39,267331.0,193137.0,187715.53072880823
1481,monohull,Grand Soleil,50,448223.0,191922.0,377289.04459622636
1482,monohull,Grand Soleil,50,445794.0,191922.0,377289.04459622636
1483,monohull,Grand Soleil,50,393034.0,191922.0,374640.148104837
1484,monohull,Hallberg-Rassy,48,708144.0,191922.0,544127.446823876
1485,monohull,Hallberg-Rassy,54,1080933.0,189500.0,665946.9666362234
1486,monohull,Hanse,400,151837.0,193137.0,140808.35541697516
1487,monohull,Hanse,445,145764.0,194351.0,169997.63467010297
1488,monohull,Hanse,445,212572.0,194351.0,216849.80511220594
1489,monohull,Hanse,445,241360.0,194351.0,206970.13629666396
1490,monohull,Hanse,445,145000.0,194351.0,183394.7391331187
1491,monohull,Hanse,445,169000.0,194351.0,189480.26175552883
1492,monohull,Hanse,445,203845.0,194351.0,211430.68616542776
1493,monohull,Hanse,445,157708.0,194351.0,202756.58745818713
1494,monohull,Hanse,470,216271.0,194355.0,258015.91315447382
1495,monohull,Hanse,545,361980.0,191922.0,454863.2975816227
1496,monohull,Hanse,495,205284.0,194355.0,248316.453257678
1497,monohull,Hunter,45 DS,189900.0,194351.0,243324.6720686548
1498,monohull,Jeanneau,Sun Odyssey 409,92912.0,189500.0,130332.93696051766
1499,monohull,Jeanneau,Sun Odyssey 409,189000.0,189500.0,172376.49869698123
1500,monohull,Jeanneau,Sun Odyssey 409,179937.0,189500.0,170626.14015651183
1501,monohull,Jeanneau,Sun Odyssey 409,179900.0,189500.0,170626.14015651183
1502,monohull,Jeanneau,409,219000.0,193137.0,187614.64138554264
1503,monohull,Jeanneau,Sun Odyssey 42 DS,151876.0,194355.0,147105.7770615838
1504,monohull,Jeanneau,Sun Odyssey 42 DS,195000.0,194355.0,200749.70740176766
1505,monohull,Jeanneau,Sun Odyssey 439,197777.0,193137.0,213480.57773100134
1506,monohull,Jeanneau,Sun Odyssey 439,139671.0,193137.0,143187.53627492447
1507,monohull,Jeanneau,Sun Odyssey 439,133009.0,193137.0,143187.53627492447
1508,monohull,Jeanneau,Sun Odyssey 439,168820.0,193137.0,180149.7313886415
1509,monohull,Jeanneau,Sun Odyssey 439,176131.0,193137.0,152126.77584314003
1510,monohull,Jeanneau,Sun Odyssey 439,170034.0,193137.0,152126.77584314003
1511,monohull,Jeanneau,Sun Odyssey 439,121453.0,193137.0,152126.77584314003
1512,monohull,Jeanneau,Sun Odyssey 439,145764.0,193137.0,164703.49182497425
1513,monohull,Jeanneau,Sun Odyssey 439,129500.0,193137.0,210863.2892745196
1514,monohull,Jeanneau,Sun Odyssey 439,236866.0,193137.0,175995.50215233842
1515,monohull,Jeanneau,Sun Odyssey 44 DS,235000.0,194355.0,225527.108831328
1516,monohull,Jeanneau,Sun Odyssey 44 DS,249000.0,194355.0,225527.108831328
1517,monohull,Jeanneau,Sun Odyssey 44 DS,251808.0,194355.0,211770.34871582684
1518,monohull,Jeanneau,Sun Odyssey 45 DS,199000.0,193137.0,217195.78613779412
1519,monohull,Jeanneau,Sun Odyssey 469,241725.0,194355.0,216178.71399019528
1520,monohull,Jeanneau,Sun Odyssey 50 DS,273307.0,194355.0,254544.19769925153
1521,monohull,Jeanneau,Sun Odyssey 509,242939.0,191922.0,265485.0756339868
1522,monohull,Jeanneau,Sun Odyssey 509,349000.0,191922.0,345686.7628827359
1523,monohull,Jeanneau,509,352351.0,189500.0,282690.6992571902
1524,monohull,Jeanneau,Sun Odyssey 509,352276.0,191922.0,288176.9195523186
1525,monohull,Jeanneau,Sun Odyssey 509,236866.0,191922.0,288176.9195523186
1526,monohull,Jeanneau,Sun Odyssey 509,180990.0,191922.0,288176.9195523186
1527,monohull,Jeanneau,53,413013.0,194351.0,275237.1607532567
1528,monohull,Jeanneau,53,249023.0,194351.0,275237.1607532567
1529,monohull,Jeanneau,53,230761.0,194351.0,275237.1607532567
1530,monohull,Jeanneau,53,191930.0,194351.0,275237.1607532567
1531,monohull,Jeanneau,53,191922.0,194351.0,275237.1607532567
1532,monohull,Jeanneau,53,388718.0,194351.0,345424.91499427386
1533,monohull,Jeanneau,53,388703.0,194351.0,345424.91499427386
1534,monohull,Passport,Vista 545 Center Cockpit,935000.0,193137.0,656766.6075295301
1535,monohull,Sly,47,227148.0,193137.0,330142.9618196199
1536,monohull,Solaris,44,467658.0,189500.0,276980.6876985362
1537,monohull,Southerly,38,346474.0,191922.0,215864.56719297564
1538,monohull,Southerly,420,479634.0,194351.0,280033.0006851178
1539,monohull,Tofinou,16,485898.0,193137.0,484970.0270463913
1540,monohull,X-Yachts,Xp 38,279391.0,189500.0,251063.4719978599
1541,monohull,X-Yachts,Xp 44,475000.0,194351.0,409082.4316277641
1542,monohull,X-Yachts,Xp 44,498026.0,194351.0,343409.5519096835
1543,monohull,X-Yachts,XP50,716700.0,193137.0,512429.591473102
1544,monohull,X-Yachts,XP50,716671.0,193137.0,512429.591473102
1545,monohull,X-Yachts,XP50,607373.0,193137.0,473157.3920921076
1546,monohull,X-Yachts,Xc 50,546635.0,191922.0,476315.2605315423
1547,monohull,Bavaria,40S Cruiser,109229.0,193137.0,119747.32113363621
1548,monohull,Bavaria,40S Cruiser,109201.0,193137.0,119747.32113363621
1549,monohull,Bavaria,40S Cruiser,106879.0,193137.0,119747.32113363621
1550,monohull,Bavaria,40S Cruiser,103235.0,193137.0,119747.32113363621
1551,monohull,Bavaria,40 Cruiser,132436.0,194351.0,142984.29457275884
1552,monohull,Bavaria,40 Cruiser,133651.0,194351.0,128931.72295333577
1553,monohull,Bavaria,41 Cruiser,120299.0,189500.0,126829.9741761128
1554,monohull,Bavaria,45 Cruiser,193793.0,194351.0,151594.56611102435
1555,monohull,Bavaria,45 Cruiser,193744.0,194351.0,151594.56611102435
1556,monohull,Bavaria,45 Cruiser,175416.0,194351.0,151594.56611102435
1557,monohull,Bavaria,45 Cruiser,160381.0,194351.0,151594.56611102435
1558,monohull,Bavaria,45 Cruiser,155521.0,194351.0,151594.56611102435
1559,monohull,Bavaria,45 Cruiser,145764.0,194351.0,151594.56611102435
1560,monohull,Bavaria,45 Cruiser,139731.0,194351.0,151594.56611102435
1561,monohull,Bavaria,45 Cruiser,127576.0,194351.0,151594.56611102435
1562,monohull,Bavaria,45 Cruiser,179821.0,194351.0,184564.61509431977
1563,monohull,Bavaria,Vision 46,234900.0,194355.0,262390.2928546276
1564,monohull,Bavaria,Vision 46,218093.0,194355.0,211604.29124477526
1565,monohull,Bavaria,Vision 46,217486.0,194355.0,211604.29124477526
1566,monohull,Bavaria,50 Cruiser,179775.0,189500.0,219523.28110822663
1567,monohull,Bavaria,56 Cruiser,302459.0,189500.0,280911.53905734216
1568,monohull,Bavaria,56 Cruiser,394776.0,189500.0,339648.2851539176
1569,monohull,Bavaria,45 Cruiser,149950.0,194351.0,175870.79735882743
1570,monohull,Beneteau,Oceanis 41 Owners Version,220000.0,194355.0,188417.02815526936
1571,monohull,Beneteau,Oceanis 41,219500.0,193137.0,185376.9241782926
1572,monohull,Beneteau,Oceanis 41,132384.0,193137.0,124504.33201492981
1573,monohull,Beneteau,Oceanis 41,210000.0,193137.0,165709.65858768582
1574,monohull,Beneteau,Oceanis 41,229000.0,193137.0,179362.7604802732
1575,monohull,Beneteau,Oceanis 41,219000.0,193137.0,183725.68061358327
1576,monohull,Beneteau,Oceanis 45,170101.0,194355.0,172699.78275012452
1577,monohull,Beneteau,Oceanis 45,291527.0,194355.0,218264.36471161348
1578,monohull,Beneteau,Oceanis 45,249000.0,194355.0,251530.77081464554
1579,monohull,Beneteau,Oceanis 45,330000.0,194355.0,209309.08336136476
1580,monohull,Beneteau,Oceanis 48,170064.0,191922.0,208427.8345791065
1581,monohull,Beneteau,Oceanis 48,359500.0,191922.0,306124.63952047395
1582,monohull,Beneteau,Sense 50,346988.0,194355.0,240502.89498367778
1583,monohull,Beneteau,Sense 50,321895.0,194355.0,240502.89498367778
1584,monohull,Beneteau,Oceanis 50 Family,224719.0,193137.0,260659.28365914096
1585,monohull,Beneteau,Oceanis 54,309098.0,191922.0,361100.4684609154
1586,monohull,Beneteau,Oceanis 54,479805.0,191922.0,446915.08087717794
1587,monohull,Beneteau,OCEANIS 55,460370.0,194355.0,324701.68066408305
1588,monohull,Beneteau,Oceanis 55,352262.0,189500.0,345990.2383402739
1589,monohull,Catalina,387,219999.0,189500.0,197336.16351120782
1590,monohull,Catalina,385,215000.0,191922.0,230921.82413204928
1591,monohull,Dehler,41,219832.0,191922.0,245354.3325263613
1592,monohull,Delphia,46 cc,314606.0,189500.0,358165.6320017721
1593,monohull,Dufour,380,99950.0,194351.0,133647.24408614106
1594,monohull,Dufour,410,160318.0,194355.0,168442.10827974635
1595,monohull,Dufour,410 GL,143315.0,189500.0,153599.91986183796
1596,monohull,Dufour,410 GL,220000.0,189500.0,186944.00319301884
1597,monohull,Dufour,40e Performance,179000.0,189500.0,144185.54202213223
1598,monohull,Dufour,445 GL,151876.0,193137.0,173268.04792014332
1599,monohull,Dufour,445 GL,151837.0,193137.0,173268.04792014332
1600,monohull,Dufour,445 GL,139726.0,193137.0,173268.04792014332
1601,monohull,Dufour,445 GL,240477.0,193137.0,212968.23657969
1602,monohull,Dufour,445,229578.0,194351.0,219275.83789741888
1603,monohull,Dufour,445 GL,217431.0,193137.0,212968.23657969
1604,monohull,Dufour,450 GL,180990.0,193137.0,205140.1761959104
1605,monohull,Dufour,500 GL,358466.0,194355.0,255463.69475300363
1606,monohull,Dufour,500 GL,346315.0,194355.0,255463.69475300363
1607,monohull,Elan,450,349900.0,194355.0,233764.34567054722
1608,monohull,Elan,450,209588.0,194355.0,164067.88522761708
1609,monohull,Elan,Impression 444,121348.0,193137.0,178773.45302767612
1610,monohull,Elan,444 Impression,121257.0,193137.0,178773.45302767612
1611,monohull,Elan,444 Impression,121227.0,193137.0,178773.45302767612
1612,monohull,Elan,Impression 494,167605.0,194351.0,219701.36346149517
1613,monohull,Elan,494 Impression,182180.0,194355.0,225871.91683654647
1614,monohull,Elan,Impression 494,166391.0,194351.0,234348.46691773873
1615,monohull,Grand Soleil,39,156696.0,193137.0,177873.5149309488
1616,monohull,Grand Soleil,39,151837.0,193137.0,177873.5149309488
1617,monohull,Grand Soleil,39,236866.0,193137.0,204601.53009448352
1618,monohull,Grand Soleil,47,464162.0,191922.0,373480.50762455893
1619,monohull,Hallberg-Rassy,412,449377.0,194351.0,346589.46554053854
1620,monohull,Hanse,415,168000.0,194355.0,143439.1870205022
1621,monohull,Hanse,415,133617.0,194355.0,138503.27585565977
1622,monohull,Hanse,415,157890.0,194355.0,149422.76034165532
1623,monohull,Hanse,415,144586.0,194355.0,149422.76034165532
1624,monohull,Hanse,415,144549.0,194355.0,149422.76034165532
1625,monohull,Hanse,445,157911.0,194351.0,180296.0407820711
1626,monohull,Hanse,445,145764.0,194351.0,180296.0407820711
1627,monohull,Hanse,445,218402.0,194351.0,197934.93194985483
1628,monohull,Hanse,445,176131.0,194351.0,184171.1646888627
1629,monohull,Hanse,445,176131.0,194351.0,196853.8652188147
1630,monohull,Hanse,445,229578.0,194351.0,224239.09420527556
1631,monohull,Hanse,445,157668.0,194351.0,215039.52118001977
1632,monohull,Hanse,495,314606.0,194355.0,284176.03882218484
1633,monohull,Hanse,495,297601.0,194355.0,284176.03882218484
1634,monohull,Hanse,505,358287.0,191922.0,304705.5156206804
1635,monohull,Hanse,495,291487.0,194355.0,323520.8536947996
1636,monohull,Hanse,575,340069.0,191922.0,390836.2512487297
1637,monohull,Hanse,575,455449.0,191922.0,452398.0561397847
1638,monohull,Hanse,575,510103.0,191922.0,479604.08289242536
1639,monohull,Hunter,40,186500.0,189500.0,193941.75082018916
1640,monohull,Hunter,40,174900.0,189500.0,193941.75082018916
1641,monohull,Hunter,M-H 40,172000.0,194355.0,185207.42782178565
1642,monohull,Hunter,50 Center Cockpit,340000.0,193137.0,355071.7767356311
1643,monohull,Jeanneau,Sun Odyssey 41DS,229000.0,193137.0,167166.26573277384
1644,monohull,Jeanneau,Sun Odyssey 409,95961.0,189500.0,149805.66407235787
1645,monohull,Jeanneau,Sun Odyssey 409,184900.0,189500.0,189346.11726506532
1646,monohull,Jeanneau,Sun Odyssey 409,132436.0,189500.0,160521.90591539527
1647,monohull,Jeanneau,Sun Odyssey 40.9,127526.0,189500.0,160521.90591539527
1648,monohull,Jeanneau,Sun Odyssey 409,103275.0,189500.0,160521.90591539527
1649,monohull,Jeanneau,Sun Odyssey 439,139671.0,193137.0,151795.30435685557
1650,monohull,Jeanneau,Sun Odyssey 439,133617.0,193137.0,151795.30435685557
1651,monohull,Jeanneau,Sun Odyssey 439,162747.0,193137.0,190979.49456606107
1652,monohull,Jeanneau,Sun Odyssey 439,172463.0,193137.0,161271.9293919478
1653,monohull,Jeanneau,Sun Odyssey 439,206470.0,193137.0,174604.69898864476
1654,monohull,Jeanneau,Sun Odyssey 439,200425.0,193137.0,186575.53240777648
1655,monohull,Jeanneau,Sun Odyssey 439,182180.0,193137.0,186575.53240777648
1656,monohull,Jeanneau,Sun Odyssey 439,133617.0,193137.0,186575.53240777648
1657,monohull,Jeanneau,Sun Odyssey 44 DS,229000.0,194355.0,228606.07186988174
1658,monohull,Jeanneau,Sun Odyssey 469,145764.0,194355.0,187225.40807696397
1659,monohull,Jeanneau,Sun Odyssey 469,144549.0,194355.0,187225.40807696397
1660,monohull,Jeanneau,Sun Odyssey 469,204069.0,194355.0,201986.10544134406
1661,monohull,Jeanneau,Sun Odyssey 469,194351.0,194355.0,201986.10544134406
1662,monohull,Jeanneau,Sun Odyssey 469,230792.0,194355.0,214720.18340886122
1663,monohull,Jeanneau,Sun Odyssey 469,262982.0,194355.0,229318.01776261837
1664,monohull,Jeanneau,Sun Odyssey 469,217431.0,194355.0,229318.01776261837
1665,monohull,Jeanneau,Sun Odyssey 469,188278.0,194355.0,229318.01776261837
1666,monohull,Jeanneau,Sun Odyssey 50 DS,255086.0,194355.0,226657.08695872748
1667,monohull,Jeanneau,Sun Odyssey 50 DS,242939.0,194355.0,226657.08695872748
1668,monohull,Jeanneau,Sun Odyssey 50 DS,241725.0,194355.0,226657.08695872748
1669,monohull,Jeanneau,Sun Odyssey 50 DS,201640.0,194355.0,226657.08695872748
1670,monohull,Jeanneau,Sun Odyssey 50 DS,303686.0,194355.0,286457.59887266567
1671,monohull,Jeanneau,Sun Odyssey 509,334042.0,191922.0,305976.8041021483
1672,monohull,Jeanneau,Sun Odyssey 509,205284.0,191922.0,263049.36023599753
1673,monohull,Jeanneau,Sun Odyssey 509,267233.0,191922.0,306268.78931295127
1674,monohull,Jeanneau,Sun Odyssey 509,266019.0,191922.0,306268.78931295127
1675,monohull,Jeanneau,53,230792.0,194351.0,291910.94603293214
1676,monohull,Jeanneau,53,218645.0,194351.0,291910.94603293214
1677,monohull,Jeanneau,53,236866.0,194351.0,320469.4511749469
1678,monohull,Nauticat,42,479740.0,189500.0,277990.89325092256
1679,monohull,RM Yachts,rm 12.60,333996.0,193137.0,228539.47177784238
1680,monohull,RM Yachts,rm 12.60,285415.0,193137.0,228539.47177784238
1681,monohull,Rustler,42,465645.0,194355.0,300189.0841409134
1682,monohull,Salona,38,138500.0,191922.0,204526.37741498064
1683,monohull,Salona,38,135000.0,191922.0,226049.39644625335
1684,monohull,Salona,42,194351.0,191922.0,207948.54191613896
1685,monohull,Solaris,42,327968.0,194351.0,223587.97750697657
1686,monohull,Solaris,44,443364.0,189500.0,293878.65646933566
1687,monohull,Tofinou,12,230792.0,193137.0,225492.1407982331
1688,monohull,Tofinou,12,229636.0,193137.0,225492.1407982331
1689,monohull,Tofinou,16,485879.0,193137.0,514124.16733055585
1690,monohull,Triplast,Y 40,176107.0,193137.0,195391.10676934064
1691,monohull,Triplast,Y 40,121379.0,193137.0,195391.10676934064
1692,monohull,Van De Stadt,Norman 41,115380.0,194355.0,259396.64800982067
1693,monohull,Wauquiez,Opium 39,241725.0,194355.0,239726.1462231414
1694,monohull,X-Yachts,Xp 38,252657.0,189500.0,266380.28973183053
1695,monohull,X-Yachts,Xp 38,255096.0,189500.0,243296.13615146992
1696,monohull,Bavaria,41 Cruiser,233797.0,189500.0,124238.82370183966
1697,monohull,Bavaria,41 Cruiser,180382.0,189500.0,124238.82370183966
1698,monohull,Bavaria,41 Cruiser,144586.0,189500.0,124238.82370183966
1699,monohull,Bavaria,41 Cruiser,130580.0,189500.0,157871.18617010963
1700,monohull,Bavaria,41 Cruiser,156675.0,189500.0,155296.619490196
1701,monohull,Bavaria,41 Cruiser,148193.0,189500.0,133100.74955939627
1702,monohull,Bavaria,41 Cruiser,180990.0,189500.0,144190.28391141284
1703,monohull,Bavaria,41 Cruiser,160340.0,189500.0,144190.28391141284
1704,monohull,Bavaria,41 Cruiser,157889.0,189500.0,144190.28391141284
1705,monohull,Bavaria,42 Vision,218585.0,194351.0,155743.71372850286
1706,monohull,Bavaria,45 Cruiser,144549.0,194351.0,200505.45022629754
1707,monohull,Bavaria,Vision 46,269000.0,194355.0,279406.9669432112
1708,monohull,Bavaria,Cruiser 46,179821.0,194355.0,183741.66699300052
1709,monohull,Bavaria,Cruiser 46,179775.0,194355.0,183741.66699300052
1710,monohull,Bavaria,Cruiser 46,173746.0,194355.0,183741.66699300052
1711,monohull,Bavaria,Cruiser 46,157668.0,194355.0,183741.66699300052
1712,monohull,Bavaria,Cruiser 46,151837.0,194355.0,183741.66699300052
1713,monohull,Bavaria,Cruiser 46,148193.0,194355.0,183741.66699300052
1714,monohull,Bavaria,Cruiser 46,198003.0,194355.0,230969.4218377442
1715,monohull,Bavaria,Vision 46,299000.0,194355.0,256002.27387063668
1716,monohull,Bavaria,Cruiser 46,201640.0,194355.0,231207.7563716999
1717,monohull,Bavaria,51 Cruiser,206498.0,194351.0,222363.89210691364
1718,monohull,Bavaria,51 Cruiser,303686.0,194351.0,276560.0261310472
1719,monohull,Bavaria,56 Cruiser,303674.0,189500.0,298841.31109730667
1720,monohull,Bavaria,56 Cruiser,364409.0,189500.0,346832.1109912556
1721,monohull,Bavaria,56 Cruiser,236866.0,189500.0,346832.1109912556
1722,monohull,Beneteau,Oceanis 38,179000.0,191922.0,161837.8244972942
1723,monohull,Beneteau,Oceanis 38,187302.0,191922.0,179005.49117352086
1724,monohull,Beneteau,Oceanis 41,174900.0,193137.0,189373.25892574387
1725,monohull,Beneteau,Oceanis 45,208936.0,194355.0,182560.8156140122
1726,monohull,Beneteau,Oceanis 45,206498.0,194355.0,198155.01836923815
1727,monohull,Beneteau,Oceanis 45,194325.0,194355.0,198155.01836923815
1728,monohull,Beneteau,Oceanis 45,259000.0,194355.0,198669.52622654333
1729,monohull,Beneteau,Oceanis 45,241725.0,194355.0,210647.56803276693
1730,monohull,Beneteau,Oceanis 45,218645.0,194355.0,210647.56803276693
1731,monohull,Beneteau,Oceanis 45,194166.0,194355.0,210647.56803276693
1732,monohull,Beneteau,Oceanis 45,295000.0,194355.0,267745.2060987347
1733,monohull,Beneteau,Oceanis 45,194351.0,194355.0,218810.17573304658
1734,monohull,Beneteau,Oceanis 48,224728.0,191922.0,222048.98386665675
1735,monohull,Beneteau,Oceanis 48,200425.0,191922.0,278727.3118287821
1736,monohull,Beneteau,Oceanis 48,224719.0,191922.0,278993.29360194196
1737,monohull,Beneteau,Sense 50,382629.0,194355.0,299647.88583139324
1738,monohull,Beneteau,Sense 50,400850.0,194355.0,271911.9265959842
1739,monohull,Beneteau,Sense 50,395000.0,194355.0,334192.54180998716
1740,monohull,Beneteau,Sense 50,315834.0,194355.0,282448.53239000513
1741,monohull,Beneteau,Oceanis 55,535000.0,189500.0,552368.8413430704
1742,monohull,Beneteau,Sense 55,376313.0,194351.0,437293.2530453004
1743,monohull,Beneteau,Oceanis 50,230000.0,189500.0,261471.11109886342
1744,monohull,Bestevaer,49ST,807805.0,191922.0,547123.0028202252
1745,monohull,Boreal,44,601275.0,193137.0,355021.1540585052
1746,monohull,Catalina,445,299900.0,191922.0,315793.09805940813
1747,monohull,Catalina,445,298000.0,191922.0,315793.09805940813
1748,monohull,Dehler,37,118000.0,191922.0,212892.04545867522
1749,monohull,Dehler,38 Competition,234000.0,194355.0,199575.7783025243
1750,monohull,Dufour,410 GL,206551.0,189500.0,140793.75016982388
1751,monohull,Dufour,410,145744.0,194355.0,141747.75809126112
1752,monohull,Dufour,410,156696.0,194355.0,179146.0526261853
1753,monohull,Dufour,410 GL,205754.0,189500.0,202885.57892747456
1754,monohull,Dufour,450 GL,182204.0,193137.0,184239.8016146987
1755,monohull,Dufour,450 Liberty version,199000.0,189500.0,185207.25665379915
1756,monohull,Dufour,500 GL,286668.0,194355.0,290219.0589021864
1757,monohull,Elan,394 Impression,106313.0,194355.0,126023.78517530578
1758,monohull,Elan,444 Impression,133617.0,193137.0,233649.23086485083
1759,monohull,Elan,494 Impression,151230.0,194355.0,240225.33743863626
1760,monohull,Hanse,415,229000.0,194355.0,199339.4337855635
1761,monohull,Hanse,415,186468.0,194355.0,200990.89137358073
1762,monohull,Hanse,415,186430.0,194355.0,200990.89137358073
1763,monohull,Hanse,445,156696.0,194351.0,191735.97106796797
1764,monohull,Hanse,445,146735.0,194351.0,191735.97106796797
1765,monohull,Hanse,445,140905.0,194351.0,191735.97106796797
1766,monohull,Hanse,505,230792.0,191922.0,280444.868683727
1767,monohull,Hanse,505,358287.0,191922.0,352028.8316713563
1768,monohull,Hanse,505,352262.0,191922.0,352028.8316713563
1769,monohull,Jeanneau,Sun Odyssey 409,112359.0,189500.0,137315.83493272596
1770,monohull,Jeanneau,Sun Odyssey 409,195124.0,189500.0,201746.32707787203
1771,monohull,Jeanneau,Sun Odyssey 439,205041.0,193137.0,201071.01666881688
1772,monohull,Jeanneau,Sun Odyssey 439,230792.0,193137.0,171484.0597204994
1773,monohull,Jeanneau,Sun Odyssey 439,145764.0,193137.0,171484.0597204994
1774,monohull,Jeanneau,Sun Odyssey 439,275000.0,193137.0,235392.4270358553
1775,monohull,Jeanneau,Sun Odyssey 439,157889.0,193137.0,198389.9483464392
1776,monohull,Jeanneau,Sun Odyssey 439,279900.0,193137.0,231854.73619458417
1777,monohull,Jeanneau,Sun Odyssey 44 DS,297601.0,194355.0,175100.43307966416
1778,monohull,Jeanneau,Sun Odyssey 44 DS,269900.0,194355.0,255062.35268706808
1779,monohull,Jeanneau,Sun Odyssey 469,242818.0,194355.0,199122.9696116774
1780,monohull,Jeanneau,Sun Odyssey 469,236744.0,194355.0,199122.9696116774
1781,monohull,Jeanneau,Sun Odyssey 469,217431.0,194355.0,199122.9696116774
1782,monohull,Jeanneau,Sun Odyssey 469,217127.0,194355.0,199122.9696116774
1783,monohull,Jeanneau,Sun Odyssey 469,180382.0,194355.0,199122.9696116774
1784,monohull,Jeanneau,Sun Odyssey 469,168843.0,194355.0,199122.9696116774
1785,monohull,Jeanneau,Sun Odyssey 469,156696.0,194355.0,199122.9696116774
1786,monohull,Jeanneau,Sun Odyssey 469,139690.0,194355.0,199122.9696116774
1787,monohull,Jeanneau,Sun Odyssey 469,182204.0,194355.0,251658.96430029772
1788,monohull,Jeanneau,Sun Odyssey 469,224719.0,194355.0,228364.94787267694
1789,monohull,Jeanneau,Sun Odyssey 469,293110.0,194355.0,271694.668770058
1790,monohull,Jeanneau,Sun Odyssey 509,389000.0,191922.0,395045.88450923125
1791,monohull,Jeanneau,Sun Odyssey 509,249013.0,191922.0,325972.96121628385
1792,monohull,Jeanneau,Sun Odyssey 53,440500.0,194351.0,474046.7243910445
1793,monohull,Jeanneau,53,334055.0,194351.0,389595.90017839835
1794,monohull,Jeanneau,Sun Odyssey 53,364800.0,194351.0,424429.68651856115
1795,monohull,Moody,45 Classic,285000.0,194351.0,449603.5065664016
1796,monohull,Passport,Vista 545 Center Cockpit,998000.0,193137.0,755778.3568528388
1797,monohull,RM Yachts,1260,334042.0,193137.0,275672.2006866359
1798,monohull,Southerly,420,559708.0,194351.0,296501.4414374814
1799,monohull,Southerly,535,995000.0,194355.0,679339.5935432593
1800,monohull,Sunbeam,42.1,379710.0,189500.0,333527.3388414583
1801,monohull,Van De Stadt,Stainless Steel Cutter,473732.0,194355.0,591866.3583843734
1802,monohull,Wauquiez,Pilot Saloon 47,461753.0,193137.0,363185.9082859884
1803,monohull,X-Yachts,Xp 44,516246.0,194351.0,368093.8773531505
1804,monohull,Bavaria,41 Cruiser,128791.0,189500.0,141972.44204049185
1805,monohull,Bavaria,Cruiser 46,280595.0,194355.0,195927.5696429452
1806,monohull,Bavaria,Cruiser 46,229578.0,194355.0,195927.5696429452
1807,monohull,Bavaria,Cruiser 46,173138.0,194355.0,195927.5696429452
1808,monohull,Bavaria,Cruiser 46,210142.0,194355.0,246287.50910499413
1809,monohull,Bavaria,Cruiser 46,206498.0,194355.0,211374.3382762344
1810,monohull,Bavaria,Cruiser 46,182204.0,194355.0,211374.3382762344
1811,monohull,Bavaria,Cruiser 46,250000.0,194355.0,234995.93002443507
1812,monohull,Bavaria,Vision 46,291601.0,194355.0,239976.62687479894
1813,monohull,Bavaria,Vision 46,291527.0,194355.0,239976.62687479894
1814,monohull,Bavaria,Cruiser 46,249013.0,194355.0,239976.62687479894
1815,monohull,Bavaria,Cruiser 46,212626.0,194355.0,239976.62687479894
1816,monohull,Bavaria,Cruiser 46,169936.0,194355.0,239976.62687479894
1817,monohull,Bavaria,51 Cruiser,188278.0,194351.0,237113.22128009962
1818,monohull,Bavaria,51 Cruiser,163984.0,194351.0,237113.22128009962
1819,monohull,Bavaria,51 Cruiser,276951.0,194351.0,288682.57973894035
1820,monohull,Bavaria,51 Cruiser,297601.0,194351.0,260310.70407817006
1821,monohull,Bavaria,51 Cruiser,255086.0,194351.0,260310.70407817006
1822,monohull,Bavaria,51 Cruiser,188285.0,194351.0,260310.70407817006
1823,monohull,Bavaria,51 Cruiser,180747.0,194351.0,260310.70407817006
1824,monohull,Bavaria,51 Cruiser,170057.0,194351.0,260310.70407817006
1825,monohull,Bavaria,51 Cruiser,236866.0,194351.0,275514.402548796
1826,monohull,Bavaria,51 Cruiser,206498.0,194351.0,275514.402548796
1827,monohull,Bavaria,51 Cruiser,182204.0,194351.0,275514.402548796
1828,monohull,Bavaria,56 Cruiser,308533.0,189500.0,318760.26889039954
1829,monohull,Bavaria,56 Cruiser,278165.0,189500.0,318760.26889039954
1830,monohull,Bavaria,56 Cruiser,285454.0,189500.0,405051.01589178457
1831,monohull,Bavaria,56 Cruiser,302459.0,189500.0,341497.3633434258
1832,monohull,Bavaria,56 Cruiser,285454.0,189500.0,341497.3633434258
1833,monohull,Bavaria,56 Cruiser,364409.0,189500.0,369949.845800934
1834,monohull,Bavaria,56 Cruiser,285454.0,189500.0,369949.845800934
1835,monohull,Bavaria,56 Cruiser,334042.0,189500.0,396413.945419239
1836,monohull,Bavaria,Cruiser 46,198000.0,194355.0,193753.17889604418
1837,monohull,Beneteau,Oceanis 38,210000.0,191922.0,192938.4429051378
1838,monohull,Beneteau,Oceanis 38,189900.0,191922.0,192938.4429051378
1839,monohull,Beneteau,Oceanis 38,145801.0,191922.0,148115.77509312297
1840,monohull,Beneteau,Oceanis 41,155000.0,193137.0,134055.4406690141
1841,monohull,Beneteau,Oceanis 41,139000.0,193137.0,134055.4406690141
1842,monohull,Beneteau,Oceanis 41,244900.0,193137.0,211436.7510351053
1843,monohull,Beneteau,Oceanis 41,205284.0,193137.0,141197.25903466588
1844,monohull,Beneteau,Oceanis 41,230000.0,193137.0,204577.13116526892
1845,monohull,Beneteau,Oceanis 41,239900.0,193137.0,202552.2083204044
1846,monohull,Beneteau,Oceanis 41,267233.0,193137.0,173549.2009487956
1847,monohull,Beneteau,Oceanis 41,219000.0,193137.0,192473.9524027221
1848,monohull,Beneteau,Oceanis 45,172000.0,194355.0,193628.77033771298
1849,monohull,Beneteau,Oceanis 45,309900.0,194355.0,297869.23798241
1850,monohull,Beneteau,Oceanis 48,233829.0,191922.0,237132.66940627532
1851,monohull,Beneteau,Oceanis 48,224728.0,191922.0,237132.66940627532
1852,monohull,Beneteau,Oceanis 48,217439.0,191922.0,237132.66940627532
1853,monohull,Beneteau,Oceanis 48,180382.0,191922.0,237132.66940627532
1854,monohull,Beneteau,Oceanis 48,340115.0,191922.0,297661.13016795204
1855,monohull,Beneteau,Oceanis 48,206385.0,191922.0,297945.17996085976
1856,monohull,Beneteau,Oceanis 48,206377.0,191922.0,297945.17996085976
1857,monohull,Beneteau,Sense 50,399900.0,194355.0,356794.0018480349
1858,monohull,Beneteau,Oceanis 55,525000.0,189500.0,561674.9686009741
1859,monohull,Beneteau,Oceanis 55,499000.0,189500.0,538729.9967190666
1860,monohull,Beneteau,Oceanis 55,576981.0,189500.0,465672.7470478049
1861,monohull,Beneteau,Oceanis 55,576981.0,189500.0,465672.7470478049
1862,monohull,Beneteau,Oceanis 55,545399.0,189500.0,465672.7470478049
1863,monohull,Beneteau,Oceanis 55,467658.0,189500.0,425318.18019204465
1864,monohull,Beneteau,Oceanis 55,472517.0,189500.0,455743.0143089771
1865,monohull,Beneteau,Oceanis 55,460370.0,189500.0,455743.0143089771
1866,monohull,Beneteau,Oceanis 55,455511.0,189500.0,455743.0143089771
1867,monohull,Beneteau,Oceanis 55,438332.0,189500.0,455743.0143089771
1868,monohull,Beneteau,Oceanis 55,426342.0,189500.0,513984.27919741004
1869,monohull,Beneteau,Oceanis 45,275000.0,194355.0,200951.47173951697
1870,monohull,Beneteau,Oceanis 45,189000.0,194355.0,193628.77033771298
1871,monohull,Beneteau,Oceanis 45,169000.0,194355.0,193628.77033771298
1872,monohull,Catalina,385,249900.0,191922.0,259957.1740272116
1873,monohull,Contest,42CS,637741.0,189500.0,440739.43743166106
1874,monohull,Dehler,Varianta 44,108108.0,189500.0,314636.7543752825
1875,monohull,Dehler,46,363209.0,193137.0,338765.34252426965
1876,monohull,Dufour,382 GL,130000.0,191922.0,121505.20748057173
1877,monohull,Dufour,382 GL,129000.0,191922.0,121505.20748057173
1878,monohull,Dufour,382 GL,119000.0,191922.0,121505.20748057173
1879,monohull,Dufour,410 GL,188926.0,189500.0,190832.5570119454
1880,monohull,Dufour,410 GL,188278.0,189500.0,174295.26718982132
1881,monohull,Dufour,412,163962.0,194355.0,173345.3441527752
1882,monohull,Dufour,410 GL,145622.0,189500.0,186763.3554084399
1883,monohull,Dufour,450 GL,168843.0,193137.0,244785.9279966148
1884,monohull,Dufour,450 GL,193137.0,193137.0,232644.35966193987
1885,monohull,Dufour,460 GL,188326.0,194351.0,227297.55308928606
1886,monohull,Dufour,500 GL,278177.0,194355.0,339547.4648242054
1887,monohull,Dufour,500,206385.0,191922.0,339361.5854153887
1888,monohull,Dufour,500,206377.0,191922.0,339361.5854153887
1889,monohull,Dufour,500 GL,297709.0,194355.0,286630.56824840506
1890,monohull,Elan,40 Impression,126328.0,194355.0,134381.78912104294
1891,monohull,Elan,Impression 40,163984.0,191922.0,164211.1365472499
1892,monohull,Elan,Impression 45,176131.0,194351.0,192667.20736834392
1893,monohull,Elan,45 Impression,169865.0,191922.0,190015.55200080594
1894,monohull,Elan,45 Impression,157911.0,191922.0,190015.55200080594
1895,monohull,Elan,45 Impression,151837.0,191922.0,190015.55200080594
1896,monohull,Elan,45 Impression,145764.0,191922.0,190015.55200080594
1897,monohull,Elan,45 Impression,170057.0,191922.0,205054.18132561157
1898,monohull,Elan,50 Impression,218616.0,194351.0,283497.1858242098
1899,monohull,Elan,Impression 50,212572.0,191922.0,277904.1684838537
1900,monohull,Elan,50 Impression,194325.0,194351.0,283497.1858242098
1901,monohull,Elan,50 Impression,242939.0,194351.0,311232.5480952568
1902,monohull,Grand Soleil,46 LC,508978.0,193137.0,361329.53463194636
1903,monohull,Grand Soleil,46 LC,522319.0,193137.0,386102.1535450996
1904,monohull,Grand Soleil,54,601275.0,194355.0,539471.5632994975
1905,monohull,Hallberg-Rassy,412,593119.0,194351.0,411147.657684486
1906,monohull,Hanse,385,199000.0,194351.0,202095.3152847085
1907,monohull,Hanse,415,126571.0,194355.0,157074.07801339484
1908,monohull,Hanse,415,166413.0,194355.0,197447.3704205185
1909,monohull,Hanse,455,279900.0,193137.0,193412.54588974005
1910,monohull,Hanse,455,279000.0,193137.0,193412.54588974005
1911,monohull,Hanse,455,166413.0,193137.0,205151.61062954774
1912,monohull,Hanse,455,174892.0,193137.0,205151.61062954774
1913,monohull,Hanse,455,163962.0,193137.0,205151.61062954774
1914,monohull,Hanse,455,278735.0,193137.0,256251.41609881836
1915,monohull,Hanse,505,229092.0,191922.0,299495.3598715862
1916,monohull,Hanse,505,227117.0,191922.0,299495.3598715862
1917,monohull,Hanse,505,212572.0,191922.0,299495.3598715862
1918,monohull,Hanse,505,327968.0,191922.0,323198.6812796626
1919,monohull,Hanse,505,425144.0,191922.0,376300.7396568402
1920,monohull,Jeanneau,Sun Odyssey 409,145801.0,189500.0,146468.4795597526
1921,monohull,Jeanneau,Sun Odyssey 409,145156.0,189500.0,146468.4795597526
1922,monohull,Jeanneau,Sun Odyssey 409,139671.0,189500.0,146468.4795597526
1923,monohull,Jeanneau,Sun Odyessy 41DS,249900.0,193137.0,190666.083526202
1924,monohull,Jeanneau,Sun Odyssey 409,163984.0,189500.0,156916.04150256867
1925,monohull,Jeanneau,Sun Odyssey 409,135000.0,189500.0,158042.1212074434
1926,monohull,Jeanneau,Sun Odyssey 409,144549.0,189500.0,182149.88983398775
1927,monohull,Jeanneau,Sun Odyssey 409,139726.0,189500.0,182149.88983398775
1928,monohull,Jeanneau,Sun Odyssey 409,210526.0,189500.0,205427.56968895067
1929,monohull,Jeanneau,Sun Odyssey 439,217401.0,193137.0,214450.12446638028
1930,monohull,Jeanneau,Sun Odyssey 469,212572.0,194355.0,229068.8150710552
1931,monohull,Jeanneau,Sun Odyssey 469,210142.0,194355.0,260065.44602930898
1932,monohull,Jeanneau,469,299000.0,189500.0,317769.5991737302
1933,monohull,Jeanneau,Sun Odyssey 50 DS,239817.0,194355.0,314838.01809311134
1934,monohull,Jeanneau,Sun Odyssey 509,209000.0,191922.0,272811.5154399169
1935,monohull,Jeanneau,Sun Odyssey 509,224719.0,191922.0,277327.8224523939
1936,monohull,Jeanneau,Sun Odyssey 509,218038.0,191922.0,277327.8224523939
1937,monohull,Jeanneau,Sun Odyssey 509,217431.0,191922.0,277327.8224523939
1938,monohull,Jeanneau,Sun Odyssey 509,350000.0,191922.0,378236.13079882413
1939,monohull,Jeanneau,Sun Odyssey 509,267233.0,191922.0,299276.71179014386
1940,monohull,Jeanneau,Sun Odyssey 509,241725.0,191922.0,299276.71179014386
1941,monohull,Jeanneau,Sun Odyssey 509,236866.0,191922.0,299276.71179014386
1942,monohull,Jeanneau,Sun Odyssey 509,217431.0,191922.0,299276.71179014386
1943,monohull,Jeanneau,Sun Odyssey 509,209900.0,191922.0,299276.71179014386
1944,monohull,Jeanneau,53,370482.0,194351.0,384634.13815702003
1945,monohull,Jeanneau,53,249023.0,194351.0,384634.13815702003
1946,monohull,Jeanneau,Sun Odyssey 53,389500.0,194351.0,503376.9746555675
1947,monohull,Jeanneau,Sun Odyssey 469,182271.0,194355.0,217913.35582132766
1948,monohull,Jeanneau,Sun Odyssey 469,295000.0,194355.0,227991.64485390598
1949,monohull,Jeanneau,Sun Odyssey 509,199000.0,191922.0,272811.5154399169
1950,monohull,Jeanneau,Sun Odyssey 509,189000.0,191922.0,272811.5154399169
1951,monohull,Morris,M42X,795000.0,194351.0,362801.5036103486
1952,monohull,Oyster,475,799000.0,193137.0,549980.0232291897
1953,monohull,Oyster,545,1259040.0,194351.0,862472.2350933038
1954,monohull,Passport,545 Aft Cockpit,895000.0,194351.0,806037.2504879493
1955,monohull,Salona,S41,230000.0,194351.0,267532.688947852
1956,monohull,Vismara,V50 DS,668083.0,194355.0,477669.8006008577
1957,monohull,X-Yachts,Xc 38,350000.0,191922.0,356052.34012520144
1958,monohull,X-Yachts,Xp 44,516246.0,194351.0,409006.5313269135
1959,monohull,Bavaria,41 Cruiser,180990.0,189500.0,177158.34003532142
1960,monohull,Bavaria,41 Cruiser,205256.0,189500.0,176255.09121703956
1961,monohull,Bavaria,Cruiser 46,212626.0,194355.0,209466.59598240923
1962,monohull,Bavaria,Vision 46,334126.0,194355.0,225980.77032979383
1963,monohull,Bavaria,Cruiser 46,155660.0,194355.0,225980.77032979383
1964,monohull,Bavaria,Cruiser 46,210142.0,194355.0,240227.57578332504
1965,monohull,Bavaria,Cruiser 46 Style,279720.0,194355.0,285808.09900946124
1966,monohull,Bavaria,51 Cruiser,242939.0,194351.0,253525.3380198909
1967,monohull,Bavaria,51 Cruiser,298815.0,194351.0,308664.1403361994
1968,monohull,Bavaria,51 Cruiser,224719.0,194351.0,294584.50970567623
1969,monohull,Bavaria,51 Cruiser,255086.0,194351.0,315316.36473583576
1970,monohull,Bavaria,Cruiser 46,234000.0,194355.0,206035.70180597412
1971,monohull,Beneteau,Oceanis 38,119000.0,191922.0,128490.28472902777
1972,monohull,Beneteau,Oceanis 38,115000.0,191922.0,128490.28472902777
1973,monohull,Beneteau,Oceanis 38,199000.0,191922.0,206551.9272887302
1974,monohull,Beneteau,Oceanis 41,159000.0,193137.0,142872.99408486823
1975,monohull,Beneteau,Oceanis 41,149000.0,193137.0,142872.99408486823
1976,monohull,Beneteau,Oceanis 41,253837.0,193137.0,166127.61892590078
1977,monohull,Beneteau,Moorings 42.3,70000.0,189500.0,164634.1642203306
1978,monohull,Beneteau,Oceanis 45,199000.0,194355.0,205903.4066623671
1979,monohull,Beneteau,Oceanis 45,159000.0,194355.0,205903.4066623671
1980,monohull,Beneteau,Oceanis 45,255052.0,194355.0,209389.78394541497
1981,monohull,Beneteau,Oceanis 45,206308.0,194355.0,225897.90249490514
1982,monohull,Beneteau,Oceanis 45,321895.0,194355.0,220987.65709256264
1983,monohull,Beneteau,Oceanis 48,389000.0,191922.0,385630.7378759663
1984,monohull,Beneteau,Oceanis 48,375000.0,191922.0,351068.3864112691
1985,monohull,Beneteau,Oceanis 48,340115.0,191922.0,297710.124657303
1986,monohull,Beneteau,Oceanis 48,397500.0,191922.0,348608.72559981304
1987,monohull,Beneteau,Oceanis 55,504099.0,189500.0,419889.002611147
1988,monohull,Beneteau,Oceanis 55,479805.0,189500.0,473883.05193485634
1989,monohull,Beneteau,Moorings 43.5,79000.0,194355.0,193008.75949345157
1990,monohull,Beneteau,Oceanis 45,194000.0,194355.0,205903.4066623671
1991,monohull,Beneteau,Oceanis 45,160000.0,194355.0,205903.4066623671
1992,monohull,Catalina,445,329500.0,191922.0,364071.0676491568
1993,monohull,Dehler,42,255086.0,193137.0,288793.28003235784
1994,monohull,Dehler,42,241692.0,193137.0,288793.28003235784
1995,monohull,Dufour,412,169000.0,194355.0,158683.9674406618
1996,monohull,Dufour,412,159000.0,194355.0,158683.9674406618
1997,monohull,Dufour,410 GL,139690.0,189500.0,160613.8443278117
1998,monohull,Dufour,412 GL,168843.0,194355.0,204227.56820162153
1999,monohull,Dufour,412,202827.0,194355.0,185323.8890027161
2000,monohull,Dufour,412 GL,163984.0,194355.0,185323.8890027161
2001,monohull,Dufour,412 GL,167605.0,194355.0,202817.47296518032
2002,monohull,Dufour,412 GL,199900.0,194355.0,172301.65028314278
2003,monohull,Dufour,460 GL,241786.0,194351.0,243030.2648960374
2004,monohull,Dufour,460,204121.0,194351.0,243030.2648960374
2005,monohull,Dufour,460 GL,204069.0,194351.0,243030.2648960374
2006,monohull,Dufour,460 GL,194401.0,194351.0,243030.2648960374
2007,monohull,Dufour,460 GL,188278.0,194351.0,243030.2648960374
2008,monohull,Dufour,460,172531.0,194351.0,243030.2648960374
2009,monohull,Dufour,460 GL,279380.0,194351.0,310010.5815080608
2010,monohull,Dufour,460 GL,217486.0,194351.0,282389.7287237728
2011,monohull,Dufour,460 GL,211965.0,194351.0,282389.7287237728
2012,monohull,Dufour,460,208720.0,194351.0,282389.7287237728
2013,monohull,Dufour,460,207713.0,194351.0,282389.7287237728
2014,monohull,Dufour,460 GL,291527.0,194351.0,302263.35657934623
2015,monohull,Dufour,460 GL,206429.0,194351.0,302263.35657934623
2016,monohull,Dufour,460,206377.0,194351.0,302263.35657934623
2017,monohull,Dufour,512 GL,267233.0,194351.0,365485.0651854667
2018,monohull,Dufour,512 GL,376556.0,194351.0,391206.65996546304
2019,monohull,Dufour,56 Exclusive,421500.0,189500.0,509005.08115730184
2020,monohull,Elan,Impression 40,151837.0,191922.0,149894.13688620517
2021,monohull,Elan,40 Impression,144586.0,194355.0,143667.866551441
2022,monohull,Elan,Impression 40,275000.0,191922.0,215182.58478888747
2023,monohull,Elan,Impression 45,182204.0,194351.0,206002.9323110012
2024,monohull,Elan,45 Impression,163984.0,191922.0,203414.203381664
2025,monohull,Elan,45 Impression,154266.0,191922.0,203414.203381664
2026,monohull,Elan,Impression 45,217431.0,194351.0,245700.1924927619
2027,monohull,Grand Soleil,43 Maletto - GS 43,352276.0,191922.0,308690.92846759676
2028,monohull,Grand Soleil,46 LC,522452.0,193137.0,386537.9549004729
2029,monohull,Hanse,415,204500.0,194355.0,164904.86620788492
2030,monohull,Hanse,415,206551.0,194355.0,167928.24255667973
2031,monohull,Hanse,415,239849.0,194355.0,229130.81462953097
2032,monohull,Hanse,455,340115.0,193137.0,252441.7625802243
2033,monohull,Hanse,455,297601.0,193137.0,252441.7625802243
2034,monohull,Hanse,505,264768.0,191922.0,320613.80978187034
2035,monohull,Hanse,505,412941.0,191922.0,402450.9537469864
2036,monohull,Hanse,505,321895.0,191922.0,371114.6646542303
2037,monohull,Jeanneau,Sun Odyssey 389,132402.0,191922.0,140899.10754901808
2038,monohull,Jeanneau,Sun Odyssey 389,165000.0,191922.0,190469.06834164655
2039,monohull,Jeanneau,Sun Odyssey 389,155000.0,191922.0,190469.06834164655
2040,monohull,Jeanneau,Sun Odyssey 389,182192.0,191922.0,176863.81086884774
2041,monohull,Jeanneau,Sun Odyssey 389,155481.0,191922.0,175841.49451157122
2042,monohull,Jeanneau,Sun Odyssey 41DS,239849.0,193137.0,217363.01858958267
2043,monohull,Jeanneau,Sun Odyssey 419,205284.0,191922.0,211888.7368924227
2044,monohull,Jeanneau,Sun Odyssey 419,220000.0,191922.0,252764.04949591536
2045,monohull,Jeanneau,Sun Odyssey 419,199889.0,191922.0,197964.4573123728
2046,monohull,Jeanneau,Sun Odyssey 44 DS,261160.0,194355.0,244493.73571699025
2047,monohull,Jeanneau,Sun Odyssey 44 DS,293043.0,194355.0,272366.7567255642
2048,monohull,Jeanneau,Sun Odyssey 449,206498.0,191922.0,216044.6529938672
2049,monohull,Jeanneau,Sun Odyssey 449,230792.0,191922.0,271190.36671712063
2050,monohull,Jeanneau,Sun Odyssey 449,224785.0,191922.0,271190.36671712063
2051,monohull,Jeanneau,Sun Odyssey 449,261122.0,191922.0,309618.55005967483
2052,monohull,Jeanneau,Sun Odyssey 479,189000.0,194355.0,223283.2729834467
2053,monohull,Jeanneau,Sun Odyssey 479,184999.0,194355.0,223283.2729834467
2054,monohull,Jeanneau,Sun Odyssey 469,45000.0,194355.0,223283.2729834467
2055,monohull,Jeanneau,Sun Odyssey 479,267233.0,194355.0,244897.97442034326
2056,monohull,Jeanneau,Sun Odyssey 479,224719.0,194355.0,244897.97442034326
2057,monohull,Jeanneau,Sun Odyssey 519,285454.0,189500.0,311730.66293188435
2058,monohull,Jeanneau,Sun Odyssey 519,279137.0,189500.0,311730.66293188435
2059,monohull,Jeanneau,Sun Odyssey 519,363194.0,189500.0,333966.33725748165
2060,monohull,Jeanneau,Sun Odyssey 54 DS,629000.0,189500.0,439143.82042005454
2061,monohull,Jeanneau,Sun Odyssey 54 DS,600000.0,189500.0,660044.1978264039
2062,monohull,Jeanneau,Sun Odyssey 54 DS,599999.0,189500.0,630021.5281145435
2063,monohull,Jeanneau,Sun Odyssey 479,199000.0,194355.0,223283.2729834467
2064,monohull,Jeanneau,Sun Odyssey 519,259000.0,189500.0,299660.93199369655
2065,monohull,Maxi,1200,267233.0,194351.0,271095.90553461004
2066,monohull,Moody,54,919000.0,191922.0,875889.629084269
2067,monohull,Nautor,Swan ClubSwan 50,1214531.0,194351.0,514901.3283210167
2068,monohull,Nautor,Swan 54,1579105.0,194355.0,723120.3686651734
2069,monohull,Vismara,V50 Mills,753112.0,189500.0,519520.8385815805
2070,monohull,Wauquiez,Pilot Saloon 48,757770.0,191922.0,565930.8266903872
2071,monohull,X-Yachts,Xp 44,575000.0,194351.0,528801.2512579709
2072,monohull,X-Yachts,XP50,734921.0,193137.0,650261.4360456405
2073,monohull,Alubat,Ovni 395,412941.0,194351.0,340042.15687184705
2074,monohull,Azuree,46,479927.0,194355.0,453303.73305038805
2075,monohull,Bavaria,41 Cruiser,225722.0,189500.0,151979.66306778757
2076,monohull,Bavaria,41 Cruiser,217127.0,189500.0,151979.66306778757
2077,monohull,Bavaria,41 Cruiser,164026.0,189500.0,151979.66306778757
2078,monohull,Bavaria,41 Cruiser,163984.0,189500.0,151979.66306778757
2079,monohull,Bavaria,41 Cruiser,185849.0,189500.0,189972.24218999877
2080,monohull,Bavaria,Cruiser 46,210142.0,194355.0,224525.31966075418
2081,monohull,Bavaria,Cruiser 46,200425.0,194355.0,224525.31966075418
2082,monohull,Bavaria,Cruiser 46,202101.0,194355.0,282235.8375139516
2083,monohull,Bavaria,Cruiser 46,211965.0,194355.0,242226.71141197803
2084,monohull,Bavaria,Cruiser 46,211357.0,194355.0,242226.71141197803
2085,monohull,Bavaria,Cruiser 46,200425.0,194355.0,242226.71141197803
2086,monohull,Bavaria,Cruiser 46,161596.0,194355.0,242226.71141197803
2087,monohull,Bavaria,Cruiser 46S,299705.0,194351.0,304422.91001425066
2088,monohull,Bavaria,51 Cruiser,350744.0,194351.0,271807.2686368596
2089,monohull,Bavaria,51 Cruiser,342393.0,194351.0,271807.2686368596
2090,monohull,Bavaria,51 Cruiser,255086.0,194351.0,271807.2686368596
2091,monohull,Bavaria,51 Cruiser,236866.0,194351.0,315827.2525783842
2092,monohull,Bavaria,51 Cruiser Style,326418.0,193137.0,338804.8942488206
2093,monohull,Bavaria,56 Cruiser,734791.0,189500.0,456314.381823638
2094,monohull,Beneteau,Oceanis 38,205000.0,191922.0,208724.46083373117
2095,monohull,Beneteau,Oceanis 38,159000.0,191922.0,136688.25335332265
2096,monohull,Beneteau,Oceanis 38,139000.0,191922.0,136688.25335332265
2097,monohull,Beneteau,Oceanis 38,220000.0,191922.0,221660.98587724572
2098,monohull,Beneteau,Oceanis 38,199900.0,191922.0,210876.11481825603
2099,monohull,Beneteau,Oceanis 38.1,193179.0,194351.0,191149.82902177042
2100,monohull,Beneteau,Oceanis 41,159995.0,193137.0,152731.1780077423
2101,monohull,Beneteau,41.1,156675.0,194351.0,159718.2437735225
2102,monohull,Beneteau,Oceanis 41.1,274000.0,189500.0,234193.791008958
2103,monohull,Beneteau,Oceanis 45,285526.0,194355.0,224442.9855440467
2104,monohull,Beneteau,Oceanis 45,241786.0,194355.0,224442.9855440467
2105,monohull,Beneteau,Oceanis 45,278165.0,194355.0,257403.306078197
2106,monohull,Beneteau,Oceanis 45,193137.0,194355.0,275662.4237599962
2107,monohull,Beneteau,Oceanis 45,182251.0,194355.0,274902.9689630965
2108,monohull,Beneteau,Oceanis 45,349000.0,194355.0,337352.34844469116
2109,monohull,Beneteau,Oceanis 48,290324.0,191922.0,272411.33204860974
2110,monohull,Beneteau,Oceanis 55,484664.0,189500.0,487773.88196603395
2111,monohull,Beneteau,Oceanis 45,322012.0,194355.0,235609.60258472836
2112,monohull,Beneteau,Oceanis 48,289000.0,191922.0,261648.7298644794
2113,monohull,Boreal,47,719100.0,193137.0,493417.739039847
2114,monohull,B-Yachts,Brenta B42,546613.0,194351.0,353372.3717975407
2115,monohull,Catalina,425,315000.0,193137.0,355582.024011149
2116,monohull,Contest,42CS,728846.0,189500.0,505459.66841693997
2117,monohull,Dehler,46,419000.0,193137.0,504941.9068878755
2118,monohull,Dufour,460 GL,230792.0,194351.0,260555.38674521592
2119,monohull,Dufour,460 Performance,218524.0,194351.0,260555.38674521592
2120,monohull,Dufour,460 GL,243001.0,194351.0,286046.28543629625
2121,monohull,Dufour,460 GL,364409.0,194351.0,326999.16708722047
2122,monohull,Dufour,460,264804.0,194351.0,302753.09543021
2123,monohull,Dufour,460 GL,291527.0,194351.0,324059.8277178725
2124,monohull,Dufour,512 GL,518432.0,194351.0,337225.8011627281
2125,monohull,Elan,Impression 40,206490.0,191922.0,160851.9383771359
2126,monohull,Elan,40 Impression,157668.0,194355.0,153996.26614044837
2127,monohull,Elan,40 E5,206551.0,191922.0,186188.21569297617
2128,monohull,Elan,45 Impression,194108.0,191922.0,218284.5145719159
2129,monohull,Elan,Impression 45,176131.0,194351.0,220857.98129670194
2130,monohull,Elan,45 Impression,169865.0,191922.0,218284.5145719159
2131,monohull,Elan,Impression 45,216216.0,194351.0,277178.5946579072
2132,monohull,Elan,Impression 50,273270.0,191922.0,319248.4819071679
2133,monohull,Elan,50,270877.0,194355.0,312712.7129993797
2134,monohull,Elan,50 Impression,265982.0,194351.0,324978.0646102746
2135,monohull,Elan,Impression 50,261124.0,191922.0,319248.4819071679
2136,monohull,Elan,50 Impression,257481.0,194351.0,324978.0646102746
2137,monohull,Elan,Impression 50,255052.0,191922.0,319248.4819071679
2138,monohull,Grand Soleil,43 Maletto,370482.0,194355.0,327306.3276300042
2139,monohull,Hallberg-Rassy,44,722928.0,194355.0,618472.9673846413
2140,monohull,Hanse,415,189000.0,194355.0,175816.01842700882
2141,monohull,Hanse,455,317296.0,193137.0,235485.4891552715
2142,monohull,Hanse,455,300637.0,193137.0,235485.4891552715
2143,monohull,Hanse,455,265982.0,193137.0,235485.4891552715
2144,monohull,Hanse,455,253837.0,193137.0,235485.4891552715
2145,monohull,Hanse,455,245335.0,193137.0,235485.4891552715
2146,monohull,Hanse,455,245335.0,193137.0,235485.4891552715
2147,monohull,Hanse,455,218616.0,193137.0,235485.4891552715
2148,monohull,Hanse,455,217401.0,193137.0,235485.4891552715
2149,monohull,Hanse,455,200484.0,193137.0,235485.4891552715
2150,monohull,Hanse,455,338900.0,193137.0,294140.9520577751
2151,monohull,Hanse,455,329500.0,193137.0,345071.6088166598
2152,monohull,Hanse,455,321895.0,193137.0,289441.30188745307
2153,monohull,Hanse,455,297560.0,193137.0,289441.30188745307
2154,monohull,Hanse,455,291487.0,193137.0,278802.32574188616
2155,monohull,Hanse,505,334042.0,191922.0,344051.83448264893
2156,monohull,Hanse,505,321895.0,191922.0,371281.5425398195
2157,monohull,Hanse,505,327362.0,191922.0,432283.6916459231
2158,monohull,Hanse,588,722646.0,191922.0,634363.7035377491
2159,monohull,Jeanneau,Sun Odyssey 389,191922.0,191922.0,189793.1927025191
2160,monohull,Jeanneau,Sun Odyssey 389,139000.0,191922.0,149745.51243008423
2161,monohull,Jeanneau,Sun Odyssey 419,180990.0,191922.0,209674.0481353371
2162,monohull,Jeanneau,Sun Odyssey 419,259000.0,191922.0,249222.2731855545
2163,monohull,Jeanneau,Sun Odyssey 419,226487.0,191922.0,259598.5362115474
2164,monohull,Jeanneau,Sun Odyssey 449,205822.0,191922.0,231838.2955596271
2165,monohull,Jeanneau,Sun Odyssey 449,205770.0,191922.0,231838.2955596271
2166,monohull,Jeanneau,Sun Odyssey 449,199000.0,191922.0,315049.1008321185
2167,monohull,Jeanneau,Sun Odyssey 479,334055.0,194355.0,243320.6856970755
2168,monohull,Jeanneau,Sun Odyssey 479,297601.0,194355.0,243320.6856970755
2169,monohull,Jeanneau,51,406923.0,194355.0,422389.5276693645
2170,monohull,Jeanneau,Sun Odyssey 519,360765.0,189500.0,424769.7791395691
2171,monohull,Jeanneau,Sun Odyssey 519,354691.0,189500.0,358122.1967429567
2172,monohull,Jeanneau,51,499619.0,194355.0,383292.376396643
2173,monohull,Jeanneau,Sun Odyssey 519,253872.0,189500.0,415712.23731620464
2174,monohull,Jeanneau,51,433003.0,194355.0,456017.8618359405
2175,monohull,Jeanneau,Sun Odyssey 519,450000.0,189500.0,487474.44961892016
2176,monohull,Jeanneau,Sun Odyssey 54 DS,618000.0,189500.0,413863.37734565267
2177,monohull,Jeanneau,Sun Odyssey 54 DS,579000.0,189500.0,668805.6268067618
2178,monohull,Jeanneau,Sun Odyssey 54 DS,501081.0,189500.0,535347.7059005793
2179,monohull,Jeanneau,Sun Odyssey 54 DS,599687.0,189500.0,603761.9801029967
2180,monohull,Jeanneau,Sun Odyssey 54 DS,512942.0,189500.0,603761.9801029967
2181,monohull,Jeanneau,Sun Odyssey 519,420000.0,189500.0,367158.0487145979
2182,monohull,Najad,505,761701.0,191922.0,474095.8652029411
2183,monohull,Nautor,Swan 50,1311872.0,191922.0,595109.5283395228
2184,monohull,Oyster,475,849000.0,193137.0,615790.5703858734
2185,monohull,Solaris,50,886728.0,191922.0,548772.1447446388
2186,monohull,Tartan,4300,485000.0,191922.0,413452.55934727757
2187,monohull,Wauquiez,Pilot Saloon 48,691190.0,191922.0,531927.3119639531
2188,monohull,Wauquiez,Pilot Saloon 48,642600.0,191922.0,531927.3119639531
2189,monohull,X-Yachts,XP50,727632.0,193137.0,652964.8051749859
2190,monohull,Bavaria,41 Cruiser,255000.0,189500.0,153474.4757675638
2191,monohull,Bavaria,41 Cruiser,229000.0,189500.0,153474.4757675638
2192,monohull,Bavaria,41 Cruiser,205256.0,189500.0,204254.2925765704
2193,monohull,Bavaria,41 Cruiser,200425.0,189500.0,204254.2925765704
2194,monohull,Bavaria,45 Cruiser,267301.0,194351.0,232566.89224203097
2195,monohull,Bavaria,C45 Holiday,334126.0,194351.0,225864.2827457784
2196,monohull,Bavaria,Cruiser 46,212572.0,194355.0,241294.37408328935
2197,monohull,Bavaria,Cruiser 46,218701.0,194355.0,260317.82430916268
2198,monohull,Bavaria,Cruiser 46,274278.0,194355.0,276729.3862027106
2199,monohull,Bavaria,Cruiser 46,205284.0,194355.0,276729.3862027106
2200,monohull,Bavaria,51 Cruiser,230792.0,194351.0,339518.46169976174
2201,monohull,Beneteau,Oceanis 38,179000.0,191922.0,166591.70239567765
2202,monohull,Beneteau,Oceanis 38.1,127422.0,194351.0,151226.68243834452
2203,monohull,Beneteau,Oceanis 41.1,169999.0,189500.0,187532.3028179774
2204,monohull,Beneteau,Oceanis 41,169999.0,193137.0,169047.66557146216
2205,monohull,Beneteau,Oceanis 41.1,129999.0,189500.0,187532.3028179774
2206,monohull,Beneteau,Oceanis 41,129999.0,193137.0,169047.66557146216
2207,monohull,Beneteau,Oceanis 41.1,261160.0,189500.0,224059.8408227635
2208,monohull,Beneteau,Oceanis 41.1,212543.0,189500.0,188904.21667912512
2209,monohull,Beneteau,Oceanis 45,255052.0,194355.0,276627.90869623417
2210,monohull,Beneteau,Oceanis 45,388000.0,194355.0,353469.30065967224
2211,monohull,Beneteau,Oceanis 48,258839.0,191922.0,293032.8772767982
2212,monohull,Beneteau,Oceanis 51.1,479824.0,191922.0,411487.40976204653
2213,monohull,Beneteau,Oceanis 51.1,394792.0,191922.0,411487.40976204653
2214,monohull,Beneteau,Sense 51,655962.0,194351.0,414980.3673364572
2215,monohull,Beneteau,Oceanis 55.1,637716.0,189500.0,574204.3271812187
2216,monohull,Beneteau,Oceanis 48,275000.0,191922.0,279015.96885388845
2217,monohull,Catalina,445,374900.0,191922.0,442310.4833285543
2218,monohull,Dehler,42,361980.0,193137.0,392659.47288777423
2219,monohull,Dehler,46,460370.0,193137.0,505809.02107520105
2220,monohull,Dehler,46,460370.0,193137.0,505809.02107520105
2221,monohull,Discovery,55,1885229.0,194351.0,960422.3637271818
2222,monohull,Dufour,412,229000.0,194355.0,180848.2510534911
2223,monohull,Dufour,412,261124.0,194355.0,235259.2928177477
2224,monohull,Dufour,460 GL,399659.0,194351.0,341019.0619003618
2225,monohull,Dufour,460 GL,372982.0,194351.0,325463.5703414951
2226,monohull,Dufour,460 GL,255086.0,194351.0,334076.5121302389
2227,monohull,Dufour,520,498026.0,193137.0,442624.39422732586
2228,monohull,Dufour,520 GL,483449.0,191922.0,446832.58757499186
2229,monohull,Dufour,520 GL Owner Version,480196.0,189500.0,432506.86723396345
2230,monohull,Dufour,520,388703.0,193137.0,377493.63041441294
2231,monohull,Dufour,520,338723.0,193137.0,408702.01005935407
2232,monohull,Dufour,520 GL,425144.0,191922.0,442067.040555582
2233,monohull,Dufour,520,400996.0,193137.0,381126.32101709145
2234,monohull,Elan,40 Impression,180990.0,194355.0,165497.73854310752
2235,monohull,Elan,GT5,339872.0,193137.0,271624.81818072073
2236,monohull,Elan,Impression 45,375000.0,194351.0,328020.3191452715
2237,monohull,Elan,Impression 45,255086.0,194351.0,260653.2513631259
2238,monohull,Elan,50 Impression,278165.0,194351.0,349355.7053163494
2239,monohull,Hanse,415,259000.0,194355.0,281938.60555458925
2240,monohull,Hanse,418,163741.0,191922.0,210429.500892645
2241,monohull,Hanse,418,278165.0,191922.0,264394.0021824508
2242,monohull,Hanse,455,241725.0,193137.0,253440.80628376515
2243,monohull,Hanse,455,264804.0,193137.0,318863.5991842028
2244,monohull,Hanse,455,291487.0,193137.0,311510.64630487724
2245,monohull,Hanse,548,746498.0,193137.0,737490.2860202359
2246,monohull,Hanse,548,632851.0,193137.0,683027.3200364809
2247,monohull,J Boats,J 122,440000.0,194351.0,395601.2044353034
2248,monohull,Jeanneau,Sun Odyssey 389,165000.0,191922.0,159685.04511312768
2249,monohull,Jeanneau,Sun Odyssey 389,159000.0,191922.0,159685.04511312768
2250,monohull,Jeanneau,Sun Odyssey 389,159000.0,191922.0,159685.04511312768
2251,monohull,Jeanneau,Sun Odyssey 419,279900.0,191922.0,294493.90345273056
2252,monohull,Jeanneau,Sun Odyssey 419,166413.0,191922.0,194854.28851827054
2253,monohull,Jeanneau,Sun Odyssey 419,216216.0,191922.0,244591.13071024924
2254,monohull,Jeanneau,Sun Odyssey 419,223829.0,191922.0,210275.87578583608
2255,monohull,Jeanneau,Sun Odyssey 419,163984.0,191922.0,225546.3792688623
2256,monohull,Jeanneau,Sun Odyssey 419,260000.0,191922.0,266221.37266607414
2257,monohull,Jeanneau,Sun Odyssey 440,393034.0,193137.0,212104.8188757139
2258,monohull,Jeanneau,Sun Odyssey 440,261170.0,193137.0,212104.8188757139
2259,monohull,Jeanneau,Sun Odyssey 440,297560.0,193137.0,229640.07557588106
2260,monohull,Jeanneau,Sun Odyssey 440,291539.0,193137.0,229640.07557588106
2261,monohull,Jeanneau,Sun Odyssey 449,189467.0,191922.0,249388.4608246164
2262,monohull,Jeanneau,Sun Odyssey 449,173822.0,191922.0,249388.4608246164
2263,monohull,Jeanneau,Sun Odyssey 479,242939.0,194355.0,282109.43694804946
2264,monohull,Jeanneau,Sun Odyssey 519,545950.0,189500.0,342183.4504872608
2265,monohull,Jeanneau,Sun Odyssey 519,325539.0,189500.0,417126.49798944383
2266,monohull,Jeanneau,Sun Odyssey 519,303674.0,189500.0,446965.345934707
2267,monohull,Jeanneau,Sun Odyssey 519,499999.0,189500.0,530924.2981644475
2268,monohull,Jeanneau,51,423929.0,194355.0,427881.1157369876
2269,monohull,Jeanneau,Sun Odyssey 54 DS,649863.0,189500.0,588136.0376863136
2270,monohull,Jeanneau,Sun Odyssey 54 DS,575000.0,189500.0,720209.9897857754
2271,monohull,Jeanneau,Sun Odyssey 54 DS,594010.0,189500.0,575594.9695106002
2272,monohull,Jeanneau,Sun Odyssey 54 DS,593926.0,189500.0,575594.9695106002
2273,monohull,Salona,S380,240571.0,193137.0,277609.0593612616
2274,monohull,Salona,44,394723.0,191922.0,384725.48858755786
2275,monohull,Tartan,4300,497000.0,191922.0,499598.97915081517
2276,monohull,Wauquiez,Pilot Saloon 42,583078.0,194355.0,480233.22045881656
2277,monohull,X-Yachts,X 4.3,388718.0,194355.0,400036.9819033153
2278,monohull,Bavaria,41 Cruiser,205284.0,189500.0,220193.62112438673
2279,monohull,Bavaria,45 Cruiser,394776.0,194351.0,284004.1342936192
2280,monohull,Bavaria,C45 Holiday,320761.0,194351.0,296415.0524886479
2281,monohull,Bavaria,C45 Holiday,301321.0,194351.0,296415.0524886479
2282,monohull,Bavaria,Cruiser 46,253872.0,194355.0,326818.9486860848
2283,monohull,Bavaria,Cruiser 46,223504.0,194355.0,326818.9486860848
2284,monohull,Bavaria,51 Cruiser,321895.0,194351.0,383466.6097793323
2285,monohull,Beneteau,Oceanis 38.1,254000.0,194351.0,252747.13110145766
2286,monohull,Beneteau,Oceanis 38.1,163984.0,194351.0,207937.33360702885
2287,monohull,Beneteau,Oceanis 38.1,289000.0,194351.0,187835.87818175595
2288,monohull,Beneteau,Oceanis 45,459000.0,194355.0,397211.72975744004
2289,monohull,Beneteau,Oceanis 46.1,302459.0,194355.0,295417.43926588004
2290,monohull,Beneteau,Oceanis 46,285454.0,191922.0,319983.9006500373
2291,monohull,Beneteau,Oceanis 46.1,469000.0,194355.0,434230.2656349191
2292,monohull,Beneteau,Oceanis 46.1,467004.0,194355.0,361834.1243359027
2293,monohull,Beneteau,Oceanis 46.1,340115.0,194355.0,351929.1805922601
2294,monohull,Beneteau,Oceanis 51.1,510172.0,191922.0,481173.94503887586
2295,monohull,Beneteau,Oceanis 51.1,363209.0,191922.0,481173.94503887586
2296,monohull,Beneteau,Oceanis 51.1,443382.0,191922.0,413666.97314235615
2297,monohull,Beneteau,Oceanis 51.1,400850.0,191922.0,413666.97314235615
2298,monohull,Beneteau,Oceanis 55.1,759185.0,189500.0,619013.3312372202
2299,monohull,Beneteau,Oceanis 55.1,704524.0,189500.0,619013.3312372202
2300,monohull,Dehler,46,498045.0,193137.0,368609.34833182005
2301,monohull,Dufour,390,217486.0,191922.0,193398.12831365297
2302,monohull,Dufour,390,204121.0,191922.0,223860.8548481047
2303,monohull,Dufour,412 GL,228363.0,194355.0,230026.0510226938
2304,monohull,Dufour,412,216187.0,194355.0,230026.0510226938
2305,monohull,Dufour,412 GL,216502.0,194355.0,273670.9478546589
2306,monohull,Dufour,430 GL,239295.0,193137.0,245984.17762233454
2307,monohull,Dufour,430 GL,337186.0,193137.0,309482.1286640147
2308,monohull,Dufour,430 GL,267233.0,193137.0,282946.7846300826
2309,monohull,Dufour,430,267233.0,194351.0,297116.0102940132
2310,monohull,Dufour,430 GL,255086.0,193137.0,291232.2158907721
2311,monohull,Dufour,460,469000.0,194351.0,465963.65386110084
2312,monohull,Dufour,460 GL,321895.0,194351.0,301926.8504982436
2313,monohull,Dufour,460,321895.0,194351.0,350824.789015865
2314,monohull,Dufour,460 GL,327968.0,194351.0,360108.88026660465
2315,monohull,Dufour,520,484664.0,193137.0,477814.79200783756
2316,monohull,Dufour,520 GL,451806.0,191922.0,444304.4876533295
2317,monohull,Elan,40 Impression,175933.0,194355.0,178322.1374185551
2318,monohull,Elan,40 Impression,175888.0,194355.0,178322.1374185551
2319,monohull,Elan,50,335256.0,194355.0,362110.0743387297
2320,monohull,Hanse,388,179775.0,194355.0,171110.53462591668
2321,monohull,Hanse,418,278981.0,191922.0,285096.7752303695
2322,monohull,Hanse,508,352019.0,193137.0,400449.7928671203
2323,monohull,Hanse,508,321166.0,193137.0,400449.7928671203
2324,monohull,Hanse,548,467415.0,193137.0,516883.2168657555
2325,monohull,Hanse,548,464986.0,193137.0,516883.2168657555
2326,monohull,Jeanneau,Sun Odyssey 389,218645.0,191922.0,205679.90775533393
2327,monohull,Jeanneau,Sun Odyssey 389,189000.0,191922.0,170696.33668569048
2328,monohull,Jeanneau,Sun Odyssey 409,236926.0,189500.0,194698.83524067514
2329,monohull,Jeanneau,Sun Odyssey 419,195000.0,191922.0,193879.81858927332
2330,monohull,Jeanneau,Sun Odyssey 419,297000.0,191922.0,317567.0029746525
2331,monohull,Jeanneau,Sun Odyssey 410,249013.0,194355.0,233910.72847267298
2332,monohull,Jeanneau,Sun Odyssey 440,319782.0,193137.0,200870.58985302955
2333,monohull,Jeanneau,Sun Odyssey 440,425000.0,193137.0,292618.8701492129
2334,monohull,Jeanneau,Sun Odyssey 440,326709.0,193137.0,268472.92708939343
2335,monohull,Jeanneau,Sun Odyssey 440,255052.0,193137.0,244571.0032813536
2336,monohull,Jeanneau,Sun Odyssey 490,309760.0,189500.0,320810.6382595399
2337,monohull,Jeanneau,Sun Odyssey 490,309748.0,189500.0,320810.6382595399
2338,monohull,Jeanneau,Sun Odyssey 490,291527.0,189500.0,320810.6382595399
2339,monohull,Jeanneau,Sun Odyssey 490,423929.0,189500.0,400446.164623625
2340,monohull,Jeanneau,Sun Odyssey 49 Owners Version,301245.0,191922.0,346487.5785370769
2341,monohull,RM Yachts,RM 12.70,406868.0,193137.0,368127.7986704769
2342,monohull,RM Yachts,RM 1270,406923.0,194351.0,419976.7891457434
2343,monohull,Southerly,48,1192424.0,194355.0,664364.8281387814
2344,monohull,X-Yachts,X4,546613.0,194351.0,557181.5083059835
2345,monohull,X-Yachts,X4.6,570907.0,194351.0,612002.8871238444
2346,catamaran,Lagoon,380,204921.0,448838.5,199421.86781252854
2347,catamaran,Lagoon,380,200071.0,448838.5,185597.28669033924
2348,catamaran,Lagoon,380,219000.0,448838.5,217082.71069077906
2349,catamaran,Fountaine Pajot,Lavezzi 40,210000.0,411258.0,231291.1859971826
2350,catamaran,Leopard,40,200000.0,411258.0,180473.3354654032
2351,catamaran,Nautitech,40,188252.0,423599.0,190472.9685880543
2352,catamaran,Nautitech,40,188131.0,423599.0,190472.9685880543
2353,catamaran,Lagoon,410,225000.0,448838.5,232340.7228782345
2354,catamaran,Lagoon,410-S2,303395.0,450000.0,245774.0887857296
2355,catamaran,Lagoon,410-S2,231042.0,450000.0,229404.11749779526
2356,catamaran,Lagoon,410,235000.0,448838.5,255006.965667533
2357,catamaran,Broadblue,415,330000.0,425072.0,231561.01083510497
2358,catamaran,Manta,42 MK II,269500.0,411258.0,251763.6894793732
2359,catamaran,Manta,42 MK II,249900.0,411258.0,251763.6894793732
2360,catamaran,Manta,42 MK II,249900.0,411258.0,251763.6894793732
2361,catamaran,Knysna,440,230000.0,423599.0,272449.52825785545
2362,catamaran,Lagoon,440,349833.0,450000.0,289774.61225513666
2363,catamaran,Lagoon,440,349560.0,450000.0,289774.61225513666
2364,catamaran,Lagoon,440,379000.0,450000.0,340014.1424037886
2365,catamaran,Lagoon,440,320000.0,450000.0,320415.38788393716
2366,catamaran,Lagoon,440,320000.0,450000.0,320415.38788393716
2367,catamaran,Fountaine Pajot,Bahia 46,255179.0,423599.0,310590.59244903957
2368,catamaran,Fountaine Pajot,Bahia 46,254636.0,423599.0,310590.59244903957
2369,catamaran,Fountaine Pajot,Bahia 46,229000.0,423599.0,365530.519474783
2370,catamaran,Nautitech,47,266761.0,450000.0,341595.9537709379
2371,catamaran,Leopard,47,235000.0,411258.0,298507.8731548261
2372,catamaran,Fountaine Pajot,Athena 38,163694.0,423599.0,176170.2247664755
2373,catamaran,Fountaine Pajot,Athena 38,146864.0,423599.0,176170.2247664755
2374,catamaran,Fountaine Pajot,Athena 38,146719.0,423599.0,176170.2247664755
2375,catamaran,Fountaine Pajot,Athena 38,140188.0,423599.0,176170.2247664755
2376,catamaran,Fountaine Pajot,Athena 38,133138.0,423599.0,176170.2247664755
2377,catamaran,Broadblue,385,223109.0,448838.5,226526.36314749045
2378,catamaran,Broadblue,385,220542.0,448838.5,262901.0310735314
2379,catamaran,Broadblue,385,220475.0,448838.5,226526.36314749045
2380,catamaran,Broadblue,385,219923.0,448838.5,262901.0310735314
2381,catamaran,Broadblue,385,219766.0,448838.5,226526.36314749045
2382,catamaran,Fountaine Pajot,Lavezzi 40,200642.0,411258.0,203596.44215904156
2383,catamaran,Fountaine Pajot,Lavezzi 40,188482.0,411258.0,215487.68930248884
2384,catamaran,Leopard,40,239000.0,411258.0,217981.14360364666
2385,catamaran,Fountaine Pajot,Lavezzi 40,219000.0,411258.0,239539.3635118924
2386,catamaran,Leopard,40,215500.0,411258.0,196240.56819646523
2387,catamaran,Nautitech,40,217401.0,423599.0,212523.8110365695
2388,catamaran,Nautitech,40,217047.0,423599.0,212523.8110365695
2389,catamaran,Nautitech,40,206722.0,423599.0,230230.62419061371
2390,catamaran,Nautitech,40,206551.0,423599.0,212523.8110365695
2391,catamaran,Nautitech,40,206337.0,423599.0,212523.8110365695
2392,catamaran,Nautitech,40,192796.0,423599.0,212523.8110365695
2393,catamaran,Nautitech,40,191772.0,423599.0,212523.8110365695
2394,catamaran,Nautitech,402,199990.0,423599.0,259752.52713154684
2395,catamaran,Lagoon,410-S2,302787.0,450000.0,258385.20641309893
2396,catamaran,Lagoon,420,358698.0,423599.0,244213.9490284769
2397,catamaran,Maine Cat,41,349000.0,448838.5,300877.6747322791
2398,catamaran,Manta,42 MK II,269900.0,411258.0,262351.5824280066
2399,catamaran,Leopard,43,206708.0,450000.0,227647.13365052835
2400,catamaran,Fountaine Pajot,Belize 43,275000.0,448838.5,295560.7359835545
2401,catamaran,Privilege,435,345100.0,425072.0,279917.847233578
2402,catamaran,Privilege,435,344705.0,425072.0,279917.847233578
2403,catamaran,Privilege,435,344705.0,425072.0,290297.4778354864
2404,catamaran,Privilege,435,315000.0,425072.0,290297.4778354864
2405,catamaran,Broadblue,435,267617.0,411258.0,265869.36752759776
2406,catamaran,Lagoon,440,325285.0,450000.0,283842.95343695744
2407,catamaran,Lagoon,440,321976.0,450000.0,283842.95343695744
2408,catamaran,Lagoon,440,321644.0,450000.0,283842.95343695744
2409,catamaran,Lagoon,440,309826.0,450000.0,304455.9923454535
2410,catamaran,Lagoon,440,309506.0,450000.0,304455.9923454535
2411,catamaran,Lagoon,440,303751.0,450000.0,304455.9923454535
2412,catamaran,Lagoon,440,303437.0,450000.0,304455.9923454535
2413,catamaran,Lagoon,440,267301.0,450000.0,263025.9725999839
2414,catamaran,Lagoon,440,267025.0,450000.0,263025.9725999839
2415,catamaran,Lagoon,440,267025.0,450000.0,263025.9725999839
2416,catamaran,Lagoon,440,349000.0,450000.0,334833.25301041687
2417,catamaran,Fountaine Pajot,Bahia 46,346315.0,423599.0,321920.78208998474
2418,catamaran,Fountaine Pajot,Bahia 46,345577.0,423599.0,321920.78208998474
2419,catamaran,Fountaine Pajot,Pajot Bahia 46,242939.0,448838.5,342227.0470280424
2420,catamaran,Fountaine Pajot,Bahia 46,242510.0,423599.0,336414.08284133737
2421,catamaran,Catana,47 Ocean Class,516769.0,450000.0,337487.5345785671
2422,catamaran,Leopard,47,257061.0,411258.0,307737.5141786944
2423,catamaran,Nautitech,47,498026.0,450000.0,327705.17429759406
2424,catamaran,Nautitech,47,497637.0,450000.0,327705.17429759406
2425,catamaran,Lagoon,50 Owners Version,450000.0,423599.0,362767.9999990381
2426,catamaran,Lagoon,50,449000.0,450000.0,333385.77516268444
2427,catamaran,Lagoon,500,515334.0,423599.0,489397.0171461042
2428,catamaran,Lagoon,500,515334.0,423599.0,421599.1715598732
2429,catamaran,Lagoon,500,461585.0,423599.0,421599.1715598732
2430,catamaran,Lagoon,500,461225.0,423599.0,421599.1715598732
2431,catamaran,Lagoon,500,423929.0,423599.0,421599.1715598732
2432,catamaran,Lagoon,500,423599.0,423599.0,421599.1715598732
2433,catamaran,Lagoon,500,418330.0,423599.0,421599.1715598732
2434,catamaran,Lagoon,380 S2,226900.0,411258.0,252802.44640726194
2435,catamaran,Broadblue,385,202496.0,448838.5,203847.24255241532
2436,catamaran,Broadblue,385,200493.0,448838.5,273699.67761877604
2437,catamaran,Lagoon,420,314925.0,423599.0,274662.9266052921
2438,catamaran,Fountaine Pajot,Orana 44,315000.0,423599.0,277227.5929861621
2439,catamaran,Fountaine Pajot,Orana 44,320000.0,423599.0,342194.7869560687
2440,catamaran,Knysna,440,220000.0,423599.0,289443.1131981491
2441,catamaran,Lagoon,440,376556.0,450000.0,311703.78925605206
2442,catamaran,Lagoon,440,376262.0,450000.0,311703.78925605206
2443,catamaran,Lagoon,440,310000.0,450000.0,315800.00428308157
2444,catamaran,Lagoon,440,394877.0,450000.0,346170.453516627
2445,catamaran,Lagoon,440,394469.0,450000.0,346170.453516627
2446,catamaran,Lagoon,440,339729.0,450000.0,346170.453516627
2447,catamaran,Lagoon,440,309506.0,450000.0,346170.453516627
2448,catamaran,Lagoon,440,297676.0,450000.0,297320.2608546158
2449,catamaran,Lagoon,440,297369.0,450000.0,297320.2608546158
2450,catamaran,Lagoon,440,349000.0,450000.0,350746.4838693517
2451,catamaran,Lagoon,440,310000.0,450000.0,381533.7451917205
2452,catamaran,Lagoon,440,294000.0,450000.0,350746.4838693517
2453,catamaran,Nautitech,47,394469.0,450000.0,343265.12857120583
2454,catamaran,Fountaine Pajot,Salina 48,345919.0,411258.0,384921.21100653254
2455,catamaran,Privilege,495,429900.0,425072.0,426730.0131176499
2456,catamaran,Lagoon,420,435000.0,423599.0,485908.971498617
2457,catamaran,Catana,50,703279.0,450000.0,461402.1544207778
2458,catamaran,Lagoon,500,594150.0,423599.0,511051.76177581545
2459,catamaran,Lagoon,500,497146.0,423599.0,476934.5847944612
2460,catamaran,Lagoon,570,705237.0,423599.0,716517.6038885291
2461,catamaran,Seawind,1160,350000.0,411258.0,227458.2247458989
2462,catamaran,Lagoon,380 S2,236926.0,411258.0,226491.46761875035
2463,catamaran,Lagoon,380,236447.0,448838.5,231566.98249254588
2464,catamaran,Lagoon,380,229000.0,448838.5,247056.1829753046
2465,catamaran,Broadblue,385,202496.0,448838.5,212862.27118524528
2466,catamaran,Broadblue,385,200071.0,448838.5,212862.27118524528
2467,catamaran,Broadblue,385,193332.0,448838.5,212862.27118524528
2468,catamaran,Nautitech,40.2,216047.0,425072.0,223665.50554829763
2469,catamaran,Fountaine Pajot,Lavezzi 40,186733.0,411258.0,232748.84536919452
2470,catamaran,Leopard,40,273094.0,411258.0,221229.68555012645
2471,catamaran,Alliaura,Feeling 39 DI,218645.0,450000.0,244102.9290480133
2472,catamaran,Fountaine Pajot,Lavezzi 40,194562.0,411258.0,258298.36082895854
2473,catamaran,Fountaine Pajot,Lavezzi 40,194401.0,411258.0,258298.36082895854
2474,catamaran,Fountaine Pajot,Lavezzi 40,188278.0,411258.0,222301.17020384484
2475,catamaran,Fountaine Pajot,Lavezzi 40,187945.0,411258.0,222301.17020384484
2476,catamaran,Nautitech,40,191772.0,423599.0,216892.26584879233
2477,catamaran,Lagoon,420,380000.0,423599.0,271738.36767431116
2478,catamaran,Lagoon,420,338028.0,423599.0,251502.5003222282
2479,catamaran,Lagoon,420,337640.0,423599.0,251502.5003222282
2480,catamaran,Lagoon,420,310061.0,423599.0,252299.31489868317
2481,catamaran,Lagoon,420,309739.0,423599.0,222806.62696422604
2482,catamaran,Lagoon,420,309705.0,423599.0,252299.31489868317
2483,catamaran,Lagoon,420,309079.0,423599.0,222806.62696422604
2484,catamaran,Lagoon,420,297902.0,423599.0,252299.31489868317
2485,catamaran,Lagoon,420,297560.0,423599.0,252299.31489868317
2486,catamaran,Lagoon,420,358335.0,423599.0,246475.98543491602
2487,catamaran,Lagoon,420,358056.0,423599.0,246475.98543491602
2488,catamaran,Lagoon,420,338900.0,423599.0,292345.8831889788
2489,catamaran,Lagoon,420,338636.0,423599.0,292345.8831889788
2490,catamaran,Lagoon,420,338028.0,423599.0,292345.8831889788
2491,catamaran,Lagoon,420,337640.0,423599.0,292345.8831889788
2492,catamaran,Lagoon,420,327968.0,423599.0,286112.0709125115
2493,catamaran,Lagoon,420,327712.0,423599.0,286112.0709125115
2494,catamaran,Lagoon,420,303982.0,423599.0,246475.98543491602
2495,catamaran,Lagoon,420,303633.0,423599.0,246475.98543491602
2496,catamaran,Lagoon,420,396000.0,423599.0,294704.1609915106
2497,catamaran,Lagoon,420,389900.0,423599.0,310486.5163447598
2498,catamaran,Lagoon,420,375000.0,423599.0,294704.1609915106
2499,catamaran,Lagoon,440,303982.0,450000.0,285145.87741369597
2500,catamaran,Lagoon,440,297902.0,450000.0,285145.87741369597
2501,catamaran,Manta,42 MK IV,270000.0,425072.0,300860.2678844129
2502,catamaran,Manta,42 MK IV,270000.0,425072.0,300860.2678844129
2503,catamaran,Fountaine Pajot,Orana 44,390827.0,423599.0,288869.8168937599
2504,catamaran,Fountaine Pajot,Orana 44,339000.0,423599.0,311126.538510855
2505,catamaran,Fountaine Pajot,Orana 44,309860.0,423599.0,287957.50494043075
2506,catamaran,Fountaine Pajot,Orana 44,309506.0,423599.0,287957.50494043075
2507,catamaran,Fountaine Pajot,Orana 44,338636.0,423599.0,333895.2990072039
2508,catamaran,Fountaine Pajot,Orana 44,328300.0,423599.0,281506.18013556104
2509,catamaran,Fountaine Pajot,Orana 44,328300.0,423599.0,281506.18013556104
2510,catamaran,Fountaine Pajot,Orana 44,327968.0,423599.0,281506.18013556104
2511,catamaran,Fountaine Pajot,Orana 44,285231.0,423599.0,317705.41012407513
2512,catamaran,Fountaine Pajot,Orana 44,261424.0,423599.0,317705.41012407513
2513,catamaran,Nautitech,44,312493.0,423599.0,307447.8117754897
2514,catamaran,Lagoon,440,400537.0,450000.0,324528.46620217577
2515,catamaran,Lagoon,440,363194.0,450000.0,324528.46620217577
2516,catamaran,Lagoon,440,362911.0,450000.0,324528.46620217577
2517,catamaran,Lagoon,440,325000.0,450000.0,328720.8835346768
2518,catamaran,Lagoon,440,303674.0,450000.0,378867.0092199043
2519,catamaran,Lagoon,440,303437.0,450000.0,378867.0092199043
2520,catamaran,Lagoon,440,431327.0,450000.0,363484.51302279945
2521,catamaran,Lagoon,440,430881.0,450000.0,363484.51302279945
2522,catamaran,Lagoon,440,388400.0,450000.0,334862.74189325236
2523,catamaran,Lagoon,440,388400.0,450000.0,339274.34883832536
2524,catamaran,Lagoon,440,388400.0,450000.0,334862.74189325236
2525,catamaran,Lagoon,440,376652.0,450000.0,363137.98048059474
2526,catamaran,Lagoon,440,376262.0,450000.0,363137.98048059474
2527,catamaran,Lagoon,440,346276.0,450000.0,339274.34883832536
2528,catamaran,Lagoon,440,345919.0,450000.0,339274.34883832536
2529,catamaran,Lagoon,440,334126.0,450000.0,339274.34883832536
2530,catamaran,Lagoon,440,333781.0,450000.0,339274.34883832536
2531,catamaran,Lagoon,440,313471.0,450000.0,289295.00679373095
2532,catamaran,Lagoon,440,313147.0,450000.0,289295.00679373095
2533,catamaran,Lagoon,440,359000.0,450000.0,400633.467626211
2534,catamaran,Leopard,46,299000.0,425072.0,296609.38058830565
2535,catamaran,Leopard,46,449000.0,425072.0,343841.2751282485
2536,catamaran,Leopard,46,385000.0,425072.0,343841.2751282485
2537,catamaran,Privilege,495,449893.0,425072.0,359780.771142031
2538,catamaran,Privilege,495,449602.0,425072.0,359780.771142031
2539,catamaran,Privilege,495,386665.0,425072.0,359780.771142031
2540,catamaran,Privilege,495,386414.0,425072.0,359780.771142031
2541,catamaran,Leopard,47,115000.0,411258.0,301002.9734164349
2542,catamaran,Fountaine Pajot,Salina 48,503706.0,411258.0,370722.4064217182
2543,catamaran,Fountaine Pajot,Salina 48,418744.0,411258.0,392374.80716912606
2544,catamaran,Fountaine Pajot,Salina 48,376556.0,411258.0,370722.4064217182
2545,catamaran,Fountaine Pajot,Salina 48,376262.0,411258.0,370722.4064217182
2546,catamaran,Fountaine Pajot,Salina 48,346188.0,411258.0,370722.4064217182
2547,catamaran,Fountaine Pajot,Salina 48,345919.0,411258.0,370722.4064217182
2548,catamaran,Nautitech,47,339850.0,450000.0,360433.87536082836
2549,catamaran,Fountaine Pajot,Salina 48,333781.0,411258.0,370722.4064217182
2550,catamaran,Nautitech,47,318002.0,450000.0,360433.87536082836
2551,catamaran,Nautitech,47,309506.0,450000.0,360433.87536082836
2552,catamaran,Voyage Yachts,500,479000.0,411258.0,402946.1807788406
2553,catamaran,Voyage Yachts,500,465000.0,411258.0,402946.1807788406
2554,catamaran,Catana,50,709342.0,450000.0,484479.6420479354
2555,catamaran,Voyage Yachts,500,365000.0,411258.0,478008.1147845643
2556,catamaran,Lagoon,500,553247.0,423599.0,476201.7086605951
2557,catamaran,Lagoon,500,667562.0,423599.0,499361.3041720491
2558,catamaran,Lagoon,500,606875.0,423599.0,460955.9124461694
2559,catamaran,Lagoon,500,546613.0,423599.0,514331.7602707817
2560,catamaran,Lagoon,500,545648.0,423599.0,514331.7602707817
2561,catamaran,Lagoon,500,521397.0,423599.0,537070.8689009729
2562,catamaran,Lagoon,500,412997.0,423599.0,499361.3041720491
2563,catamaran,Lagoon,500,412675.0,423599.0,499361.3041720491
2564,catamaran,Lagoon,500,411782.0,423599.0,499361.3041720491
2565,catamaran,Lagoon,500,411461.0,423599.0,499361.3041720491
2566,catamaran,Catana,50,632282.0,450000.0,589784.2420872415
2567,catamaran,Fountaine Pajot,Lavezzi 40,205124.0,411258.0,223794.19079017223
2568,catamaran,Nautitech,40.200000000000003,194422.0,423599.0,239561.71843281804
2569,catamaran,Nautitech,40.2,194200.0,425072.0,233546.5110150178
2570,catamaran,Fountaine Pajot,Lipari 41,194008.0,448838.5,254890.2300134997
2571,catamaran,Lagoon,420,309000.0,423599.0,309865.3489586414
2572,catamaran,Lagoon,420,280000.0,423599.0,309865.3489586414
2573,catamaran,Lagoon,420,280000.0,423599.0,309865.3489586414
2574,catamaran,Broadblue,415,364170.0,425072.0,303053.0993691286
2575,catamaran,Broadblue,415,363802.0,425072.0,303053.0993691286
2576,catamaran,Fountaine Pajot,Orana 44,329000.0,423599.0,301800.7922440855
2577,catamaran,Fountaine Pajot,Orana 44,327712.0,423599.0,290862.3216937746
2578,catamaran,Fountaine Pajot,Orana 44,300000.0,423599.0,358127.6939989357
2579,catamaran,Lagoon,440,435736.0,450000.0,304499.3563103638
2580,catamaran,Lagoon,440,347755.0,450000.0,304499.3563103638
2581,catamaran,Lagoon,440,525000.0,450000.0,421707.2067114922
2582,catamaran,Leopard,46,339514.0,425072.0,328456.791359442
2583,catamaran,Nautitech,47,364000.0,450000.0,378380.86082547426
2584,catamaran,Fountaine Pajot,Salina 48,314925.0,411258.0,395652.45624854177
2585,catamaran,Fountaine Pajot,Salina 48,315454.0,411258.0,354290.4988274589
2586,catamaran,Lagoon,500,546187.0,423599.0,483913.743433572
2587,catamaran,Lagoon,500,521912.0,423599.0,483913.743433572
2588,catamaran,Lagoon,500,503208.0,423599.0,483913.743433572
2589,catamaran,Lagoon,500,425000.0,423599.0,614915.7902188238
2590,catamaran,Leopard,38,185000.0,411258.0,179499.73630686442
2591,catamaran,Seawind,1160,329950.0,411258.0,247015.1594486253
2592,catamaran,Fountaine Pajot,Lipari 41,297709.0,448838.5,250389.9687156393
2593,catamaran,Fountaine Pajot,Lipari 41,297369.0,448838.5,250389.9687156393
2594,catamaran,Lagoon,400 Owners Version,285000.0,411258.0,258558.66401189205
2595,catamaran,Lagoon,400,275000.0,450000.0,250099.60850651574
2596,catamaran,Lagoon,400,195000.0,450000.0,218827.18249212194
2597,catamaran,Lagoon,400,279380.0,450000.0,267471.96420670673
2598,catamaran,Lagoon,400,279162.0,450000.0,267471.96420670673
2599,catamaran,Fountaine Pajot,Lipari 41,278887.0,448838.5,284445.81890961155
2600,catamaran,Lagoon,400,267233.0,450000.0,246120.4276868599
2601,catamaran,Lagoon,400,267025.0,450000.0,246120.4276868599
2602,catamaran,Fountaine Pajot,Lipari 41,218882.0,448838.5,284826.4973330281
2603,catamaran,Lagoon,400,217486.0,450000.0,228070.0087326228
2604,catamaran,Lagoon,400,217261.0,450000.0,228070.0087326228
2605,catamaran,Fountaine Pajot,Lavezzi 40,205506.0,411258.0,285094.99906096724
2606,catamaran,Fountaine Pajot,Lavezzi 40,205284.0,411258.0,285094.99906096724
2607,catamaran,Lagoon,421,437734.0,448838.5,337495.59567785927
2608,catamaran,Lagoon,421,327968.0,448838.5,327893.9911636688
2609,catamaran,Lagoon,421,327712.0,448838.5,327893.9911636688
2610,catamaran,Lagoon,421,285231.0,448838.5,302856.0909144275
2611,catamaran,Fountaine Pajot,Orana 44,390000.0,423599.0,377552.32534398005
2612,catamaran,Nautitech,441,346188.0,450000.0,338034.40324208327
2613,catamaran,Nautitech,441,345919.0,450000.0,338034.40324208327
2614,catamaran,Nautitech,441,291527.0,450000.0,338034.40324208327
2615,catamaran,Nautitech,441,291300.0,450000.0,338034.40324208327
2616,catamaran,Nautitech,441,282000.0,450000.0,338034.40324208327
2617,catamaran,Nautitech,441,269724.0,450000.0,338108.78411057376
2618,catamaran,Nautitech,442 Owners Version,437734.0,450000.0,307291.3843979005
2619,catamaran,Nautitech,442 Owners Version,437231.0,450000.0,307291.3843979005
2620,catamaran,Antares,44i,525000.0,411258.0,360752.1205183361
2621,catamaran,Antares,44i,495000.0,411258.0,360752.1205183361
2622,catamaran,Lagoon,440,380000.0,450000.0,354186.25604147266
2623,catamaran,Lagoon,440,345000.0,450000.0,358761.8071977058
2624,catamaran,Lagoon,440,345000.0,450000.0,358761.8071977058
2625,catamaran,Lagoon,440,424812.0,450000.0,403669.85649449483
2626,catamaran,Lagoon,440,479431.0,450000.0,434751.6062969389
2627,catamaran,Leopard,46,415000.0,425072.0,328032.4846050443
2628,catamaran,Leopard,46,335000.0,425072.0,328763.9239671201
2629,catamaran,Catana,47,546813.0,448838.5,402360.54267279187
2630,catamaran,Catana,47,545648.0,448838.5,402360.54267279187
2631,catamaran,Chris White,Atlantic 48,565000.0,411258.0,540632.1148727395
2632,catamaran,Outremer,49,763449.0,450000.0,504480.639832821
2633,catamaran,Voyage Yachts,500 Owner's Version,595000.0,411258.0,528974.979206501
2634,catamaran,Lagoon,500,721467.0,423599.0,475451.09312597243
2635,catamaran,Lagoon,500,589128.0,423599.0,574864.7741445329
2636,catamaran,Lagoon,500,588087.0,423599.0,574864.7741445329
2637,catamaran,Lagoon,500,576531.0,423599.0,475451.09312597243
2638,catamaran,Lagoon,500,575961.0,423599.0,475451.09312597243
2639,catamaran,Leopard,39,339000.0,411258.0,228523.76304226168
2640,catamaran,Leopard,39,339000.0,411258.0,228523.76304226168
2641,catamaran,Lagoon,380,236447.0,448838.5,247988.85687240382
2642,catamaran,Broadblue,385,210000.0,448838.5,253495.26602551425
2643,catamaran,Fountaine Pajot,Lipari 41,218725.0,448838.5,262859.3061073996
2644,catamaran,Fountaine Pajot,Lipari 41,346563.0,448838.5,277128.52485718223
2645,catamaran,Fountaine Pajot,Lipari 41,302787.0,448838.5,296545.8778559108
2646,catamaran,Fountaine Pajot,Lipari 41,267522.0,448838.5,285243.5820616045
2647,catamaran,Fountaine Pajot,Lipari 41,266761.0,448838.5,285243.5820616045
2648,catamaran,Fountaine Pajot,Lipari 41,266761.0,448838.5,285243.5820616045
2649,catamaran,Lagoon,400,264804.0,450000.0,241219.64460304586
2650,catamaran,Lagoon,400,264597.0,450000.0,241219.64460304586
2651,catamaran,Lagoon,400,217486.0,450000.0,241219.64460304586
2652,catamaran,Lagoon,400,217261.0,450000.0,241219.64460304586
2653,catamaran,Lagoon,400,206095.0,450000.0,241219.64460304586
2654,catamaran,Fountaine Pajot,Lipari 41,194562.0,448838.5,240925.98320849406
2655,catamaran,Fountaine Pajot,Lipari 41,169026.0,448838.5,240925.98320849406
2656,catamaran,Lagoon,421,333781.0,448838.5,373689.2527121302
2657,catamaran,Lagoon,421,297902.0,448838.5,345511.7893529535
2658,catamaran,Leopard,44,339000.0,411258.0,280933.8123568932
2659,catamaran,Leopard,44,339000.0,411258.0,280933.8123568932
2660,catamaran,Leopard,44,339000.0,411258.0,280933.8123568932
2661,catamaran,Leopard,44,339000.0,411258.0,280933.8123568932
2662,catamaran,Lagoon,42 Owners Version,325000.0,450000.0,366135.5271575164
2663,catamaran,Lagoon,42 Owners Version,325000.0,450000.0,366135.5271575164
2664,catamaran,Leopard,44,459000.0,411258.0,313155.92949877586
2665,catamaran,Leopard,44,459000.0,411258.0,313155.92949877586
2666,catamaran,Fountaine Pajot,Orana 44,339850.0,423599.0,370516.7131518351
2667,catamaran,Nautitech,441,279162.0,450000.0,354425.24322627264
2668,catamaran,Nautitech,441,255086.0,450000.0,354503.2307244482
2669,catamaran,Nautitech,441,254887.0,450000.0,354503.2307244482
2670,catamaran,Lagoon,450,475000.0,448838.5,425108.23439080804
2671,catamaran,Lagoon,450,533522.0,448838.5,475940.90510649973
2672,catamaran,Lagoon,450,516246.0,448838.5,405907.7232853578
2673,catamaran,Lagoon,450,515844.0,448838.5,405907.7232853578
2674,catamaran,Lagoon,450,510725.0,448838.5,475940.90510649973
2675,catamaran,Lagoon,450,510302.0,448838.5,475940.90510649973
2676,catamaran,Lagoon,450,510172.0,448838.5,475940.90510649973
2677,catamaran,Lagoon,450,479431.0,448838.5,470256.8407414508
2678,catamaran,Lagoon,450,472895.0,448838.5,405907.7232853578
2679,catamaran,Lagoon,450F,462084.0,411258.0,445243.8762739883
2680,catamaran,Lagoon,450,448644.0,448838.5,405907.7232853578
2681,catamaran,Lagoon,450,407335.0,448838.5,405907.7232853578
2682,catamaran,Lagoon,450,389097.0,448838.5,439465.1698446447
2683,catamaran,Lagoon,450F,499000.0,411258.0,462393.8812821555
2684,catamaran,Lagoon,450F,499000.0,411258.0,462393.8812821555
2685,catamaran,Leopard,46,126000.0,425072.0,317100.91008559044
2686,catamaran,Leopard,46,480000.0,425072.0,402393.08991581405
2687,catamaran,Fountaine Pajot,Salina 48,450000.0,411258.0,435705.8472174576
2688,catamaran,Outremer,49,601884.0,450000.0,466684.92377624
2689,catamaran,Outremer,49,812664.0,450000.0,533567.0451622332
2690,catamaran,Outremer,49,811999.0,450000.0,533567.0451622332
2691,catamaran,Lagoon,500,499000.0,423599.0,566277.7992377449
2692,catamaran,Lagoon,500,443813.0,423599.0,566277.7992377449
2693,catamaran,Lagoon,380,292000.0,448838.5,339529.65691939805
2694,catamaran,Lagoon,39,310061.0,448838.5,291007.5608740588
2695,catamaran,Fountaine Pajot,Lipari 41,315000.0,448838.5,300098.820830493
2696,catamaran,Lagoon,400,241298.0,450000.0,272031.9882109846
2697,catamaran,Lagoon,400,237000.0,450000.0,272031.9882109846
2698,catamaran,Lagoon,400,234000.0,450000.0,272031.9882109846
2699,catamaran,Lagoon,400,315575.0,450000.0,313830.19481347664
2700,catamaran,Lagoon,400,291300.0,450000.0,275985.4431107438
2701,catamaran,Lagoon,400,279162.0,450000.0,275985.4431107438
2702,catamaran,Lagoon,400,241786.0,450000.0,255744.730382267
2703,catamaran,Lagoon,400,241536.0,450000.0,255744.730382267
2704,catamaran,Lagoon,400,241536.0,450000.0,255744.730382267
2705,catamaran,Lagoon,400,236681.0,450000.0,318770.08025429334
2706,catamaran,Alliaura,Feeling 39 DI,229578.0,450000.0,365668.71128369746
2707,catamaran,Lagoon,400,218639.0,450000.0,255744.730382267
2708,catamaran,Lagoon,421,369828.0,448838.5,342830.763054352
2709,catamaran,Leopard,44,350000.0,411258.0,268715.05229746806
2710,catamaran,Leopard,44,350000.0,411258.0,268715.05229746806
2711,catamaran,Leopard,44,315000.0,411258.0,268715.05229746806
2712,catamaran,Leopard,44,273094.0,411258.0,293012.94064504944
2713,catamaran,Fountaine Pajot,Helia 44,520699.0,411258.0,426468.86915277777
2714,catamaran,Fountaine Pajot,Helia 44,449893.0,411258.0,367034.96051587834
2715,catamaran,Fountaine Pajot,Helia 44,449438.0,411258.0,367034.96051587834
2716,catamaran,Antares,44i,749000.0,411258.0,403557.2353250303
2717,catamaran,Lagoon,450,442581.0,448838.5,433713.03764530836
2718,catamaran,Lagoon,450F,435736.0,411258.0,429164.8327133762
2719,catamaran,Lagoon,450,435020.0,448838.5,433713.03764530836
2720,catamaran,Lagoon,450,434093.0,448838.5,433713.03764530836
2721,catamaran,Lagoon,450,400142.0,448838.5,434636.00428037415
2722,catamaran,Lagoon,450,486371.0,448838.5,464478.618869398
2723,catamaran,Lagoon,450,486249.0,448838.5,429011.15182041377
2724,catamaran,Lagoon,450,474211.0,448838.5,464478.618869398
2725,catamaran,Lagoon,450,473362.0,448838.5,464478.618869398
2726,catamaran,Lagoon,450,472895.0,448838.5,503030.4775813443
2727,catamaran,Lagoon,450,449438.0,448838.5,464478.618869398
2728,catamaran,Lagoon,450,449087.0,448838.5,464478.618869398
2729,catamaran,Lagoon,450,448644.0,448838.5,464478.618869398
2730,catamaran,Lagoon,450,411782.0,448838.5,503030.4775813443
2731,catamaran,Lagoon,450,411461.0,448838.5,503030.4775813443
2732,catamaran,Lagoon,450,400850.0,448838.5,429011.15182041377
2733,catamaran,Lagoon,450,400537.0,448838.5,429011.15182041377
2734,catamaran,Lagoon,450,398420.0,448838.5,403801.6944957339
2735,catamaran,Lagoon,450,398420.0,448838.5,403801.6944957339
2736,catamaran,Lagoon,450,398110.0,448838.5,403801.6944957339
2737,catamaran,Lagoon,450,397717.0,448838.5,403801.6944957339
2738,catamaran,Lagoon,450,388802.0,448838.5,429011.15182041377
2739,catamaran,Lagoon,450,388016.0,448838.5,429011.15182041377
2740,catamaran,Lagoon,450,376937.0,448838.5,464478.618869398
2741,catamaran,Lagoon,450,376937.0,448838.5,464478.618869398
2742,catamaran,Lagoon,450,376556.0,448838.5,464478.618869398
2743,catamaran,Lagoon,450,364778.0,448838.5,403801.6944957339
2744,catamaran,Lagoon,450,364501.0,448838.5,403801.6944957339
2745,catamaran,Lagoon,450,363587.0,448838.5,403801.6944957339
2746,catamaran,Lagoon,450,362911.0,448838.5,403801.6944957339
2747,catamaran,Lagoon,450,339267.0,448838.5,403801.6944957339
2748,catamaran,Lagoon,450,338302.0,448838.5,403801.6944957339
2749,catamaran,Lagoon,450,459950.0,448838.5,506747.6870089773
2750,catamaran,Fountaine Pajot,Salina 48,249000.0,411258.0,456522.95169250295
2751,catamaran,Fountaine Pajot,Salina 48,358056.0,411258.0,530470.2343454469
2752,catamaran,Lagoon,500,499000.0,423599.0,557339.2471553426
2753,catamaran,Lagoon,500,499000.0,423599.0,578299.1257193307
2754,catamaran,Lagoon,500,465000.0,423599.0,578299.1257193307
2755,catamaran,Voyage Yachts,Voyage 520 DC,675000.0,411258.0,594661.8385611144
2756,catamaran,Nautitech,542,790352.0,448838.5,771358.3054006391
2757,catamaran,Leopard,39,364424.0,411258.0,245659.98326268347
2758,catamaran,Leopard,39,364125.0,411258.0,245659.98326268347
2759,catamaran,Lagoon,39,303982.0,448838.5,335004.8902112417
2760,catamaran,Lagoon,39,303437.0,448838.5,335004.8902112417
2761,catamaran,Lagoon,39,297369.0,448838.5,308501.5806697679
2762,catamaran,Lagoon,400 S2,285558.0,411258.0,294105.68952809286
2763,catamaran,Lagoon,400,278887.0,450000.0,286667.4105746971
2764,catamaran,Lagoon,400,240000.0,450000.0,254062.79913038717
2765,catamaran,Lagoon,400,388400.0,450000.0,314612.61467118067
2766,catamaran,Lagoon,400,388400.0,450000.0,314612.61467118067
2767,catamaran,Fountaine Pajot,Lipari 41,342763.0,448838.5,269946.7028959303
2768,catamaran,Lagoon,400 S2,340115.0,411258.0,271259.3214865522
2769,catamaran,Lagoon,400,339850.0,450000.0,271800.4934920671
2770,catamaran,Fountaine Pajot,Lipari 41,328323.0,448838.5,336282.43945044646
2771,catamaran,Lagoon,400,321895.0,450000.0,293311.9267873223
2772,catamaran,Lagoon,400,321644.0,450000.0,293311.9267873223
2773,catamaran,Lagoon,400 S2,267197.0,411258.0,271259.3214865522
2774,catamaran,Lagoon,400,267025.0,450000.0,271800.4934920671
2775,catamaran,Lagoon,400,267025.0,450000.0,271800.4934920671
2776,catamaran,Fountaine Pajot,Lipari 41,265811.0,448838.5,269946.7028959303
2777,catamaran,Lagoon,400,242507.0,450000.0,271800.4934920671
2778,catamaran,Dolphin Ocema,Ocema 42,273584.0,448838.5,374337.22129460244
2779,catamaran,Lagoon,421,423599.0,448838.5,357569.20795205754
2780,catamaran,Lagoon,421,380579.0,448838.5,398466.5867853976
2781,catamaran,Dolphin Ocema,Ocema 42,229900.0,448838.5,398737.75957906316
2782,catamaran,Leopard,44,302766.0,411258.0,310763.57737996994
2783,catamaran,Leopard,44,290606.0,411258.0,310763.57737996994
2784,catamaran,Fountaine Pajot,Helia 44,362911.0,411258.0,382634.1666273289
2785,catamaran,Fountaine Pajot,Helia 44,534050.0,411258.0,412005.5100981768
2786,catamaran,Fountaine Pajot,Helia 44,479824.0,411258.0,389269.8291834214
2787,catamaran,Fountaine Pajot,Helia 44,443382.0,411258.0,389269.8291834214
2788,catamaran,Fountaine Pajot,Helia 44,443019.0,411258.0,389269.8291834214
2789,catamaran,Lagoon,450,424206.0,448838.5,421493.8389061316
2790,catamaran,Lagoon,450,540000.0,448838.5,459045.6103233671
2791,catamaran,Lagoon,450,450000.0,448838.5,393949.83445822756
2792,catamaran,Lagoon,450F,449000.0,411258.0,416245.50727720757
2793,catamaran,Lagoon,450F,435306.0,411258.0,450886.72773153574
2794,catamaran,Lagoon,450,369000.0,448838.5,406661.43536965264
2795,catamaran,Lagoon,450,358056.0,448838.5,458070.80893063993
2796,catamaran,Lagoon,450F,347000.0,411258.0,450886.72773153574
2797,catamaran,Lagoon,450,345000.0,448838.5,458070.80893063993
2798,catamaran,Lagoon,450,345000.0,448838.5,458070.80893063993
2799,catamaran,Lagoon,450F,618603.0,411258.0,418772.7239444098
2800,catamaran,Lagoon,450,534050.0,448838.5,506819.71392928984
2801,catamaran,Lagoon,450,528393.0,448838.5,454801.305038372
2802,catamaran,Lagoon,450,527981.0,448838.5,454801.305038372
2803,catamaran,Lagoon,450,521105.0,448838.5,506819.71392928984
2804,catamaran,Lagoon,450,520184.0,448838.5,506819.71392928984
2805,catamaran,Lagoon,450,516246.0,448838.5,526159.7349719718
2806,catamaran,Lagoon,450,515844.0,448838.5,526159.7349719718
2807,catamaran,Lagoon,450 Owners Version,504610.0,448838.5,454801.305038372
2808,catamaran,Lagoon,450F,462084.0,411258.0,534188.5123865405
2809,catamaran,Lagoon,450,461702.0,448838.5,492400.91109018825
2810,catamaran,Lagoon,450,445907.0,448838.5,428076.3725000846
2811,catamaran,Lagoon,450,445006.0,448838.5,428076.3725000846
2812,catamaran,Lagoon,450,424536.0,448838.5,454801.305038372
2813,catamaran,Lagoon,450,419177.0,448838.5,454801.305038372
2814,catamaran,Lagoon,450,418330.0,448838.5,454801.305038372
2815,catamaran,Lagoon,450,400850.0,448838.5,533270.328072588
2816,catamaran,Lagoon,450,400850.0,448838.5,428076.3725000846
2817,catamaran,Lagoon,450,400537.0,448838.5,533270.328072588
2818,catamaran,Lagoon,450,400537.0,448838.5,428076.3725000846
2819,catamaran,Lagoon,450,383017.0,448838.5,454801.305038372
2820,catamaran,Lagoon,450,382727.0,448838.5,454801.305038372
2821,catamaran,Lagoon,450,376556.0,448838.5,428076.3725000846
2822,catamaran,Lagoon,450,376262.0,448838.5,428076.3725000846
2823,catamaran,Lagoon,450,510000.0,448838.5,538748.8999765043
2824,catamaran,Fountaine Pajot,Salina 48,473732.0,411258.0,562605.9632583921
2825,catamaran,Fountaine Pajot,Salina 48,473362.0,411258.0,562605.9632583921
2826,catamaran,Fountaine Pajot,Salina 48,473362.0,411258.0,562605.9632583921
2827,catamaran,Leopard,48,479000.0,423599.0,389627.5306297686
2828,catamaran,Leopard,48,449000.0,423599.0,389627.5306297686
2829,catamaran,Leopard,48,449000.0,423599.0,389627.5306297686
2830,catamaran,Leopard,48,419000.0,423599.0,389627.5306297686
2831,catamaran,Lagoon,52,838446.0,423599.0,649151.0888892179
2832,catamaran,Lagoon,52,836660.0,423599.0,649151.0888892179
2833,catamaran,Lagoon,52F,947207.0,423599.0,642879.578913271
2834,catamaran,Lagoon,52F,946725.0,423599.0,642879.578913271
2835,catamaran,Lagoon,52,851149.0,423599.0,642879.578913271
2836,catamaran,Lagoon,52,802512.0,423599.0,600076.2800398542
2837,catamaran,Lagoon,52,802512.0,423599.0,600076.2800398542
2838,catamaran,Lagoon,52F,789136.0,423599.0,642879.578913271
2839,catamaran,Lagoon,52,759000.0,423599.0,826924.4266618193
2840,catamaran,Nautitech,542,795000.0,448838.5,703848.5315554168
2841,catamaran,Leopard,39,245000.0,411258.0,238270.4401968345
2842,catamaran,Leopard,39,110000.0,411258.0,217514.8542456569
2843,catamaran,Leopard,39,105000.0,411258.0,217514.8542456569
2844,catamaran,Lagoon,380 Owners Version,303138.0,425072.0,287566.5875705524
2845,catamaran,Lagoon,380,255984.0,448838.5,300555.01174676366
2846,catamaran,Lagoon,380,229000.0,448838.5,258483.17512229117
2847,catamaran,Lagoon,380 S2,218725.0,411258.0,291085.5337841392
2848,catamaran,Lagoon,380,218259.0,448838.5,300555.01174676366
2849,catamaran,Lagoon,380,217261.0,448838.5,300555.01174676366
2850,catamaran,Lagoon,39,264000.0,448838.5,347181.6549067272
2851,catamaran,Lagoon,39,388554.0,448838.5,302987.8565117165
2852,catamaran,Lagoon,39,334042.0,448838.5,355263.78630417824
2853,catamaran,Lagoon,39,327968.0,448838.5,354788.9665127135
2854,catamaran,Lagoon,39,327712.0,448838.5,354788.9665127135
2855,catamaran,Lagoon,39,315263.0,448838.5,337642.4321129886
2856,catamaran,Lagoon,39,260208.0,448838.5,285183.7518719711
2857,catamaran,Lagoon,39,241536.0,448838.5,350526.7212645321
2858,catamaran,Fountaine Pajot,Lipari 41,345000.0,448838.5,309573.9104612104
2859,catamaran,Lagoon,400,269000.0,450000.0,302754.52754287055
2860,catamaran,Fountaine Pajot,Lipari 41,235251.0,448838.5,309680.43973642436
2861,catamaran,Fountaine Pajot,Lipari 41,234982.0,448838.5,309680.43973642436
2862,catamaran,Lagoon,400,361697.0,450000.0,312480.4104529374
2863,catamaran,Lagoon,400,358056.0,450000.0,312480.4104529374
2864,catamaran,Lagoon,400 S2,333996.0,411258.0,316692.90566563956
2865,catamaran,Lagoon,400,333781.0,450000.0,312480.4104529374
2866,catamaran,Lagoon,400,333781.0,450000.0,312480.4104529374
2867,catamaran,Lagoon,400 S2,327923.0,411258.0,316692.90566563956
2868,catamaran,Lagoon,400 S2,327923.0,411258.0,316692.90566563956
2869,catamaran,Lagoon,400 S2,327923.0,411258.0,358520.7686248356
2870,catamaran,Lagoon,400 S2,327923.0,411258.0,316692.90566563956
2871,catamaran,Lagoon,400 S2,327923.0,411258.0,316692.90566563956
2872,catamaran,Lagoon,400,327712.0,450000.0,312480.4104529374
2873,catamaran,Lagoon,400,327712.0,450000.0,312480.4104529374
2874,catamaran,Lagoon,400,327712.0,450000.0,359598.06661638175
2875,catamaran,Lagoon,400,327712.0,450000.0,312480.4104529374
2876,catamaran,Lagoon,400,327712.0,450000.0,312480.4104529374
2877,catamaran,Lagoon,400,327712.0,450000.0,312480.4104529374
2878,catamaran,Lagoon,400,321644.0,450000.0,363474.5860972178
2879,catamaran,Lagoon,400 S2,315778.0,411258.0,367974.93393572734
2880,catamaran,Lagoon,400 S2,315778.0,411258.0,367974.93393572734
2881,catamaran,Lagoon,400,315575.0,450000.0,363474.5860972178
2882,catamaran,Lagoon,400,315575.0,450000.0,363474.5860972178
2883,catamaran,Lagoon,400,315575.0,450000.0,363474.5860972178
2884,catamaran,Lagoon,400,309506.0,450000.0,312480.4104529374
2885,catamaran,Fountaine Pajot,Lipari 41,267522.0,448838.5,330172.26742450864
2886,catamaran,Nautitech,40 Open,291300.0,423599.0,301495.41552235134
2887,catamaran,Lagoon,421,440000.0,448838.5,432682.7913966021
2888,catamaran,Lagoon,421,352619.0,448838.5,380211.3588015637
2889,catamaran,Lagoon,421,352214.0,448838.5,380211.3588015637
2890,catamaran,Lagoon,421,320000.0,448838.5,380211.3588015637
2891,catamaran,Lagoon,421,320000.0,448838.5,380211.3588015637
2892,catamaran,Leopard,44,363145.0,411258.0,301031.0292101416
2893,catamaran,Leopard,44,362911.0,411258.0,301031.0292101416
2894,catamaran,Leopard,44,314925.0,411258.0,330481.7788734789
2895,catamaran,Fountaine Pajot,Helia 44,535000.0,411258.0,469495.4368245306
2896,catamaran,Lagoon,450,424812.0,448838.5,485236.3767364383
2897,catamaran,Lagoon,450F,469000.0,411258.0,438497.356658376
2898,catamaran,Lagoon,450,449000.0,448838.5,466373.9589704646
2899,catamaran,Lagoon,450F,400866.0,411258.0,474990.44387511513
2900,catamaran,Lagoon,450F,400537.0,411258.0,474990.44387511513
2901,catamaran,Lagoon,450,400142.0,448838.5,485260.12984894356
2902,catamaran,Lagoon,450F,400142.0,411258.0,474990.44387511513
2903,catamaran,Lagoon,450,400142.0,448838.5,417333.181019434
2904,catamaran,Lagoon,450F,399324.0,411258.0,444388.24285883916
2905,catamaran,Lagoon,450,557773.0,448838.5,483600.4284701966
2906,catamaran,Lagoon,450,557773.0,448838.5,483600.4284701966
2907,catamaran,Lagoon,450,546539.0,448838.5,455183.2082837619
2908,catamaran,Lagoon,450,545648.0,448838.5,455183.2082837619
2909,catamaran,Lagoon,450,522319.0,448838.5,483600.4284701966
2910,catamaran,Lagoon,450,521397.0,448838.5,483600.4284701966
2911,catamaran,Lagoon,450,518675.0,448838.5,567038.3006587625
2912,catamaran,Lagoon,450,517759.0,448838.5,567038.3006587625
2913,catamaran,Lagoon,450F,510689.0,411258.0,488913.52390279033
2914,catamaran,Lagoon,450F,510302.0,411258.0,488913.52390279033
2915,catamaran,Lagoon,450,498530.0,448838.5,483600.4284701966
2916,catamaran,Lagoon,450,497146.0,448838.5,483600.4284701966
2917,catamaran,Lagoon,450,484598.0,448838.5,455183.2082837619
2918,catamaran,Lagoon,450,483808.0,448838.5,455183.2082837619
2919,catamaran,Lagoon,450,472420.0,448838.5,455183.2082837619
2920,catamaran,Lagoon,450,472029.0,448838.5,455183.2082837619
2921,catamaran,Lagoon,450,462000.0,448838.5,538912.7693744579
2922,catamaran,Lagoon,450,424393.0,448838.5,523580.9329136366
2923,catamaran,Lagoon,450 Owners Version,499000.0,448838.5,574503.7552441288
2924,catamaran,Fountaine Pajot,Salina 48 Evolution,565040.0,448838.5,506453.24220644386
2925,catamaran,Fountaine Pajot,Salina 48,563836.0,411258.0,499643.2306806514
2926,catamaran,Fountaine Pajot,Salina 48,485000.0,411258.0,582836.4765041751
2927,catamaran,Leopard,48,455000.0,423599.0,412506.05964640796
2928,catamaran,Leopard,48,449000.0,423599.0,412506.05964640796
2929,catamaran,Leopard,48,429000.0,423599.0,412506.05964640796
2930,catamaran,Leopard,48 Crewed Version,400000.0,423599.0,412506.05964640796
2931,catamaran,Leopard,48,472149.0,423599.0,434651.42616312054
2932,catamaran,Leopard,48,472149.0,423599.0,434651.42616312054
2933,catamaran,Fountaine Pajot,SABA 50,589724.0,423599.0,571576.4216396749
2934,catamaran,Fountaine Pajot,SABA 50,571486.0,423599.0,538056.5816386011
2935,catamaran,Lagoon,52F,1033538.0,423599.0,683912.7252829212
2936,catamaran,Lagoon,52,1003140.0,423599.0,638377.4154927066
2937,catamaran,Lagoon,52,1003140.0,423599.0,638377.4154927066
2938,catamaran,Lagoon,52,997060.0,423599.0,740894.1749435151
2939,catamaran,Lagoon,52,972741.0,423599.0,771857.9136360353
2940,catamaran,Lagoon,52,972741.0,423599.0,811190.8725883261
2941,catamaran,Lagoon,52,753875.0,423599.0,638377.4154927066
2942,catamaran,Lagoon,52,799000.0,423599.0,902383.7574141247
2943,catamaran,Nautitech,542,1185529.0,448838.5,813720.9421482784
2944,catamaran,Privilege,Series 5,899000.0,423599.0,943760.7638466565
2945,catamaran,Leopard,39,265549.0,411258.0,233566.86659178292
2946,catamaran,Lagoon,380,218259.0,448838.5,319358.01600346994
2947,catamaran,Lagoon,380,242510.0,448838.5,341165.8111868217
2948,catamaran,Lagoon,380,220078.0,448838.5,296597.79172738735
2949,catamaran,Lagoon,39,333556.0,448838.5,327270.3558193063
2950,catamaran,Lagoon,39,333174.0,448838.5,327270.3558193063
2951,catamaran,Lagoon,39,267025.0,448838.5,327270.3558193063
2952,catamaran,Lagoon,39,265811.0,448838.5,304582.8961513174
2953,catamaran,Lagoon,39,401256.0,448838.5,360108.894814133
2954,catamaran,Lagoon,39,334380.0,448838.5,373850.4944637755
2955,catamaran,Lagoon,39,327389.0,448838.5,378902.76009702025
2956,catamaran,Lagoon,39,303982.0,448838.5,378902.76009702025
2957,catamaran,Lagoon,39,303982.0,448838.5,323148.4309235915
2958,catamaran,Lagoon,39,303437.0,448838.5,378902.76009702025
2959,catamaran,Lagoon,39,279663.0,448838.5,360108.894814133
2960,catamaran,Lagoon,39,279380.0,448838.5,378902.76009702025
2961,catamaran,Lagoon,39,279162.0,448838.5,378902.76009702025
2962,catamaran,Fountaine Pajot,Lipari 41,267025.0,448838.5,329054.33935214207
2963,catamaran,Leopard,Sunsail 404,95000.0,411258.0,252297.32086552348
2964,catamaran,Lagoon,400,338636.0,450000.0,309233.0575610062
2965,catamaran,Lagoon,400,310083.0,450000.0,333707.06128685136
2966,catamaran,Lagoon,400,303674.0,450000.0,357941.2955880869
2967,catamaran,Lagoon,400,303674.0,450000.0,357941.2955880869
2968,catamaran,Lagoon,400,303437.0,450000.0,357941.2955880869
2969,catamaran,Lagoon,400,303437.0,450000.0,357941.2955880869
2970,catamaran,Nautitech,40 Open,418744.0,423599.0,345246.7901033614
2971,catamaran,Nautitech,40 Open,388400.0,423599.0,409498.22187678795
2972,catamaran,Nautitech,40 Open,382210.0,423599.0,400766.32179021504
2973,catamaran,Nautitech,Open 40,364424.0,450000.0,397531.8450558788
2974,catamaran,Nautitech,40 Open,363765.0,423599.0,400766.32179021504
2975,catamaran,Nautitech,40 Open,352214.0,423599.0,409498.22187678795
2976,catamaran,Nautitech,40 Open,351987.0,423599.0,409498.22187678795
2977,catamaran,Nautitech,40 Open,315575.0,423599.0,322260.05662076635
2978,catamaran,Bali,4.0,425604.0,448838.5,374476.90729578276
2979,catamaran,Bali,4.0,425144.0,448838.5,374476.90729578276
2980,catamaran,Seawind,1250,455000.0,411258.0,380392.5435621473
2981,catamaran,Lagoon,421,363562.0,448838.5,408096.5395247516
2982,catamaran,Lagoon,421,363145.0,448838.5,408096.5395247516
2983,catamaran,Lagoon,421,340459.0,448838.5,408964.99275805097
2984,catamaran,Lagoon,421,340069.0,448838.5,408964.99275805097
2985,catamaran,Bali,4.3,455973.0,425072.0,404924.0600527051
2986,catamaran,Leopard,44,359000.0,411258.0,344132.3523500421
2987,catamaran,Leopard,44,349000.0,411258.0,314155.2028056769
2988,catamaran,Leopard,44,339999.0,411258.0,344132.3523500421
2989,catamaran,Leopard,44,339000.0,411258.0,314155.2028056769
2990,catamaran,Leopard,44,339000.0,411258.0,314155.2028056769
2991,catamaran,Leopard,44,329000.0,411258.0,314155.2028056769
2992,catamaran,Leopard,44,329000.0,411258.0,314155.2028056769
2993,catamaran,Leopard,44,338636.0,411258.0,352402.53451487306
2994,catamaran,Leopard,44,569000.0,411258.0,400447.7888094272
2995,catamaran,Leopard,44,569000.0,411258.0,400447.7888094272
2996,catamaran,Leopard,44,567000.0,411258.0,400447.7888094272
2997,catamaran,Leopard,44,567000.0,411258.0,400447.7888094272
2998,catamaran,Bali,4.3,519000.0,425072.0,420228.3098461859
2999,catamaran,Bali,4.3,455449.0,425072.0,432055.5125848376
3000,catamaran,Bali,4.3,449000.0,425072.0,446956.1893192974
3001,catamaran,Fountaine Pajot,Helia 44,559900.0,411258.0,416753.19291554723
3002,catamaran,Fountaine Pajot,Helia 44,473362.0,411258.0,425787.28136854694
3003,catamaran,Fountaine Pajot,Helia 44,443526.0,411258.0,425787.28136854694
3004,catamaran,Fountaine Pajot,Helia 44,443019.0,411258.0,425787.28136854694
3005,catamaran,Fountaine Pajot,Helia 44 Maestro,544974.0,423599.0,584043.2989825107
3006,catamaran,Fountaine Pajot,Helia 44,510689.0,411258.0,467209.79085385206
3007,catamaran,Fountaine Pajot,Helia 44,510689.0,411258.0,512908.099042587
3008,catamaran,Fountaine Pajot,Helia 44,509775.0,411258.0,467209.79085385206
3009,catamaran,Fountaine Pajot,Helia 44,484286.0,411258.0,504626.4258573765
3010,catamaran,Fountaine Pajot,Helia 44,480291.0,411258.0,500090.4255563717
3011,catamaran,Fountaine Pajot,Helia 44,479310.0,411258.0,500090.4255563717
3012,catamaran,Bali,4.5,510689.0,423599.0,513851.0913731117
3013,catamaran,Bali,4.5,455973.0,423599.0,433226.3985777564
3014,catamaran,Bali,4.5,455627.0,423599.0,433226.3985777564
3015,catamaran,Bali,4.5,454706.0,423599.0,433226.3985777564
3016,catamaran,Outremer,45,825350.0,411258.0,531670.8575053237
3017,catamaran,Lagoon,450,499000.0,448838.5,515441.08861509565
3018,catamaran,Lagoon,450,495000.0,448838.5,443441.93739507167
3019,catamaran,Lagoon,450,480000.0,448838.5,516715.72618995863
3020,catamaran,Lagoon,450,437308.0,448838.5,479874.0890383296
3021,catamaran,Lagoon,450,436950.0,448838.5,479874.0890383296
3022,catamaran,Lagoon,450,400142.0,448838.5,515618.4600399149
3023,catamaran,Lagoon,450,557470.0,448838.5,485470.742072384
3024,catamaran,Lagoon,450,556561.0,448838.5,485470.742072384
3025,catamaran,Lagoon,450,546539.0,448838.5,515778.82180924126
3026,catamaran,Lagoon,450,545648.0,448838.5,515778.82180924126
3027,catamaran,Lagoon,450,522848.0,448838.5,515778.82180924126
3028,catamaran,Lagoon,450,516769.0,448838.5,485470.742072384
3029,catamaran,Lagoon,450S,516769.0,425072.0,604024.7821091681
3030,catamaran,Lagoon,450s,516246.0,411258.0,605763.993518374
3031,catamaran,Lagoon,450S,515844.0,425072.0,604024.7821091681
3032,catamaran,Lagoon,450,510302.0,448838.5,515778.82180924126
3033,catamaran,Lagoon,450,510103.0,448838.5,515778.82180924126
3034,catamaran,Lagoon,450,509271.0,448838.5,515778.82180924126
3035,catamaran,Lagoon,450S,504030.0,425072.0,604024.7821091681
3036,catamaran,Lagoon,450S,503208.0,425072.0,604024.7821091681
3037,catamaran,Lagoon,450,486404.0,448838.5,558419.5976712657
3038,catamaran,Lagoon,450,486371.0,448838.5,558419.5976712657
3039,catamaran,Lagoon,450,485879.0,448838.5,515778.82180924126
3040,catamaran,Lagoon,450,485500.0,448838.5,515778.82180924126
3041,catamaran,Lagoon,450,483383.0,448838.5,515778.82180924126
3042,catamaran,Lagoon,450,482595.0,448838.5,515778.82180924126
3043,catamaran,Lagoon,450F,479927.0,411258.0,521343.00889218523
3044,catamaran,Lagoon,450F,478957.0,411258.0,521343.00889218523
3045,catamaran,Lagoon,450F,474211.0,411258.0,521343.00889218523
3046,catamaran,Lagoon,450,473667.0,448838.5,485470.742072384
3047,catamaran,Lagoon,450,472895.0,448838.5,485470.742072384
3048,catamaran,Lagoon,450,465165.0,448838.5,515778.82180924126
3049,catamaran,Lagoon,450,464407.0,448838.5,515778.82180924126
3050,catamaran,Lagoon,450,455973.0,448838.5,515778.82180924126
3051,catamaran,Lagoon,450,455973.0,448838.5,515778.82180924126
3052,catamaran,Lagoon,450,455627.0,448838.5,515778.82180924126
3053,catamaran,Lagoon,450F,448677.0,411258.0,521343.00889218523
3054,catamaran,Lagoon,450,430455.0,448838.5,515778.82180924126
3055,catamaran,Leopard,48,499000.0,423599.0,495851.34313933185
3056,catamaran,Leopard,48,439000.0,423599.0,495851.34313933185
3057,catamaran,Leopard,48,149000.0,423599.0,437888.4868748884
3058,catamaran,Leopard,48,508561.0,423599.0,463622.66638643673
3059,catamaran,Leopard,48,508561.0,423599.0,496692.7613292189
3060,catamaran,Fountaine Pajot,SABA 50,601884.0,423599.0,606746.8066280077
3061,catamaran,Fountaine Pajot,SABA 50,589724.0,423599.0,606746.8066280077
3062,catamaran,Fountaine Pajot,SABA 50,589343.0,423599.0,606746.8066280077
3063,catamaran,Fountaine Pajot,SABA 50 Maestro,1055962.0,411258.0,661143.8919500808
3064,catamaran,Fountaine Pajot,SABA 50,910312.0,423599.0,706875.2617442904
3065,catamaran,Fountaine Pajot,SABA 50,843556.0,423599.0,722276.6660630214
3066,catamaran,Fountaine Pajot,SABA 50,765000.0,423599.0,771873.9888873991
3067,catamaran,Voyage Yachts,Voyage 480,617000.0,411258.0,558639.5022119457
3068,catamaran,Lagoon,52F,836660.0,423599.0,729557.7589382179
3069,catamaran,Lagoon,52F,776032.0,423599.0,686773.1750657792
3070,catamaran,Lagoon,52F,1100414.0,423599.0,729498.2189987947
3071,catamaran,Lagoon,52,1094334.0,423599.0,729498.2189987947
3072,catamaran,Lagoon,52,1093227.0,423599.0,729498.2189987947
3073,catamaran,Lagoon,52,1033538.0,423599.0,729498.2189987947
3074,catamaran,Lagoon,52,1033538.0,423599.0,729498.2189987947
3075,catamaran,Lagoon,52F,1033538.0,423599.0,729498.2189987947
3076,catamaran,Lagoon,52F,1032492.0,423599.0,729498.2189987947
3077,catamaran,Lagoon,52F,911945.0,423599.0,680927.8003393402
3078,catamaran,Lagoon,52F,911022.0,423599.0,680927.8003393402
3079,catamaran,Lagoon,52,838989.0,423599.0,865259.9592681386
3080,catamaran,Lagoon,52,838140.0,423599.0,865259.9592681386
3081,catamaran,Lagoon,52,949000.0,423599.0,1031042.4089166061
3082,catamaran,Privilege,Series 5,1200000.0,423599.0,1294909.0797658244
3083,catamaran,Privilege,Series 5,999000.0,423599.0,1294909.0797658244
3084,catamaran,Lagoon,380,210000.0,448838.5,340363.9248337161
3085,catamaran,Lagoon,380,149000.0,448838.5,341088.2391132853
3086,catamaran,Lagoon,39,335000.0,448838.5,398387.1133579063
3087,catamaran,Lagoon,39,399000.0,448838.5,392946.050554606
3088,catamaran,Lagoon,39,327591.0,448838.5,348796.70215378527
3089,catamaran,Lagoon,39,267331.0,448838.5,348796.70215378527
3090,catamaran,Lagoon,39,312493.0,448838.5,345693.1184596775
3091,catamaran,Leopard,40,365000.0,411258.0,283323.3679587758
3092,catamaran,Lagoon,400,340000.0,450000.0,299464.3880042262
3093,catamaran,Lagoon,400 S2,340000.0,411258.0,350543.02550651197
3094,catamaran,Leopard,40,329000.0,411258.0,292724.78685072693
3095,catamaran,Leopard,40,329000.0,411258.0,292724.78685072693
3096,catamaran,Leopard,40,319000.0,411258.0,292724.78685072693
3097,catamaran,Leopard,40,460769.0,411258.0,319128.71654232324
3098,catamaran,Lagoon,400,455156.0,450000.0,415536.117150143
3099,catamaran,Lagoon,400,454706.0,450000.0,415536.117150143
3100,catamaran,Lagoon,400 S2,400850.0,411258.0,392275.5828307459
3101,catamaran,Lagoon,400,400537.0,450000.0,388229.1391782815
3102,catamaran,Lagoon,400,364125.0,450000.0,357237.8961602737
3103,catamaran,Fountaine Pajot,Lucia 40,363765.0,448838.5,327497.89568352734
3104,catamaran,Lagoon,400,358056.0,450000.0,357237.8961602737
3105,catamaran,Lagoon,400 S2,327968.0,411258.0,361073.352317377
3106,catamaran,Lagoon,400,327712.0,450000.0,357237.8961602737
3107,catamaran,Lagoon,400 S2,326753.0,411258.0,328896.4469961548
3108,catamaran,Lagoon,400,326499.0,450000.0,331038.1460922816
3109,catamaran,Lagoon,400 S2,315821.0,411258.0,382162.19072627614
3110,catamaran,Lagoon,400,315575.0,450000.0,383180.9698352617
3111,catamaran,Lagoon,400,309506.0,450000.0,331038.1460922816
3112,catamaran,Lagoon,400,429000.0,450000.0,419840.9030683719
3113,catamaran,Fountaine Pajot,Lucia 40,395000.0,448838.5,441295.3684359871
3114,catamaran,Nautitech,40 Open,380000.0,423599.0,320576.5511701354
3115,catamaran,Nautitech,40 Open,475638.0,423599.0,344653.36885318375
3116,catamaran,Nautitech,40 Open,376262.0,423599.0,369237.4119914544
3117,catamaran,Nautitech,40 Open,345919.0,423599.0,344653.36885318375
3118,catamaran,Nautitech,40 Open,345919.0,423599.0,344653.36885318375
3119,catamaran,Nautitech,40,345919.0,423599.0,344653.36885318375
3120,catamaran,Bali,4.0,314361.0,448838.5,343637.72371985985
3121,catamaran,Bali,4.0,395204.0,448838.5,341655.17781149765
3122,catamaran,Bali,4.0,357702.0,448838.5,341655.17781149765
3123,catamaran,Bali,4.0,348995.0,448838.5,341655.17781149765
3124,catamaran,Chris White,MastFoil 40,295000.0,411258.0,405075.97618655494
3125,catamaran,Bali,4.0999999999999996,388650.0,450000.0,361055.42171405
3126,catamaran,Bali,4.0999999999999996,388400.0,450000.0,361055.42171405
3127,catamaran,Maine Cat,41,499900.0,448838.5,478449.74179193546
3128,catamaran,Bali,4.3,462052.0,425072.0,381308.18074844574
3129,catamaran,Lagoon,421,460370.0,448838.5,408310.1297683318
3130,catamaran,Lagoon,421,460011.0,448838.5,408310.1297683318
3131,catamaran,Lagoon,42,515334.0,411258.0,436488.64321001293
3132,catamaran,Lagoon,42,464500.0,411258.0,422469.9718820897
3133,catamaran,Leopard,44,389000.0,411258.0,332743.72155470465
3134,catamaran,Leopard,44,239999.0,411258.0,364494.61478171806
3135,catamaran,Lagoon,42,515844.0,411258.0,477571.866734502
3136,catamaran,Lagoon,42,515844.0,411258.0,477571.866734502
3137,catamaran,Lagoon,42,473362.0,411258.0,477571.866734502
3138,catamaran,Lagoon,42,461585.0,411258.0,511181.74906509207
3139,catamaran,Lagoon,42,460769.0,411258.0,511181.74906509207
3140,catamaran,Bali,4.3,415000.0,425072.0,397089.4350215434
3141,catamaran,Bali,4.3,485155.0,425072.0,461911.4995480666
3142,catamaran,Bali,4.3,480291.0,425072.0,406857.27952203725
3143,catamaran,Fountaine Pajot,Helia 44,582000.0,411258.0,456059.65204863774
3144,catamaran,Fountaine Pajot,Helia 44 Evolution,582000.0,450000.0,467251.7642513457
3145,catamaran,Fountaine Pajot,Helia 44,625569.0,411258.0,548409.7364157614
3146,catamaran,Fountaine Pajot,Helia 44,595804.0,411258.0,539554.8358652329
3147,catamaran,Fountaine Pajot,Helia 44,589000.0,411258.0,588382.3858440011
3148,catamaran,Fountaine Pajot,Helia 44,399000.0,411258.0,536686.1534796589
3149,catamaran,Fountaine Pajot,Helia 44,399000.0,411258.0,536686.1534796589
3150,catamaran,Bali,4.5,363154.0,423599.0,537839.2968487083
3151,catamaran,Nautitech,46 Fly,519000.0,448838.5,428250.5217375308
3152,catamaran,Lagoon,450,650000.0,448838.5,619091.3227032344
3153,catamaran,Lagoon,450,495000.0,448838.5,550702.9220378409
3154,catamaran,Lagoon,450F,546187.0,411258.0,589985.6296991429
3155,catamaran,Lagoon,450F,521912.0,411258.0,589985.6296991429
3156,catamaran,Lagoon,450F,516769.0,411258.0,557428.480116521
3157,catamaran,Lagoon,450,510689.0,448838.5,597378.1508895007
3158,catamaran,Lagoon,450F,510689.0,411258.0,557428.480116521
3159,catamaran,Lagoon,450F,509271.0,411258.0,557428.480116521
3160,catamaran,Lagoon,450,498152.0,448838.5,551762.5099929831
3161,catamaran,Lagoon,450F,497146.0,411258.0,557428.480116521
3162,catamaran,Lagoon,450F,474211.0,411258.0,589985.6296991429
3163,catamaran,Lagoon,450F,472895.0,411258.0,557428.480116521
3164,catamaran,Lagoon,45F,472895.0,423599.0,528362.8618359119
3165,catamaran,Leopard,48,465000.0,423599.0,466067.9277962031
3166,catamaran,Leopard,48 Crewed Version,465000.0,423599.0,466067.9277962031
3167,catamaran,Leopard,48,459000.0,423599.0,466067.9277962031
3168,catamaran,Leopard,48,339999.0,423599.0,527760.8681635447
3169,catamaran,Fountaine Pajot,SABA 50,735636.0,423599.0,647838.8000995574
3170,catamaran,Fountaine Pajot,SABA 50,667544.0,423599.0,607920.5630491026
3171,catamaran,Fountaine Pajot,SABA 50,601884.0,423599.0,645792.78820563
3172,catamaran,Fountaine Pajot,SABA 50,595804.0,423599.0,645792.78820563
3173,catamaran,Fountaine Pajot,SABA 50,595000.0,423599.0,572109.2739577907
3174,catamaran,Fountaine Pajot,SABA 50 Maestro,922450.0,411258.0,756655.5020298087
3175,catamaran,Fountaine Pajot,SABA 50,825350.0,423599.0,651264.2855850289
3176,catamaran,Lagoon,52,836660.0,423599.0,776506.9946064294
3177,catamaran,Lagoon,52F,690000.0,423599.0,778967.1375124797
3178,catamaran,Lagoon,52,627812.0,423599.0,789797.7775775576
3179,catamaran,Lagoon,52,924104.0,423599.0,925385.4263622541
3180,catamaran,Lagoon,52,923169.0,423599.0,925385.4263622541
3181,catamaran,Lagoon,52,843556.0,423599.0,925385.4263622541
3182,catamaran,Lagoon,52,840000.0,423599.0,925385.4263622541
3183,catamaran,Dix Harvey,DH550,845069.0,450000.0,1085475.273199852
3184,catamaran,Dix Harvey,DH550,845069.0,450000.0,1085475.273199852
3185,catamaran,Dix Harvey,DH550,845069.0,450000.0,1060139.444561948
3186,catamaran,Lagoon,39,358335.0,448838.5,370929.41211761633
3187,catamaran,Lagoon,39,357702.0,448838.5,370929.41211761633
3188,catamaran,Lagoon,39,333781.0,448838.5,349132.9409872768
3189,catamaran,Lagoon,39,297369.0,448838.5,401595.1107736
3190,catamaran,Lagoon,40,382331.0,450000.0,433166.2255073773
3191,catamaran,Leopard,40,209999.0,411258.0,310884.59882734955
3192,catamaran,Lagoon,400,511198.0,450000.0,442782.6061888254
3193,catamaran,Fountaine Pajot,Lucia 40,497637.0,448838.5,437759.12988556246
3194,catamaran,Fountaine Pajot,Lucia 40,473732.0,448838.5,373344.2741582939
3195,catamaran,Fountaine Pajot,Lucia 40,473362.0,448838.5,373344.2741582939
3196,catamaran,Lagoon,400,455156.0,450000.0,383353.2735357997
3197,catamaran,Lagoon,400 S2,388703.0,411258.0,387110.6629320048
3198,catamaran,Lagoon,400,388400.0,450000.0,383353.2735357997
3199,catamaran,Fountaine Pajot,Lucia 40,363765.0,448838.5,351405.9014449736
3200,catamaran,Fountaine Pajot,Lucia 40,363765.0,448838.5,351405.9014449736
3201,catamaran,Lagoon,400,362911.0,450000.0,355238.2273373459
3202,catamaran,Fountaine Pajot,Lucia 40 Owner's Version,495000.0,450000.0,442644.3381283056
3203,catamaran,Seawind,1190 Sport,400000.0,448838.5,478350.99074470473
3204,catamaran,Seawind,1190 Sport,400000.0,448838.5,478350.99074470473
3205,catamaran,Nautitech,40 Open,479431.0,423599.0,469630.8473172706
3206,catamaran,Nautitech,40 Open,398000.0,423599.0,549772.106685284
3207,catamaran,Bali,4.3,452325.0,425072.0,408720.735496151
3208,catamaran,Lagoon,42,558110.0,411258.0,458404.95544904424
3209,catamaran,Lagoon,42,557470.0,411258.0,458404.95544904424
3210,catamaran,Lagoon,42,522848.0,411258.0,458404.95544904424
3211,catamaran,Lagoon,42,522510.0,411258.0,458404.95544904424
3212,catamaran,Lagoon,42,547167.0,411258.0,548043.505535112
3213,catamaran,Lagoon,42 Owners Version,546613.0,450000.0,552084.8554498357
3214,catamaran,Lagoon,42,546613.0,411258.0,548043.505535112
3215,catamaran,Lagoon,42 Owners Version,545648.0,450000.0,552084.8554498357
3216,catamaran,Lagoon,42,545648.0,411258.0,525559.6194488971
3217,catamaran,Lagoon,42,544184.0,411258.0,525559.6194488971
3218,catamaran,Lagoon,42,543760.0,411258.0,525559.6194488971
3219,catamaran,Lagoon,42,534050.0,411258.0,483755.762384364
3220,catamaran,Lagoon,42,534050.0,411258.0,562090.2505860189
3221,catamaran,Lagoon,42,516246.0,411258.0,440646.0638565276
3222,catamaran,Lagoon,42,515844.0,411258.0,440646.0638565276
3223,catamaran,Lagoon,42,510689.0,411258.0,483755.762384364
3224,catamaran,Lagoon,42,510172.0,411258.0,483755.762384364
3225,catamaran,Lagoon,42,509775.0,411258.0,483755.762384364
3226,catamaran,Lagoon,42,480291.0,411258.0,483755.762384364
3227,catamaran,Lagoon,42,479805.0,411258.0,483755.762384364
3228,catamaran,Lagoon,42,479431.0,411258.0,483755.762384364
3229,catamaran,Lagoon,42,479431.0,411258.0,483755.762384364
3230,catamaran,Lagoon,42,473732.0,411258.0,440646.0638565276
3231,catamaran,Lagoon,42,473362.0,411258.0,440646.0638565276
3232,catamaran,Lagoon,42,472895.0,411258.0,483755.762384364
3233,catamaran,Lagoon,42,461225.0,411258.0,440646.0638565276
3234,catamaran,Lagoon,42,459620.0,411258.0,440646.0638565276
3235,catamaran,Lagoon,42,459155.0,411258.0,440646.0638565276
3236,catamaran,Lagoon,42,458344.0,411258.0,440646.0638565276
3237,catamaran,Lagoon,42,458344.0,411258.0,483755.762384364
3238,catamaran,Lagoon,42,425144.0,411258.0,547648.7936861068
3239,catamaran,Lagoon,42,423599.0,411258.0,483755.762384364
3240,catamaran,Lagoon,42,413415.0,411258.0,483755.762384364
3241,catamaran,Lagoon,42,398420.0,411258.0,483755.762384364
3242,catamaran,Lagoon,42,398110.0,411258.0,483755.762384364
3243,catamaran,Lagoon,42,394776.0,411258.0,483755.762384364
3244,catamaran,Lagoon,42,394469.0,411258.0,483755.762384364
3245,catamaran,Lagoon,42,394079.0,411258.0,483755.762384364
3246,catamaran,Lagoon,42,389097.0,411258.0,483755.762384364
3247,catamaran,Lagoon,42,381953.0,411258.0,483755.762384364
3248,catamaran,Lagoon,42,545000.0,411258.0,585532.4517650313
3249,catamaran,Lagoon,42,545000.0,411258.0,585532.4517650313
3250,catamaran,Bali,4.3,449087.0,425072.0,436106.5797272119
3251,catamaran,Fountaine Pajot,Helia 44,540000.0,411258.0,442160.67467831896
3252,catamaran,Fountaine Pajot,Helia 44,529000.0,411258.0,442160.67467831896
3253,catamaran,Fountaine Pajot,Helia 44,450000.0,411258.0,576137.3655392084
3254,catamaran,Bali,4.5,601884.0,423599.0,538238.8022071978
3255,catamaran,Bali,4.5,601275.0,423599.0,538238.8022071978
3256,catamaran,Bali,4.5,426790.0,423599.0,496843.3799585534
3257,catamaran,Bali,4.5,350908.0,423599.0,496843.3799585534
3258,catamaran,Nautitech,46 open,589343.0,411258.0,529611.5348422471
3259,catamaran,Nautitech,46 Open,589151.0,450000.0,535905.5167422976
3260,catamaran,Nautitech,46 Open,588669.0,450000.0,535905.5167422976
3261,catamaran,Nautitech,46 Open,588087.0,450000.0,535905.5167422976
3262,catamaran,Nautitech,46 Fly,519000.0,448838.5,457799.6498663042
3263,catamaran,Nautitech,46 Fly,662010.0,448838.5,535720.7500848946
3264,catamaran,Nautitech,46 Fly,661494.0,448838.5,535720.7500848946
3265,catamaran,Nautitech,46 Open,607348.0,450000.0,549724.6967966788
3266,catamaran,Nautitech,46 Open,606875.0,450000.0,549724.6967966788
3267,catamaran,Nautitech,46 Open,594737.0,450000.0,549724.6967966788
3268,catamaran,Nautitech,46 Fly,525317.0,448838.5,504240.84722012246
3269,catamaran,Nautitech,46 Fly,523822.0,448838.5,504240.84722012246
3270,catamaran,Leopard,45,449000.0,411258.0,515038.027888652
3271,catamaran,Leopard,45,449000.0,411258.0,515038.027888652
3272,catamaran,Lagoon,450F,680000.0,411258.0,570748.8768024241
3273,catamaran,Lagoon,450F,599000.0,411258.0,570748.8768024241
3274,catamaran,Lagoon,450,529000.0,448838.5,505219.4013043104
3275,catamaran,Lagoon,450F,791947.0,411258.0,544368.0073461505
3276,catamaran,Lagoon,450F,785793.0,411258.0,544368.0073461505
3277,catamaran,Lagoon,450S,600000.0,425072.0,672674.5830353298
3278,catamaran,Lagoon,450S,600000.0,425072.0,672674.5830353298
3279,catamaran,Lagoon,450,582600.0,448838.5,693262.339078321
3280,catamaran,Lagoon,450S,582024.0,425072.0,692188.7385896108
3281,catamaran,Lagoon,450S,582024.0,425072.0,670821.3527986142
3282,catamaran,Lagoon,450F,571486.0,411258.0,544368.0073461505
3283,catamaran,Lagoon,450F,570830.0,411258.0,544368.0073461505
3284,catamaran,Lagoon,450F,569899.0,411258.0,544368.0073461505
3285,catamaran,Lagoon,450F,569899.0,411258.0,544368.0073461505
3286,catamaran,Lagoon,450F,541087.0,411258.0,544368.0073461505
3287,catamaran,Lagoon,450F,540677.0,411258.0,544368.0073461505
3288,catamaran,Lagoon,450F,509775.0,411258.0,632530.0019161797
3289,catamaran,Lagoon,450,484664.0,448838.5,557252.8278801747
3290,catamaran,Lagoon,450,483808.0,448838.5,557252.8278801747
3291,catamaran,Bali,4.6,314051.0,423599.0,663943.4363918873
3292,catamaran,Leopard,48,379999.0,423599.0,563216.5065301808
3293,catamaran,Leopard,48,195000.0,423599.0,497378.9568987036
3294,catamaran,Leopard,48,479999.0,423599.0,642878.797254937
3295,catamaran,Leopard,48,479999.0,423599.0,642878.797254937
3296,catamaran,Fountaine Pajot,SABA 50,1039617.0,423599.0,712947.9844185029
3297,catamaran,Lagoon,52F,1100000.0,423599.0,857255.0000593158
3298,catamaran,Lagoon,52,995000.0,423599.0,857255.0000593158
3299,catamaran,Lagoon,52,1155130.0,423599.0,944203.2865035337
3300,catamaran,Lagoon,52F,547167.0,423599.0,1052631.4768210931
3301,catamaran,Lagoon,52F,480291.0,423599.0,780918.4088019497
3302,catamaran,Lagoon,52F,479805.0,423599.0,780918.4088019497
3303,catamaran,Lagoon,52,1045000.0,423599.0,1082873.528773203
3304,catamaran,Privilege,Series 5,1094334.0,423599.0,1053178.7801513728
3305,catamaran,Lagoon,380,330000.0,448838.5,389996.82016437466
3306,catamaran,Lagoon,40,498530.0,450000.0,465956.92053261347
3307,catamaran,Lagoon,40,498026.0,450000.0,465956.92053261347
3308,catamaran,Lagoon,40,451515.0,450000.0,465512.6946290468
3309,catamaran,Lagoon,40,431654.0,450000.0,370852.1426953152
3310,catamaran,Lagoon,40,431217.0,450000.0,370852.1426953152
3311,catamaran,Lagoon,40,411782.0,450000.0,465956.92053261347
3312,catamaran,Lagoon,40,411055.0,450000.0,465956.92053261347
3313,catamaran,Lagoon,40,385427.0,450000.0,465956.92053261347
3314,catamaran,Leopard,40,489000.0,411258.0,331064.8043360058
3315,catamaran,Fountaine Pajot,Lucia 40,457738.0,448838.5,464855.3075059887
3316,catamaran,Fountaine Pajot,Lucia 40,449087.0,448838.5,464855.3075059887
3317,catamaran,Fountaine Pajot,Lucia 40,398929.0,448838.5,401811.05937154056
3318,catamaran,Lagoon,400,364359.0,450000.0,442320.19149861735
3319,catamaran,Lagoon,400,363765.0,450000.0,442320.19149861735
3320,catamaran,Nautitech,40 Open,455529.0,423599.0,413213.8129762851
3321,catamaran,Nautitech,40 Open,454706.0,423599.0,413213.8129762851
3322,catamaran,Nautitech,40 Open,449438.0,423599.0,504937.53921684483
3323,catamaran,Nautitech,40 Open,449087.0,423599.0,480454.1677014382
3324,catamaran,Nautitech,40 Open,449087.0,423599.0,504937.53921684483
3325,catamaran,Nautitech,40,443019.0,423599.0,504937.53921684483
3326,catamaran,Bali,4.0,316163.0,448838.5,427167.3792636798
3327,catamaran,Bali,4.0,449000.0,448838.5,470270.5761064617
3328,catamaran,Bali,4.0999999999999996,497958.0,450000.0,447046.9258460824
3329,catamaran,Bali,4.0999999999999996,497146.0,450000.0,447046.9258460824
3330,catamaran,Bali,4.0999999999999996,424393.0,450000.0,485257.4318085913
3331,catamaran,Bali,4.0999999999999996,406606.0,450000.0,416779.83993524587
3332,catamaran,Bali,4.0999999999999996,387664.0,450000.0,386213.2965840264
3333,catamaran,Seawind,1260,595000.0,450000.0,518690.3527739648
3334,catamaran,Seawind,1260,595000.0,450000.0,518690.3527739648
3335,catamaran,Lagoon,42,522848.0,411258.0,488161.0329197251
3336,catamaran,Lagoon,42,522248.0,411258.0,488161.0329197251
3337,catamaran,Lagoon,42,485155.0,411258.0,488161.0329197251
3338,catamaran,Lagoon,42 Owners Version,484286.0,450000.0,482620.57522205595
3339,catamaran,Lagoon,42,557060.0,411258.0,589153.9961316218
3340,catamaran,Lagoon,42,556076.0,411258.0,589153.9961316218
3341,catamaran,Lagoon,42,540119.0,411258.0,520043.8244080014
3342,catamaran,Lagoon,42,516246.0,411258.0,473700.32995329506
3343,catamaran,Lagoon,42,515844.0,411258.0,473700.32995329506
3344,catamaran,Lagoon,42,515334.0,411258.0,473700.32995329506
3345,catamaran,Lagoon,42,509775.0,411258.0,520043.8244080014
3346,catamaran,Lagoon,42,480291.0,411258.0,520043.8244080014
3347,catamaran,Lagoon,42,479431.0,411258.0,520043.8244080014
3348,catamaran,Lagoon,42,460836.0,411258.0,604254.4323119638
3349,catamaran,Lagoon,42,460370.0,411258.0,604254.4323119638
3350,catamaran,Lagoon,42,449087.0,411258.0,520043.8244080014
3351,catamaran,Bali,4.3,547167.0,425072.0,498225.424534691
3352,catamaran,Bali,4.3,546613.0,425072.0,498225.424534691
3353,catamaran,Bali,4.3 LOFT,549000.0,411258.0,595183.9670758443
3354,catamaran,Antares,44GS,910000.0,450000.0,697307.1246953713
3355,catamaran,Nautitech,46 Open,775274.0,450000.0,547970.2062931731
3356,catamaran,Nautitech,46 Fly,656646.0,448838.5,576568.4303160374
3357,catamaran,Nautitech,46 Open,613367.0,450000.0,688496.7901554296
3358,catamaran,Nautitech,46 Open,547205.0,450000.0,687840.4030620478
3359,catamaran,Nautitech,46 Open,535045.0,450000.0,591338.8712614255
3360,catamaran,Fountaine Pajot,Saona 47,789553.0,425072.0,675319.2619532362
3361,catamaran,Fountaine Pajot,Saona 47,788158.0,425072.0,675319.2619532362
3362,catamaran,Fountaine Pajot,Saona 47,778247.0,425072.0,611570.7384683278
3363,catamaran,Fountaine Pajot,Saona 47,778247.0,425072.0,611570.7384683278
3364,catamaran,Fountaine Pajot,Saona 47,778247.0,425072.0,611570.7384683278
3365,catamaran,Fountaine Pajot,Saona 47,777300.0,425072.0,611570.7384683278
3366,catamaran,Fountaine Pajot,Saona 47,828000.0,425072.0,723044.0929896698
3367,catamaran,Fountaine Pajot,Saona 47,828000.0,425072.0,723044.0929896698
3368,catamaran,Lagoon,450F,619012.0,411258.0,607797.4461788187
3369,catamaran,Lagoon,450F,575000.0,411258.0,599594.2726186571
3370,catamaran,Lagoon,450,549000.0,448838.5,541713.2138693613
3371,catamaran,Lagoon,450S,545000.0,425072.0,613623.815729125
3372,catamaran,Lagoon,450F,601275.0,411258.0,642454.8944066584
3373,catamaran,Lagoon,450,601193.0,448838.5,637184.3733631256
3374,catamaran,Lagoon,450,600212.0,448838.5,637184.3733631256
3375,catamaran,Lagoon,450,600212.0,448838.5,637184.3733631256
3376,catamaran,Lagoon,450F,577127.0,411258.0,585202.7871054572
3377,catamaran,Lagoon,450F,575961.0,411258.0,585202.7871054572
3378,catamaran,Lagoon,450F,546539.0,411258.0,585202.7871054572
3379,catamaran,Lagoon,450F,545648.0,411258.0,585202.7871054572
3380,catamaran,Lagoon,450F,535008.0,411258.0,679978.0939620755
3381,catamaran,Lagoon,450F,522319.0,411258.0,679978.0939620755
3382,catamaran,Lagoon,450F,521397.0,411258.0,679978.0939620755
3383,catamaran,Lagoon,450,516176.0,448838.5,637184.3733631256
3384,catamaran,Lagoon,450,515334.0,448838.5,637184.3733631256
3385,catamaran,Lagoon,450S,649900.0,425072.0,750822.8137804458
3386,catamaran,Lagoon,450S,649900.0,425072.0,750822.8137804458
3387,catamaran,Lagoon,50,874616.0,450000.0,772107.8123377685
3388,catamaran,Lagoon,50,873900.0,450000.0,772107.8123377685
3389,catamaran,Lagoon,50,788937.0,450000.0,719832.6435862402
3390,catamaran,Chris White,Atlantic 49MF,990000.0,450000.0,843865.9781565575
3391,catamaran,Fountaine Pajot,SABA 50,934587.0,423599.0,700880.0243022393
3392,catamaran,Fountaine Pajot,SABA 50,934587.0,423599.0,700880.0243022393
3393,catamaran,Fountaine Pajot,SABA 50,910312.0,423599.0,813434.0512955241
3394,catamaran,Fountaine Pajot,SABA 50,910312.0,423599.0,813434.0512955241
3395,catamaran,Lagoon,52 Sport,1273178.0,448838.5,1041310.9735244248
3396,catamaran,Lagoon,52F,1260030.0,423599.0,917277.4419546821
3397,catamaran,Lagoon,52 Sport,1075000.0,448838.5,1041310.9735244248
3398,catamaran,HH Catamarans,HH55 Catamaran,2890000.0,411258.0,1311356.0883097423
3399,catamaran,Lagoon,380,302570.0,448838.5,419577.0753824921
3400,catamaran,Lagoon,380,302224.0,448838.5,419577.0753824921
3401,catamaran,Lagoon,380,301925.0,448838.5,419577.0753824921
3402,catamaran,Lagoon,40,474302.0,450000.0,498439.3908840897
3403,catamaran,Lagoon,40,474278.0,450000.0,498439.3908840897
3404,catamaran,Lagoon,40,468132.0,450000.0,399890.8791310129
3405,catamaran,Lagoon,40,467658.0,450000.0,399890.8791310129
3406,catamaran,Lagoon,40,460836.0,450000.0,501963.6110200311
3407,catamaran,Lagoon,40,455973.0,450000.0,501963.6110200311
3408,catamaran,Lagoon,40,419070.0,450000.0,399890.8791310129
3409,catamaran,Lagoon,40,418744.0,450000.0,399890.8791310129
3410,catamaran,Lagoon,400,486056.0,450000.0,365559.36484222725
3411,catamaran,Lagoon,400,485500.0,450000.0,365559.36484222725
3412,catamaran,Fountaine Pajot,Lucia 40,455511.0,448838.5,508594.721318326
3413,catamaran,Fountaine Pajot,Astrea 42,697906.0,411258.0,562676.4357595005
3414,catamaran,Bali,4.0999999999999996,510103.0,450000.0,482051.9220682536
3415,catamaran,Bali,4.0999999999999996,509271.0,450000.0,482051.9220682536
3416,catamaran,Bali,4.0999999999999996,484598.0,450000.0,522755.5638974538
3417,catamaran,Bali,4.0999999999999996,483808.0,450000.0,522755.5638974538
3418,catamaran,Bali,4.0999999999999996,480324.0,450000.0,416454.85335637035
3419,catamaran,Bali,4.0999999999999996,462084.0,450000.0,416454.85335637035
3420,catamaran,Bali,4.0999999999999996,461585.0,450000.0,416454.85335637035
3421,catamaran,Bali,4.0999999999999996,409066.0,450000.0,416454.85335637035
3422,catamaran,Bali,4.0999999999999996,304103.0,450000.0,449414.8406005522
3423,catamaran,Fountaine Pajot,Astrea 42,671824.0,411258.0,593648.0860184086
3424,catamaran,Fountaine Pajot,Astrea 42,499000.0,411258.0,567831.1606312847
3425,catamaran,Lagoon,42,705237.0,411258.0,527125.9112870548
3426,catamaran,Lagoon,42,499000.0,411258.0,527125.9112870548
3427,catamaran,Lagoon,42,486371.0,411258.0,521255.93260351627
3428,catamaran,Lagoon,42,480291.0,411258.0,521255.93260351627
3429,catamaran,Lagoon,42,479740.0,411258.0,521255.93260351627
3430,catamaran,Lagoon,42,709128.0,411258.0,651339.9748712785
3431,catamaran,Lagoon,42,594737.0,411258.0,635062.8617938984
3432,catamaran,Lagoon,42,594737.0,411258.0,593307.8732864697
3433,catamaran,Lagoon,42,557773.0,411258.0,635062.8617938984
3434,catamaran,Lagoon,42,486371.0,411258.0,593307.8732864697
3435,catamaran,Lagoon,42,486371.0,411258.0,560567.3924903771
3436,catamaran,Lagoon,42,485879.0,411258.0,560567.3924903771
3437,catamaran,Lagoon,42,485500.0,411258.0,593307.8732864697
3438,catamaran,Lagoon,42,485020.0,411258.0,560567.3924903771
3439,catamaran,Lagoon,42,483565.0,411258.0,510612.65670452354
3440,catamaran,Lagoon,42,478957.0,411258.0,560567.3924903771
3441,catamaran,Lagoon,42,461585.0,411258.0,560567.3924903771
3442,catamaran,Lagoon,42,460769.0,411258.0,560567.3924903771
3443,catamaran,Lagoon,42,443364.0,411258.0,560567.3924903771
3444,catamaran,Lagoon,42,443019.0,411258.0,560567.3924903771
3445,catamaran,Lagoon,42,359017.0,411258.0,510612.65670452354
3446,catamaran,Lagoon,42,589000.0,411258.0,669434.9498556032
3447,catamaran,Lagoon,42,589000.0,411258.0,669434.9498556032
3448,catamaran,Bali,4.3,522319.0,425072.0,504995.73391166487
3449,catamaran,Bali,4.3,521912.0,425072.0,504995.73391166487
3450,catamaran,Bali,4.5,583645.0,423599.0,537540.1672825203
3451,catamaran,Bali,4.5,583054.0,423599.0,537540.1672825203
3452,catamaran,Bali,4.5,558597.0,423599.0,537540.1672825203
3453,catamaran,Outremer,45,873367.0,411258.0,706235.9683442162
3454,catamaran,Outremer,45,872686.0,411258.0,706235.9683442162
3455,catamaran,Nautitech,46 Fly,753112.0,448838.5,622407.911092793
3456,catamaran,Nautitech,46 Fly,752525.0,448838.5,622407.911092793
3457,catamaran,Leopard,45,689000.0,411258.0,626591.802208085
3458,catamaran,Leopard,45,689000.0,411258.0,626591.802208085
3459,catamaran,Fountaine Pajot,Saona 47,760007.0,425072.0,700505.0477269433
3460,catamaran,Fountaine Pajot,Saona 47,874000.0,425072.0,780029.2202615128
3461,catamaran,Fountaine Pajot,Saona 47,874000.0,425072.0,780029.2202615128
3462,catamaran,Lagoon,450,702976.0,448838.5,582600.285167568
3463,catamaran,Lagoon,450,699635.0,448838.5,582600.285167568
3464,catamaran,Lagoon,450,668327.0,448838.5,582600.285167568
3465,catamaran,Lagoon,450,666903.0,448838.5,582600.285167568
3466,catamaran,Lagoon,450,665000.0,448838.5,582600.285167568
3467,catamaran,Lagoon,450,599000.0,448838.5,763172.9088251776
3468,catamaran,Lagoon,450,590000.0,448838.5,582600.285167568
3469,catamaran,Lagoon,450F,551710.0,411258.0,641775.9209962542
3470,catamaran,Lagoon,450F,544435.0,411258.0,641775.9209962542
3471,catamaran,Lagoon,450,544435.0,448838.5,677426.8207954462
3472,catamaran,Lagoon,450,666903.0,448838.5,766515.8834512512
3473,catamaran,Lagoon,450F,641439.0,411258.0,752361.1621588708
3474,catamaran,Lagoon,450F,616475.0,411258.0,630803.7612392423
3475,catamaran,Lagoon,450F,615851.0,411258.0,630803.7612392446
3476,catamaran,Lagoon,450F,595120.0,411258.0,804656.3292144059
3477,catamaran,Lagoon,450,594150.0,448838.5,806519.8835140961
3478,catamaran,Lagoon,450S,594150.0,425072.0,776786.9991598162
3479,catamaran,Lagoon,46,716932.0,423599.0,647542.1299402274
3480,catamaran,Lagoon,46,715405.0,423599.0,647542.1299402274
3481,catamaran,Lagoon,50F,1082175.0,425072.0,697425.9360367346
3482,catamaran,Lagoon,50F,875796.0,425072.0,729843.8490790569
3483,catamaran,Lagoon,50F,875114.0,425072.0,729843.8490790569
3484,catamaran,Lagoon,50,849625.0,450000.0,776197.507121858
3485,catamaran,Lagoon,50,789584.0,450000.0,776197.507121858
3486,catamaran,Lagoon,50,788937.0,450000.0,776197.507121858
3487,catamaran,Lagoon,50,788937.0,450000.0,776197.507121858
3488,catamaran,Bali,5.4,1246325.0,448838.5,1140376.1604889776
3489,catamaran,Bali,5.4,811143.0,448838.5,1234654.0218545068
3490,catamaran,Privilege,Series 5,1495000.0,423599.0,1732092.8632281413
