hull,length,year,region,actual_price,cv_predicted_price
catamaran,38.0,2005,Caribbean,200071.0,173541.84
catamaran,38.0,2005,Caribbean,204921.0,173541.84
catamaran,38.0,2005,USA,219000.0,244058.43
catamaran,39.5,2005,Europe,188131.0,208343.24
catamaran,39.5,2005,Europe,188252.0,208343.24
catamaran,39.0,2005,Caribbean,200000.0,184623.58
catamaran,40.5,2005,Caribbean,225000.0,202587.01
catamaran,40.5,2005,USA,235000.0,284905.76
catamaran,40.5,2005,Europe,231042.0,221647.26
catamaran,40.5,2005,Europe,303395.0,221647.26
catamaran,42.0,2005,Caribbean,330000.0,222298.25
catamaran,42.0,2005,USA,249900.0,312626.41
catamaran,42.0,2005,USA,249900.0,312626.41
catamaran,42.0,2005,USA,269500.0,312626.41
catamaran,44.0,2005,Caribbean,230000.0,251594.98
catamaran,44.6,2005,USA,320000.0,367215.8
catamaran,44.6,2005,USA,320000.0,367215.8
catamaran,44.6,2005,Caribbean,349560.0,261114.95
catamaran,44.6,2005,Caribbean,349833.0,261114.95
catamaran,44.6,2005,USA,379000.0,367215.8
catamaran,47.0,2005,Caribbean,235000.0,302935.97
catamaran,47.0,2005,Caribbean,266761.0,302935.97
catamaran,46.0,2005,USA,229000.0,400458.49
catamaran,46.0,2005,Caribbean,254636.0,284752.72
catamaran,46.0,2005,Caribbean,255179.0,284752.72
catamaran,39.0,2005,Caribbean,210000.0,184623.58
catamaran,38.7,2006,Europe,219766.0,208881.42
catamaran,38.7,2006,Europe,219923.0,208881.42
catamaran,38.7,2006,Europe,220475.0,208881.42
catamaran,38.7,2006,Europe,220542.0,208881.42
catamaran,38.7,2006,Europe,223109.0,208881.42
catamaran,39.5,2006,Europe,191772.0,219485.67
catamaran,39.5,2006,Europe,192796.0,219485.67
catamaran,39.5,2006,Europe,206337.0,219485.67
catamaran,39.5,2006,Europe,206551.0,219485.67
catamaran,39.5,2006,Europe,206722.0,219485.67
catamaran,39.0,2006,USA,215500.0,273529.11
catamaran,39.5,2006,Europe,217047.0,219485.67
catamaran,39.5,2006,Europe,217401.0,219485.67
catamaran,39.0,2006,USA,239000.0,273529.11
catamaran,40.0,2006,USA,199990.0,290995.66
catamaran,41.6,2006,USA,349000.0,321291.51
catamaran,40.6,2006,Europe,302787.0,234951.07
catamaran,42.0,2006,USA,269900.0,329346.03
catamaran,41.0,2006,Europe,358698.0,240841.11
catamaran,42.5,2006,Europe,206708.0,264274.38
catamaran,43.6,2006,Europe,267617.0,282895.68
catamaran,43.0,2006,Caribbean,315000.0,249141.33
catamaran,43.0,2006,Caribbean,344705.0,249141.33
catamaran,43.0,2006,Caribbean,344705.0,249141.33
catamaran,43.0,2006,Caribbean,345100.0,249141.33
catamaran,44.6,2006,Europe,267025.0,300960.35
catamaran,44.6,2006,Europe,267025.0,300960.35
catamaran,44.6,2006,Europe,267301.0,300960.35
catamaran,44.6,2006,Europe,303437.0,300960.35
catamaran,44.6,2006,Europe,303751.0,300960.35
catamaran,44.6,2006,Europe,309506.0,300960.35
catamaran,44.6,2006,Europe,309826.0,300960.35
catamaran,44.6,2006,Europe,321644.0,300960.35
catamaran,44.6,2006,Europe,321976.0,300960.35
catamaran,44.6,2006,Europe,325285.0,300960.35
catamaran,44.6,2006,USA,349000.0,386854.93
catamaran,47.0,2006,Caribbean,257061.0,319137.34
catamaran,47.0,2006,Europe,497637.0,349163.13
catamaran,47.0,2006,Europe,498026.0,349163.13
catamaran,47.0,2006,Caribbean,516769.0,319137.34
catamaran,48.0,2006,Caribbean,449000.0,339516.26
catamaran,48.0,2006,Caribbean,450000.0,339516.26
catamaran,51.0,2006,Europe,418330.0,447260.17
catamaran,51.0,2006,Europe,423599.0,447260.17
catamaran,51.0,2006,Europe,423929.0,447260.17
catamaran,51.0,2006,Europe,461225.0,447260.17
catamaran,51.0,2006,Europe,461585.0,447260.17
catamaran,51.0,2006,Europe,515334.0,447260.17
catamaran,51.0,2006,Europe,515334.0,447260.17
catamaran,38.0,2006,Europe,133138.0,200023.83
catamaran,38.0,2006,Europe,140188.0,200023.83
catamaran,38.0,2006,Europe,146719.0,200023.83
catamaran,38.0,2006,Europe,146864.0,200023.83
catamaran,38.0,2006,Europe,163694.0,200023.83
catamaran,46.0,2006,Europe,242510.0,328205.17
catamaran,46.0,2006,Caribbean,345577.0,299981.63
catamaran,46.0,2006,Caribbean,346315.0,299981.63
catamaran,42.65,2006,USA,275000.0,342867.53
catamaran,39.0,2006,Europe,188482.0,212796.61
catamaran,39.0,2006,Europe,200642.0,212796.61
catamaran,39.0,2006,USA,219000.0,273529.11
catamaran,46.0,2006,Europe,242939.0,328205.17
catamaran,38.0,2007,USA,226900.0,270861.55
catamaran,38.7,2007,Europe,200493.0,220052.64
catamaran,38.7,2007,Europe,202496.0,220052.64
catamaran,41.0,2007,Europe,314925.0,253721.57
catamaran,49.0,2007,USA,435000.0,535130.77
catamaran,44.0,2007,Caribbean,220000.0,279225.77
catamaran,44.6,2007,USA,294000.0,407544.37
catamaran,44.6,2007,Europe,297369.0,317056.05
catamaran,44.6,2007,Europe,297676.0,317056.05
catamaran,44.6,2007,Europe,309506.0,317056.05
catamaran,44.6,2007,Caribbean,310000.0,289791.26
catamaran,44.6,2007,USA,310000.0,407544.37
catamaran,44.6,2007,Europe,339729.0,317056.05
catamaran,44.6,2007,USA,349000.0,407544.37
catamaran,44.6,2007,Caribbean,376262.0,289791.26
catamaran,44.6,2007,Caribbean,376556.0,289791.26
catamaran,44.6,2007,Europe,394469.0,317056.05
catamaran,44.6,2007,Europe,394877.0,317056.05
catamaran,47.0,2007,Europe,394469.0,367836.78
catamaran,47.0,2007,USA,429900.0,472818.0
catamaran,50.0,2007,Europe,703279.0,442898.32
catamaran,51.0,2007,Europe,497146.0,471180.16
catamaran,51.0,2007,Europe,594150.0,471180.16
catamaran,56.0,2007,Europe,705237.0,642098.72
catamaran,43.0,2007,Caribbean,315000.0,262465.69
catamaran,43.0,2007,USA,320000.0,369115.4
catamaran,47.0,2007,Europe,345919.0,367836.78
catamaran,38.0,2008,Caribbean,350000.0,202901.15
catamaran,38.0,2008,USA,229000.0,285347.53
catamaran,38.0,2008,Europe,236447.0,221990.95
catamaran,38.0,2008,Europe,236926.0,221990.95
catamaran,38.7,2008,Europe,193332.0,231821.3
catamaran,38.7,2008,Europe,200071.0,231821.3
catamaran,38.7,2008,Europe,202496.0,231821.3
catamaran,39.5,2008,Europe,191772.0,243590.14
catamaran,39.0,2008,Europe,273094.0,236166.47
catamaran,39.0,2008,Caribbean,216047.0,215857.66
catamaran,42.0,2008,USA,270000.0,365515.64
catamaran,42.0,2008,USA,270000.0,365515.64
catamaran,41.0,2008,Caribbean,297560.0,244305.58
catamaran,41.0,2008,Caribbean,297902.0,244305.58
catamaran,41.0,2008,Europe,303633.0,267290.89
catamaran,41.0,2008,Europe,303982.0,267290.89
catamaran,41.0,2008,Caribbean,309079.0,244305.58
catamaran,41.0,2008,Caribbean,309705.0,244305.58
catamaran,41.0,2008,Caribbean,309739.0,244305.58
catamaran,41.0,2008,Caribbean,310061.0,244305.58
catamaran,41.0,2008,Europe,327712.0,267290.89
catamaran,41.0,2008,Europe,327968.0,267290.89
catamaran,41.0,2008,Caribbean,337640.0,244305.58
catamaran,41.0,2008,Europe,337640.0,267290.89
catamaran,41.0,2008,Caribbean,338028.0,244305.58
catamaran,41.0,2008,Europe,338028.0,267290.89
catamaran,41.0,2008,Europe,338636.0,267290.89
catamaran,41.0,2008,Europe,338900.0,267290.89
catamaran,41.0,2008,Europe,358056.0,267290.89
catamaran,41.0,2008,Europe,358335.0,267290.89
catamaran,41.0,2008,USA,375000.0,343576.15
catamaran,41.0,2008,Caribbean,380000.0,244305.58
catamaran,41.0,2008,USA,389900.0,343576.15
catamaran,41.0,2008,USA,396000.0,343576.15
catamaran,44.0,2008,Europe,312493.0,321834.82
catamaran,42.0,2008,Europe,297902.0,284359.09
catamaran,44.6,2008,Caribbean,303437.0,305289.63
catamaran,44.6,2008,Caribbean,303674.0,305289.63
catamaran,42.0,2008,Europe,303982.0,284359.09
catamaran,44.6,2008,Europe,313147.0,334012.57
catamaran,44.6,2008,Europe,313471.0,334012.57
catamaran,44.6,2008,Caribbean,325000.0,305289.63
catamaran,44.6,2008,Europe,333781.0,334012.57
catamaran,44.6,2008,Europe,334126.0,334012.57
catamaran,44.6,2008,Europe,345919.0,334012.57
catamaran,44.6,2008,Europe,346276.0,334012.57
catamaran,44.6,2008,USA,359000.0,429340.31
catamaran,44.6,2008,Caribbean,362911.0,305289.63
catamaran,44.6,2008,Caribbean,363194.0,305289.63
catamaran,44.6,2008,Europe,376262.0,334012.57
catamaran,44.6,2008,Europe,376652.0,334012.57
catamaran,44.6,2008,Europe,388400.0,334012.57
catamaran,44.6,2008,Europe,388400.0,334012.57
catamaran,44.6,2008,Europe,388400.0,334012.57
catamaran,44.6,2008,Caribbean,400537.0,305289.63
catamaran,44.6,2008,Europe,430881.0,334012.57
catamaran,44.6,2008,Europe,431327.0,334012.57
catamaran,46.0,2008,Caribbean,299000.0,332926.37
catamaran,46.0,2008,USA,385000.0,468206.9
catamaran,46.0,2008,USA,449000.0,468206.9
catamaran,47.0,2008,Caribbean,115000.0,354185.81
catamaran,47.0,2008,Europe,309506.0,387509.11
catamaran,47.0,2008,Europe,318002.0,387509.11
catamaran,47.0,2008,Europe,339850.0,387509.11
catamaran,47.0,2008,Caribbean,386414.0,354185.81
catamaran,47.0,2008,Caribbean,386665.0,354185.81
catamaran,47.0,2008,Caribbean,449602.0,354185.81
catamaran,47.0,2008,Caribbean,449893.0,354185.81
catamaran,53.0,2008,Europe,632282.0,561797.35
catamaran,50.0,2008,Europe,709342.0,466585.03
catamaran,50.0,2008,USA,365000.0,599749.17
catamaran,51.0,2008,Europe,411461.0,496379.42
catamaran,51.0,2008,Europe,411782.0,496379.42
catamaran,51.0,2008,Europe,412675.0,496379.42
catamaran,51.0,2008,Europe,412997.0,496379.42
catamaran,50.0,2008,Caribbean,465000.0,426461.7
catamaran,50.0,2008,Caribbean,479000.0,426461.7
catamaran,51.0,2008,Europe,521397.0,496379.42
catamaran,51.0,2008,Europe,545648.0,496379.42
catamaran,51.0,2008,Europe,546613.0,496379.42
catamaran,51.0,2008,Caribbean,553247.0,453693.96
catamaran,51.0,2008,Europe,606875.0,496379.42
catamaran,51.0,2008,Europe,667562.0,496379.42
catamaran,39.0,2008,Europe,218645.0,236166.47
catamaran,39.0,2008,Caribbean,186733.0,215857.66
catamaran,39.0,2008,Europe,187945.0,236166.47
catamaran,39.0,2008,Europe,188278.0,236166.47
catamaran,39.0,2008,Europe,194401.0,236166.47
catamaran,39.0,2008,Europe,194562.0,236166.47
catamaran,43.0,2008,Europe,261424.0,302517.2
catamaran,43.0,2008,Europe,285231.0,302517.2
catamaran,43.0,2008,Caribbean,309506.0,276502.66
catamaran,43.0,2008,Caribbean,309860.0,276502.66
catamaran,43.0,2008,Europe,327968.0,302517.2
catamaran,43.0,2008,Europe,328300.0,302517.2
catamaran,43.0,2008,Europe,328300.0,302517.2
catamaran,43.0,2008,Europe,338636.0,302517.2
catamaran,43.0,2008,Caribbean,339000.0,276502.66
catamaran,43.0,2008,Caribbean,390827.0,276502.66
catamaran,47.0,2008,Europe,333781.0,387509.11
catamaran,47.0,2008,Europe,345919.0,387509.11
catamaran,47.0,2008,Europe,346188.0,387509.11
catamaran,47.0,2008,Europe,376262.0,387509.11
catamaran,47.0,2008,Europe,376556.0,387509.11
catamaran,47.0,2008,Europe,418744.0,387509.11
catamaran,47.0,2008,Europe,503706.0,387509.11
catamaran,39.0,2009,Caribbean,194200.0,227401.97
catamaran,39.0,2009,Caribbean,194422.0,227401.97
catamaran,42.0,2009,Europe,363802.0,299566.94
catamaran,42.0,2009,Europe,364170.0,299566.94
catamaran,41.0,2009,USA,280000.0,361950.99
catamaran,41.0,2009,USA,280000.0,361950.99
catamaran,41.0,2009,USA,309000.0,361950.99
catamaran,44.6,2009,Europe,347755.0,351875.95
catamaran,44.6,2009,Europe,435736.0,351875.95
catamaran,44.6,2009,USA,525000.0,452301.92
catamaran,46.0,2009,Europe,339514.0,383729.98
catamaran,47.0,2009,Caribbean,364000.0,373128.07
catamaran,51.0,2009,USA,425000.0,672170.4
catamaran,51.0,2009,Europe,503208.0,522926.36
catamaran,51.0,2009,Europe,521912.0,522926.36
catamaran,51.0,2009,Europe,546187.0,522926.36
catamaran,39.0,2009,Caribbean,205124.0,227401.97
catamaran,40.0,2009,Caribbean,194008.0,241923.02
catamaran,43.0,2009,USA,300000.0,409652.58
catamaran,43.0,2009,Caribbean,327712.0,291290.34
catamaran,43.0,2009,Caribbean,329000.0,291290.34
catamaran,47.0,2009,Caribbean,314925.0,373128.07
catamaran,47.0,2009,Europe,315454.0,408233.54
catamaran,38.0,2010,USA,329950.0,316685.12
catamaran,37.5,2010,Caribbean,185000.0,218321.53
catamaran,39.0,2010,Caribbean,195000.0,239563.69
catamaran,39.0,2010,Europe,217261.0,262102.86
catamaran,39.0,2010,Europe,217486.0,262102.86
catamaran,39.0,2010,Europe,267025.0,262102.86
catamaran,39.0,2010,Europe,267233.0,262102.86
catamaran,39.0,2010,Caribbean,275000.0,239563.69
catamaran,39.0,2010,Europe,279162.0,262102.86
catamaran,39.0,2010,Europe,279380.0,262102.86
catamaran,39.0,2010,Caribbean,285000.0,239563.69
catamaran,42.0,2010,Europe,285231.0,315588.12
catamaran,42.0,2010,Europe,327712.0,315588.12
catamaran,42.0,2010,Europe,327968.0,315588.12
catamaran,42.0,2010,Europe,437734.0,315588.12
catamaran,44.6,2010,Caribbean,345000.0,338817.3
catamaran,44.6,2010,Caribbean,345000.0,338817.3
catamaran,44.6,2010,Caribbean,380000.0,338817.3
catamaran,44.6,2010,Europe,424812.0,370694.68
catamaran,45.8,2010,Europe,479431.0,399278.48
catamaran,44.0,2010,Caribbean,269724.0,326464.38
catamaran,44.0,2010,Caribbean,282000.0,326464.38
catamaran,44.0,2010,Caribbean,291300.0,326464.38
catamaran,44.0,2010,Caribbean,291527.0,326464.38
catamaran,44.0,2010,Caribbean,345919.0,326464.38
catamaran,44.0,2010,Caribbean,346188.0,326464.38
catamaran,44.0,2010,Europe,437231.0,357179.54
catamaran,44.0,2010,Europe,437734.0,357179.54
catamaran,44.0,2010,USA,495000.0,459119.17
catamaran,44.0,2010,USA,525000.0,459119.17
catamaran,46.0,2010,Caribbean,335000.0,369489.18
catamaran,46.0,2010,Caribbean,415000.0,369489.18
catamaran,47.0,2010,Caribbean,545648.0,393083.39
catamaran,47.0,2010,Caribbean,546813.0,393083.39
catamaran,49.0,2010,Europe,763449.0,486744.86
catamaran,51.0,2010,Europe,575961.0,550893.06
catamaran,51.0,2010,Europe,576531.0,550893.06
catamaran,51.0,2010,Europe,588087.0,550893.06
catamaran,51.0,2010,Europe,589128.0,550893.06
catamaran,51.0,2010,Europe,721467.0,550893.06
catamaran,50.0,2010,USA,595000.0,665615.14
catamaran,48.7,2010,USA,565000.0,614151.25
catamaran,39.0,2010,Europe,205284.0,262102.86
catamaran,39.0,2010,Europe,205506.0,262102.86
catamaran,39.0,2010,Europe,218882.0,262102.86
catamaran,39.0,2010,Europe,278887.0,262102.86
catamaran,39.0,2010,Caribbean,297369.0,239563.69
catamaran,39.0,2010,Caribbean,297709.0,239563.69
catamaran,43.0,2010,USA,390000.0,431561.27
catamaran,38.0,2011,Europe,236447.0,259546.74
catamaran,38.7,2011,Caribbean,210000.0,247732.44
catamaran,37.5,2011,USA,339000.0,323454.31
catamaran,37.5,2011,USA,339000.0,323454.31
catamaran,39.0,2011,Europe,206095.0,276120.43
catamaran,39.0,2011,Europe,217261.0,276120.43
catamaran,39.0,2011,Europe,217486.0,276120.43
catamaran,39.0,2011,Europe,264597.0,276120.43
catamaran,39.0,2011,Europe,264804.0,276120.43
catamaran,42.5,2011,Europe,325000.0,342916.91
catamaran,42.5,2011,Europe,325000.0,342916.91
catamaran,42.0,2011,Europe,297902.0,332466.14
catamaran,42.0,2011,Europe,333781.0,332466.14
catamaran,42.5,2011,Caribbean,339000.0,313428.24
catamaran,42.5,2011,Caribbean,339000.0,313428.24
catamaran,42.5,2011,Caribbean,339000.0,313428.24
catamaran,42.5,2011,Caribbean,339000.0,313428.24
catamaran,42.5,2011,USA,459000.0,440785.96
catamaran,42.5,2011,USA,459000.0,440785.96
catamaran,44.0,2011,Caribbean,254887.0,343924.07
catamaran,44.0,2011,Caribbean,255086.0,343924.07
catamaran,44.0,2011,Caribbean,279162.0,343924.07
catamaran,45.8,2011,Europe,389097.0,420632.35
catamaran,45.8,2011,Europe,407335.0,420632.35
catamaran,45.8,2011,Europe,448644.0,420632.35
catamaran,45.8,2011,Europe,472895.0,420632.35
catamaran,45.8,2011,Caribbean,475000.0,384460.66
catamaran,45.8,2011,Europe,479431.0,420632.35
catamaran,45.8,2011,Europe,510172.0,420632.35
catamaran,45.8,2011,Europe,510302.0,420632.35
catamaran,45.8,2011,Europe,510725.0,420632.35
catamaran,45.8,2011,Europe,515844.0,420632.35
catamaran,45.8,2011,Europe,516246.0,420632.35
catamaran,45.8,2011,Europe,533522.0,420632.35
catamaran,45.8,2011,Europe,462084.0,420632.35
catamaran,45.8,2011,USA,499000.0,540681.52
catamaran,45.8,2011,USA,499000.0,540681.52
catamaran,46.0,2011,Caribbean,126000.0,389249.89
catamaran,46.0,2011,USA,480000.0,547416.79
catamaran,49.0,2011,Caribbean,601884.0,468681.03
catamaran,49.0,2011,Europe,811999.0,512776.54
catamaran,49.0,2011,Europe,812664.0,512776.54
catamaran,51.0,2011,Caribbean,443813.0,530448.59
catamaran,51.0,2011,Caribbean,499000.0,530448.59
catamaran,39.0,2011,Europe,169026.0,276120.43
catamaran,39.0,2011,Europe,194562.0,276120.43
catamaran,39.0,2011,Caribbean,218725.0,252375.83
catamaran,39.0,2011,Europe,266761.0,276120.43
catamaran,39.0,2011,Europe,266761.0,276120.43
catamaran,39.0,2011,Europe,267522.0,276120.43
catamaran,39.0,2011,Europe,302787.0,276120.43
catamaran,39.0,2011,Europe,346563.0,276120.43
catamaran,43.0,2011,Europe,339850.0,353696.19
catamaran,47.0,2011,Caribbean,450000.0,414105.94
catamaran,38.0,2012,USA,292000.0,351464.28
catamaran,38.4,2012,Europe,310061.0,280282.2
catamaran,39.0,2012,Europe,218639.0,290887.66
catamaran,39.0,2012,Caribbean,234000.0,265873.18
catamaran,39.0,2012,Europe,236681.0,290887.66
catamaran,39.0,2012,Caribbean,237000.0,265873.18
catamaran,39.0,2012,Caribbean,241298.0,265873.18
catamaran,39.0,2012,Europe,241536.0,290887.66
catamaran,39.0,2012,Europe,241536.0,290887.66
catamaran,39.0,2012,Europe,241786.0,290887.66
catamaran,39.0,2012,Europe,279162.0,290887.66
catamaran,39.0,2012,Europe,291300.0,290887.66
catamaran,39.0,2012,Europe,315575.0,290887.66
catamaran,41.0,2012,Europe,369828.0,329223.8
catamaran,42.5,2012,Europe,273094.0,361256.5
catamaran,42.5,2012,Caribbean,315000.0,330190.75
catamaran,42.5,2012,Caribbean,350000.0,330190.75
catamaran,42.5,2012,Caribbean,350000.0,330190.75
catamaran,44.0,2012,USA,749000.0,509540.79
catamaran,45.8,2012,Europe,338302.0,443128.25
catamaran,45.8,2012,Europe,339267.0,443128.25
catamaran,45.8,2012,Europe,362911.0,443128.25
catamaran,45.8,2012,Europe,363587.0,443128.25
catamaran,45.8,2012,Europe,364501.0,443128.25
catamaran,45.8,2012,Europe,364778.0,443128.25
catamaran,45.8,2012,Europe,376556.0,443128.25
catamaran,45.8,2012,Europe,376937.0,443128.25
catamaran,45.8,2012,Europe,376937.0,443128.25
catamaran,45.8,2012,Europe,388016.0,443128.25
catamaran,45.8,2012,Europe,388802.0,443128.25
catamaran,45.8,2012,Europe,397717.0,443128.25
catamaran,45.8,2012,Europe,398110.0,443128.25
catamaran,45.8,2012,Europe,398420.0,443128.25
catamaran,45.8,2012,Europe,398420.0,443128.25
catamaran,45.8,2012,Caribbean,400142.0,405022.05
catamaran,45.8,2012,Europe,400537.0,443128.25
catamaran,45.8,2012,Europe,400850.0,443128.25
catamaran,45.8,2012,Europe,411461.0,443128.25
catamaran,45.8,2012,Europe,411782.0,443128.25
catamaran,45.8,2012,Caribbean,434093.0,405022.05
catamaran,45.8,2012,Caribbean,435020.0,405022.05
catamaran,45.8,2012,Caribbean,442581.0,405022.05
catamaran,45.8,2012,Europe,448644.0,443128.25
catamaran,45.8,2012,Europe,449087.0,443128.25
catamaran,45.8,2012,Europe,449438.0,443128.25
catamaran,45.8,2012,USA,459950.0,569597.78
catamaran,45.8,2012,Europe,472895.0,443128.25
catamaran,45.8,2012,Europe,473362.0,443128.25
catamaran,45.8,2012,Europe,474211.0,443128.25
catamaran,45.8,2012,Europe,486249.0,443128.25
catamaran,45.8,2012,Europe,486371.0,443128.25
catamaran,45.8,2012,Caribbean,435736.0,405022.05
catamaran,51.0,2012,Caribbean,465000.0,558817.59
catamaran,51.0,2012,Caribbean,499000.0,558817.59
catamaran,51.0,2012,Caribbean,499000.0,558817.59
catamaran,53.5,2012,Europe,790352.0,713720.61
catamaran,39.0,2012,Europe,229578.0,290887.66
catamaran,43.6,2012,Europe,449438.0,386711.35
catamaran,43.6,2012,Europe,449893.0,386711.35
catamaran,43.6,2012,Europe,520699.0,386711.35
catamaran,39.0,2012,Caribbean,315000.0,265873.18
catamaran,47.0,2012,Caribbean,249000.0,436252.8
catamaran,47.0,2012,Europe,358056.0,477297.31
catamaran,52.0,2012,Caribbean,675000.0,594501.6
catamaran,38.4,2013,Europe,297369.0,295272.02
catamaran,38.4,2013,Europe,303437.0,295272.02
catamaran,38.4,2013,Europe,303982.0,295272.02
catamaran,37.5,2013,Europe,364125.0,279272.15
catamaran,37.5,2013,Europe,364424.0,279272.15
catamaran,39.0,2013,Caribbean,240000.0,280092.39
catamaran,39.0,2013,Europe,242507.0,306444.67
catamaran,39.0,2013,Europe,267025.0,306444.67
catamaran,39.0,2013,Europe,267025.0,306444.67
catamaran,39.0,2013,Caribbean,278887.0,280092.39
catamaran,39.0,2013,Europe,321644.0,306444.67
catamaran,39.0,2013,Europe,321895.0,306444.67
catamaran,39.0,2013,Europe,339850.0,306444.67
catamaran,39.0,2013,Europe,388400.0,306444.67
catamaran,39.0,2013,Europe,388400.0,306444.67
catamaran,39.0,2013,Europe,267197.0,306444.67
catamaran,39.0,2013,Caribbean,285558.0,280092.39
catamaran,39.0,2013,Europe,340115.0,306444.67
catamaran,42.0,2013,Europe,380579.0,368978.41
catamaran,42.0,2013,Europe,423599.0,368978.41
catamaran,42.5,2013,Europe,290606.0,380576.91
catamaran,42.5,2013,Europe,302766.0,380576.91
catamaran,45.8,2013,Caribbean,345000.0,426683.1
catamaran,45.8,2013,Caribbean,345000.0,426683.1
catamaran,45.8,2013,Caribbean,358056.0,426683.1
catamaran,45.8,2013,Caribbean,369000.0,426683.1
catamaran,45.8,2013,Europe,376262.0,466827.26
catamaran,45.8,2013,Europe,376556.0,466827.26
catamaran,45.8,2013,Europe,382727.0,466827.26
catamaran,45.8,2013,Europe,383017.0,466827.26
catamaran,45.8,2013,Europe,400537.0,466827.26
catamaran,45.8,2013,Europe,400537.0,466827.26
catamaran,45.8,2013,Europe,400850.0,466827.26
catamaran,45.8,2013,Europe,400850.0,466827.26
catamaran,45.8,2013,Europe,418330.0,466827.26
catamaran,45.8,2013,Europe,419177.0,466827.26
catamaran,44.6,2013,Europe,424206.0,433407.73
catamaran,45.8,2013,Europe,424536.0,466827.26
catamaran,45.8,2013,Europe,445006.0,466827.26
catamaran,45.8,2013,Europe,445907.0,466827.26
catamaran,45.8,2013,Caribbean,450000.0,426683.1
catamaran,45.8,2013,Europe,461702.0,466827.26
catamaran,45.8,2013,USA,510000.0,600060.52
catamaran,45.8,2013,Europe,515844.0,466827.26
catamaran,45.8,2013,Europe,516246.0,466827.26
catamaran,45.8,2013,Europe,520184.0,466827.26
catamaran,45.8,2013,Europe,521105.0,466827.26
catamaran,45.8,2013,Europe,527981.0,466827.26
catamaran,45.8,2013,Europe,528393.0,466827.26
catamaran,45.8,2013,Europe,534050.0,466827.26
catamaran,45.8,2013,Caribbean,540000.0,426683.1
catamaran,45.8,2013,Europe,504610.0,466827.26
catamaran,45.8,2013,Caribbean,347000.0,426683.1
catamaran,45.8,2013,Caribbean,435306.0,426683.1
catamaran,45.8,2013,Caribbean,449000.0,426683.1
catamaran,45.8,2013,Europe,462084.0,466827.26
catamaran,45.8,2013,Europe,618603.0,466827.26
catamaran,48.0,2013,Caribbean,419000.0,488931.43
catamaran,48.0,2013,Caribbean,449000.0,488931.43
catamaran,48.0,2013,Caribbean,449000.0,488931.43
catamaran,48.0,2013,Caribbean,479000.0,488931.43
catamaran,52.0,2013,USA,759000.0,880784.0
catamaran,52.0,2013,Europe,802512.0,685220.84
catamaran,52.0,2013,Europe,802512.0,685220.84
catamaran,52.0,2013,Caribbean,836660.0,626296.23
catamaran,52.0,2013,Caribbean,838446.0,626296.23
catamaran,52.0,2013,Europe,851149.0,685220.84
catamaran,52.0,2013,Europe,789136.0,685220.84
catamaran,52.0,2013,Europe,946725.0,685220.84
catamaran,52.0,2013,Europe,947207.0,685220.84
catamaran,53.5,2013,Caribbean,795000.0,687233.37
catamaran,43.6,2013,Caribbean,362911.0,372359.92
catamaran,43.6,2013,Europe,443019.0,407393.12
catamaran,43.6,2013,Europe,443382.0,407393.12
catamaran,43.6,2013,Europe,479824.0,407393.12
catamaran,43.6,2013,Europe,534050.0,407393.12
catamaran,39.0,2013,Europe,265811.0,306444.67
catamaran,39.0,2013,Europe,328323.0,306444.67
catamaran,39.0,2013,Europe,342763.0,306444.67
catamaran,42.0,2013,Europe,229900.0,368978.41
catamaran,41.0,2013,Europe,273584.0,346831.07
catamaran,47.0,2013,Europe,473362.0,502823.72
catamaran,47.0,2013,Europe,473362.0,502823.72
catamaran,47.0,2013,Europe,473732.0,502823.72
catamaran,38.0,2014,Caribbean,217261.0,277360.82
catamaran,38.0,2014,Caribbean,218259.0,277360.82
catamaran,38.0,2014,Caribbean,229000.0,277360.82
catamaran,38.0,2014,Caribbean,255984.0,277360.82
catamaran,38.0,2014,Caribbean,303138.0,277360.82
catamaran,38.0,2014,Caribbean,218725.0,277360.82
catamaran,37.5,2014,Caribbean,105000.0,268907.94
catamaran,37.5,2014,Caribbean,110000.0,268907.94
catamaran,38.4,2014,Europe,241536.0,311063.5
catamaran,37.5,2014,Caribbean,245000.0,268907.94
catamaran,38.4,2014,Europe,260208.0,311063.5
catamaran,38.0,2014,USA,264000.0,390062.98
catamaran,38.4,2014,Europe,315263.0,311063.5
catamaran,38.4,2014,Europe,327712.0,311063.5
catamaran,38.4,2014,Europe,327968.0,311063.5
catamaran,38.4,2014,Europe,334042.0,311063.5
catamaran,38.4,2014,Europe,388554.0,311063.5
catamaran,39.5,2014,Caribbean,291300.0,304347.37
catamaran,39.0,2014,Caribbean,269000.0,295072.05
catamaran,39.0,2014,Europe,309506.0,322833.68
catamaran,39.0,2014,Europe,315575.0,322833.68
catamaran,39.0,2014,Europe,315575.0,322833.68
catamaran,39.0,2014,Europe,315575.0,322833.68
catamaran,39.0,2014,Europe,321644.0,322833.68
catamaran,39.0,2014,Europe,327712.0,322833.68
catamaran,39.0,2014,Europe,327712.0,322833.68
catamaran,39.0,2014,Europe,327712.0,322833.68
catamaran,39.0,2014,Europe,327712.0,322833.68
catamaran,39.0,2014,Europe,327712.0,322833.68
catamaran,39.0,2014,Europe,327712.0,322833.68
catamaran,39.0,2014,Europe,333781.0,322833.68
catamaran,39.0,2014,Europe,333781.0,322833.68
catamaran,39.0,2014,Europe,358056.0,322833.68
catamaran,39.0,2014,Europe,361697.0,322833.68
catamaran,39.0,2014,Europe,315778.0,322833.68
catamaran,39.0,2014,Europe,315778.0,322833.68
catamaran,39.0,2014,Europe,327923.0,322833.68
catamaran,39.0,2014,Europe,327923.0,322833.68
catamaran,39.0,2014,Europe,327923.0,322833.68
catamaran,39.0,2014,Europe,327923.0,322833.68
catamaran,39.0,2014,Europe,327923.0,322833.68
catamaran,39.0,2014,Europe,333996.0,322833.68
catamaran,42.0,2014,Europe,320000.0,388711.8
catamaran,42.0,2014,Europe,320000.0,388711.8
catamaran,42.0,2014,Europe,352214.0,388711.8
catamaran,42.0,2014,Europe,352619.0,388711.8
catamaran,42.0,2014,Caribbean,440000.0,355285.07
catamaran,42.5,2014,Europe,314925.0,400930.6
catamaran,42.5,2014,Europe,362911.0,400930.6
catamaran,42.5,2014,Europe,363145.0,400930.6
catamaran,45.8,2014,Caribbean,400142.0,449502.6
catamaran,45.8,2014,Caribbean,400142.0,449502.6
catamaran,45.8,2014,Europe,424393.0,491793.71
catamaran,44.6,2014,Europe,424812.0,456586.87
catamaran,45.8,2014,Caribbean,449000.0,449502.6
catamaran,45.8,2014,Europe,462000.0,491793.71
catamaran,45.8,2014,Europe,472029.0,491793.71
catamaran,45.8,2014,Europe,472420.0,491793.71
catamaran,45.8,2014,Europe,483808.0,491793.71
catamaran,45.8,2014,Europe,484598.0,491793.71
catamaran,45.8,2014,Europe,497146.0,491793.71
catamaran,45.8,2014,Europe,498530.0,491793.71
catamaran,45.8,2014,Europe,517759.0,491793.71
catamaran,45.8,2014,Europe,518675.0,491793.71
catamaran,45.8,2014,Europe,521397.0,491793.71
catamaran,45.8,2014,Europe,522319.0,491793.71
catamaran,45.8,2014,Europe,545648.0,491793.71
catamaran,45.8,2014,Europe,546539.0,491793.71
catamaran,45.8,2014,Europe,557773.0,491793.71
catamaran,45.8,2014,Europe,557773.0,491793.71
catamaran,45.8,2014,USA,499000.0,632152.45
catamaran,45.8,2014,Caribbean,399324.0,449502.6
catamaran,45.8,2014,Caribbean,400142.0,449502.6
catamaran,45.8,2014,Caribbean,400537.0,449502.6
catamaran,45.8,2014,Caribbean,400866.0,449502.6
catamaran,45.8,2014,Caribbean,469000.0,449502.6
catamaran,45.8,2014,Europe,510302.0,491793.71
catamaran,45.8,2014,Europe,510689.0,491793.71
catamaran,48.0,2014,Caribbean,429000.0,515080.04
catamaran,48.0,2014,Caribbean,449000.0,515080.04
catamaran,48.0,2014,Caribbean,455000.0,515080.04
catamaran,48.0,2014,Europe,472149.0,563540.96
catamaran,48.0,2014,Europe,472149.0,563540.96
catamaran,48.0,2014,Caribbean,400000.0,515080.04
catamaran,52.0,2014,Europe,753875.0,721867.24
catamaran,52.0,2014,USA,799000.0,927889.34
catamaran,52.0,2014,Europe,972741.0,721867.24
catamaran,52.0,2014,Europe,972741.0,721867.24
catamaran,52.0,2014,Europe,997060.0,721867.24
catamaran,52.0,2014,Europe,1003140.0,721867.24
catamaran,52.0,2014,Europe,1003140.0,721867.24
catamaran,52.0,2014,Europe,1033538.0,721867.24
catamaran,53.5,2014,Europe,1185529.0,792103.21
catamaran,43.6,2014,USA,535000.0,551669.93
catamaran,39.0,2014,Caribbean,234982.0,295072.05
catamaran,39.0,2014,Caribbean,235251.0,295072.05
catamaran,39.0,2014,Europe,267522.0,322833.68
catamaran,39.0,2014,Caribbean,345000.0,295072.05
catamaran,49.0,2014,Caribbean,571486.0,547971.13
catamaran,49.0,2014,Caribbean,589724.0,547971.13
catamaran,47.0,2014,USA,485000.0,680896.93
catamaran,47.0,2014,Caribbean,563836.0,484163.18
catamaran,47.0,2014,Caribbean,565040.0,484163.18
catamaran,56.0,2014,Caribbean,899000.0,845158.98
catamaran,41.0,2015,Caribbean,455000.0,351820.19
catamaran,38.0,2015,Caribbean,218259.0,292194.39
catamaran,38.0,2015,Europe,220078.0,319685.28
catamaran,38.0,2015,Europe,242510.0,319685.28
catamaran,37.5,2015,Europe,265549.0,309942.52
catamaran,38.4,2015,Caribbean,265811.0,299519.47
catamaran,38.4,2015,Caribbean,267025.0,299519.47
catamaran,38.4,2015,Europe,279162.0,327699.54
catamaran,38.4,2015,Europe,279380.0,327699.54
catamaran,38.4,2015,Europe,279663.0,327699.54
catamaran,38.4,2015,Europe,303437.0,327699.54
catamaran,38.4,2015,Europe,303982.0,327699.54
catamaran,38.4,2015,Europe,303982.0,327699.54
catamaran,38.4,2015,Europe,327389.0,327699.54
catamaran,38.4,2015,Caribbean,333174.0,299519.47
catamaran,38.4,2015,Caribbean,333556.0,299519.47
catamaran,38.4,2015,Europe,334380.0,327699.54
catamaran,38.4,2015,Europe,401256.0,327699.54
catamaran,40.0,2015,Europe,425144.0,361816.66
catamaran,40.0,2015,Europe,425604.0,361816.66
catamaran,43.0,2015,USA,449000.0,559984.88
catamaran,43.0,2015,Europe,455449.0,435649.73
catamaran,42.0,2015,Europe,455973.0,409500.55
catamaran,43.0,2015,Europe,519000.0,435649.73
catamaran,44.6,2015,Europe,454706.0,481005.66
catamaran,44.6,2015,Europe,455627.0,481005.66
catamaran,44.6,2015,Europe,455973.0,481005.66
catamaran,44.6,2015,Europe,510689.0,481005.66
catamaran,39.5,2015,Europe,315575.0,350789.9
catamaran,39.5,2015,Europe,351987.0,350789.9
catamaran,39.5,2015,Europe,352214.0,350789.9
catamaran,39.5,2015,Europe,363765.0,350789.9
catamaran,39.5,2015,Europe,382210.0,350789.9
catamaran,39.5,2015,Europe,388400.0,350789.9
catamaran,39.5,2015,Europe,418744.0,350789.9
catamaran,39.0,2015,Europe,303437.0,340099.2
catamaran,39.0,2015,Europe,303437.0,340099.2
catamaran,39.0,2015,Europe,303674.0,340099.2
catamaran,39.0,2015,Europe,303674.0,340099.2
catamaran,39.0,2015,Europe,310083.0,340099.2
catamaran,39.0,2015,Europe,338636.0,340099.2
catamaran,42.0,2015,Caribbean,340069.0,374286.12
catamaran,42.0,2015,Caribbean,340459.0,374286.12
catamaran,42.0,2015,Caribbean,363145.0,374286.12
catamaran,42.0,2015,Caribbean,363562.0,374286.12
catamaran,42.5,2015,Caribbean,329000.0,386051.46
catamaran,42.5,2015,Caribbean,329000.0,386051.46
catamaran,42.5,2015,Europe,338636.0,422372.82
catamaran,42.5,2015,Caribbean,339000.0,386051.46
catamaran,42.5,2015,Caribbean,339000.0,386051.46
catamaran,42.5,2015,Caribbean,339999.0,386051.46
catamaran,42.5,2015,Caribbean,349000.0,386051.46
catamaran,42.5,2015,Caribbean,359000.0,386051.46
catamaran,42.5,2015,USA,567000.0,542918.73
catamaran,42.5,2015,USA,567000.0,542918.73
catamaran,42.5,2015,USA,569000.0,542918.73
catamaran,42.5,2015,USA,569000.0,542918.73
catamaran,45.0,2015,Europe,825350.0,493064.09
catamaran,45.8,2015,Caribbean,400142.0,473542.51
catamaran,45.8,2015,Europe,430455.0,518095.4
catamaran,45.8,2015,Caribbean,436950.0,473542.51
catamaran,45.8,2015,Caribbean,437308.0,473542.51
catamaran,45.8,2015,Europe,455627.0,518095.4
catamaran,45.8,2015,Europe,455973.0,518095.4
catamaran,45.8,2015,Europe,455973.0,518095.4
catamaran,45.8,2015,Europe,464407.0,518095.4
catamaran,45.8,2015,Europe,465165.0,518095.4
catamaran,45.8,2015,Europe,472895.0,518095.4
catamaran,45.8,2015,Europe,473667.0,518095.4
catamaran,45.8,2015,Caribbean,480000.0,473542.51
catamaran,45.8,2015,Europe,482595.0,518095.4
catamaran,45.8,2015,Europe,483383.0,518095.4
catamaran,45.8,2015,Europe,485500.0,518095.4
catamaran,45.8,2015,Europe,485879.0,518095.4
catamaran,45.8,2015,Europe,486371.0,518095.4
catamaran,45.8,2015,Europe,486404.0,518095.4
catamaran,45.8,2015,Caribbean,495000.0,473542.51
catamaran,45.8,2015,Caribbean,499000.0,473542.51
catamaran,45.8,2015,Europe,509271.0,518095.4
catamaran,45.8,2015,Europe,510103.0,518095.4
catamaran,45.8,2015,Europe,510302.0,518095.4
catamaran,45.8,2015,Europe,516769.0,518095.4
catamaran,45.8,2015,Europe,522848.0,518095.4
catamaran,45.8,2015,Europe,545648.0,518095.4
catamaran,45.8,2015,Europe,546539.0,518095.4
catamaran,45.8,2015,Europe,556561.0,518095.4
catamaran,45.8,2015,Europe,557470.0,518095.4
catamaran,45.8,2015,Europe,448677.0,518095.4
catamaran,45.8,2015,Europe,474211.0,518095.4
catamaran,45.8,2015,Europe,478957.0,518095.4
catamaran,45.8,2015,Europe,479927.0,518095.4
catamaran,45.8,2015,Europe,503208.0,518095.4
catamaran,45.8,2015,Europe,504030.0,518095.4
catamaran,45.8,2015,Europe,515844.0,518095.4
catamaran,45.8,2015,Europe,516769.0,518095.4
catamaran,45.8,2015,Europe,516246.0,518095.4
catamaran,48.0,2015,Caribbean,149000.0,542627.11
catamaran,48.0,2015,Caribbean,439000.0,542627.11
catamaran,48.0,2015,Caribbean,499000.0,542627.11
catamaran,48.0,2015,Europe,508561.0,593679.77
catamaran,48.0,2015,Europe,508561.0,593679.77
catamaran,52.0,2015,Europe,838140.0,760473.52
catamaran,52.0,2015,Europe,838989.0,760473.52
catamaran,52.0,2015,USA,949000.0,977513.92
catamaran,52.0,2015,Europe,1033538.0,760473.52
catamaran,52.0,2015,Europe,1033538.0,760473.52
catamaran,52.0,2015,Europe,1093227.0,760473.52
catamaran,52.0,2015,Europe,1094334.0,760473.52
catamaran,52.0,2015,Caribbean,776032.0,695077.66
catamaran,52.0,2015,Caribbean,836660.0,695077.66
catamaran,52.0,2015,Europe,911022.0,760473.52
catamaran,52.0,2015,Europe,911945.0,760473.52
catamaran,52.0,2015,Europe,1032492.0,760473.52
catamaran,52.0,2015,Europe,1033538.0,760473.52
catamaran,52.0,2015,Europe,1100414.0,760473.52
catamaran,43.6,2015,Caribbean,443019.0,413253.42
catamaran,43.6,2015,Caribbean,443526.0,413253.42
catamaran,43.6,2015,Caribbean,473362.0,413253.42
catamaran,43.6,2015,Europe,479310.0,452134.06
catamaran,43.6,2015,Europe,480291.0,452134.06
catamaran,43.6,2015,Europe,484286.0,452134.06
catamaran,43.6,2015,Europe,509775.0,452134.06
catamaran,43.6,2015,Europe,510689.0,452134.06
catamaran,43.6,2015,Europe,510689.0,452134.06
catamaran,43.6,2015,Caribbean,559900.0,413253.42
catamaran,43.6,2015,Europe,544974.0,452134.06
catamaran,39.0,2015,Caribbean,267025.0,310852.84
catamaran,39.5,2015,Europe,364424.0,350789.9
catamaran,49.0,2015,Caribbean,589343.0,577277.26
catamaran,49.0,2015,Caribbean,589724.0,577277.26
catamaran,49.0,2015,Caribbean,601884.0,577277.26
catamaran,49.0,2015,USA,765000.0,811846.77
catamaran,49.0,2015,Europe,843556.0,631589.96
catamaran,49.0,2015,Europe,910312.0,631589.96
catamaran,49.0,2015,Europe,1055962.0,631589.96
catamaran,56.0,2015,USA,999000.0,1252145.5
catamaran,56.0,2015,USA,1200000.0,1252145.5
catamaran,39.0,2015,Caribbean,95000.0,310852.84
catamaran,50.0,2015,Caribbean,617000.0,614140.03
catamaran,38.0,2016,Caribbean,149000.0,307821.28
catamaran,38.0,2016,Caribbean,210000.0,307821.28
catamaran,38.4,2016,Caribbean,267331.0,315538.12
catamaran,38.4,2016,Europe,312493.0,345225.28
catamaran,38.4,2016,Caribbean,327591.0,315538.12
catamaran,38.0,2016,USA,335000.0,432900.68
catamaran,38.4,2016,Caribbean,399000.0,315538.12
catamaran,40.0,2016,Caribbean,314361.0,348389.11
catamaran,40.0,2016,Europe,348995.0,381167.03
catamaran,40.0,2016,Europe,357702.0,381167.03
catamaran,40.0,2016,Europe,395204.0,381167.03
catamaran,41.0,2016,Europe,388400.0,405506.94
catamaran,41.0,2016,Europe,388650.0,405506.94
catamaran,43.0,2016,Caribbean,415000.0,419482.12
catamaran,42.0,2016,Europe,462052.0,431401.11
catamaran,43.0,2016,Europe,480291.0,458948.78
catamaran,43.0,2016,Europe,485155.0,458948.78
catamaran,44.6,2016,Europe,363154.0,506730.39
catamaran,39.0,2016,Caribbean,319000.0,327477.6
catamaran,39.0,2016,Caribbean,329000.0,327477.6
catamaran,39.0,2016,Caribbean,329000.0,327477.6
catamaran,39.5,2016,Europe,345919.0,369550.55
catamaran,39.0,2016,Caribbean,365000.0,327477.6
catamaran,39.0,2016,Europe,460769.0,358288.09
catamaran,39.5,2016,Europe,345919.0,369550.55
catamaran,39.5,2016,Europe,345919.0,369550.55
catamaran,39.5,2016,Europe,376262.0,369550.55
catamaran,39.5,2016,Caribbean,380000.0,337771.56
catamaran,39.5,2016,Europe,475638.0,369550.55
catamaran,39.0,2016,Europe,309506.0,358288.09
catamaran,39.0,2016,Europe,315575.0,358288.09
catamaran,39.0,2016,Europe,326499.0,358288.09
catamaran,39.0,2016,Europe,327712.0,358288.09
catamaran,39.0,2016,Caribbean,340000.0,327477.6
catamaran,39.0,2016,Europe,358056.0,358288.09
catamaran,39.0,2016,Europe,364125.0,358288.09
catamaran,39.0,2016,Europe,400537.0,358288.09
catamaran,39.0,2016,USA,429000.0,460544.1
catamaran,39.0,2016,Europe,454706.0,358288.09
catamaran,39.0,2016,Europe,455156.0,358288.09
catamaran,39.0,2016,Europe,315821.0,358288.09
catamaran,39.0,2016,Europe,326753.0,358288.09
catamaran,39.0,2016,Europe,327968.0,358288.09
catamaran,39.0,2016,Caribbean,340000.0,327477.6
catamaran,39.0,2016,Europe,400850.0,358288.09
catamaran,41.6,2016,USA,499900.0,540962.21
catamaran,42.5,2016,Europe,460769.0,444961.81
catamaran,42.5,2016,Europe,461585.0,444961.81
catamaran,42.5,2016,Caribbean,464500.0,406697.94
catamaran,42.5,2016,Europe,473362.0,444961.81
catamaran,42.5,2016,Caribbean,515334.0,406697.94
catamaran,42.5,2016,Europe,515844.0,444961.81
catamaran,42.5,2016,Europe,515844.0,444961.81
catamaran,42.0,2016,Europe,460011.0,431401.11
catamaran,42.0,2016,Europe,460370.0,431401.11
catamaran,42.5,2016,Caribbean,239999.0,406697.94
catamaran,42.5,2016,Caribbean,389000.0,406697.94
catamaran,45.8,2016,Caribbean,495000.0,498868.11
catamaran,45.8,2016,Europe,498152.0,545803.74
catamaran,45.8,2016,Europe,510689.0,545803.74
catamaran,45.8,2016,Caribbean,650000.0,498868.11
catamaran,45.8,2016,Europe,472895.0,545803.74
catamaran,45.8,2016,Europe,474211.0,545803.74
catamaran,45.8,2016,Europe,497146.0,545803.74
catamaran,45.8,2016,Europe,509271.0,545803.74
catamaran,45.8,2016,Europe,510689.0,545803.74
catamaran,45.8,2016,Europe,516769.0,545803.74
catamaran,45.8,2016,Europe,521912.0,545803.74
catamaran,45.8,2016,Europe,546187.0,545803.74
catamaran,45.8,2016,Europe,472895.0,545803.74
catamaran,45.0,2016,Caribbean,519000.0,474765.74
catamaran,48.0,2016,Caribbean,339999.0,571647.43
catamaran,48.0,2016,Caribbean,459000.0,571647.43
catamaran,48.0,2016,Caribbean,465000.0,571647.43
catamaran,48.0,2016,Caribbean,465000.0,571647.43
catamaran,52.0,2016,Caribbean,627812.0,732251.21
catamaran,52.0,2016,Caribbean,836660.0,732251.21
catamaran,52.0,2016,Europe,840000.0,801144.52
catamaran,52.0,2016,Europe,843556.0,801144.52
catamaran,52.0,2016,Europe,923169.0,801144.52
catamaran,52.0,2016,Europe,924104.0,801144.52
catamaran,52.0,2016,Caribbean,690000.0,732251.21
catamaran,55.0,2016,Europe,845069.0,964627.74
catamaran,55.0,2016,Europe,845069.0,964627.74
catamaran,55.0,2016,Europe,845069.0,964627.74
catamaran,43.6,2016,USA,399000.0,612255.71
catamaran,43.6,2016,USA,399000.0,612255.71
catamaran,43.6,2016,Caribbean,582000.0,435354.69
catamaran,43.6,2016,USA,589000.0,612255.71
catamaran,43.6,2016,Europe,595804.0,476314.71
catamaran,43.6,2016,Europe,625569.0,476314.71
catamaran,43.6,2016,Caribbean,582000.0,435354.69
catamaran,39.0,2016,Europe,363765.0,358288.09
catamaran,39.0,2016,USA,395000.0,460544.1
catamaran,40.0,2016,USA,295000.0,489952.73
catamaran,49.0,2016,Caribbean,595000.0,608150.71
catamaran,49.0,2016,Caribbean,595804.0,608150.71
catamaran,49.0,2016,Caribbean,601884.0,608150.71
catamaran,49.0,2016,Caribbean,667544.0,608150.71
catamaran,49.0,2016,Caribbean,735636.0,608150.71
catamaran,49.0,2016,Europe,825350.0,665368.11
catamaran,49.0,2016,Europe,922450.0,665368.11
catamaran,39.0,2017,USA,400000.0,485174.53
catamaran,39.0,2017,USA,400000.0,485174.53
catamaran,38.4,2017,Europe,297369.0,363688.33
catamaran,38.4,2017,Europe,333781.0,363688.33
catamaran,38.4,2017,Europe,357702.0,363688.33
catamaran,38.4,2017,Europe,358335.0,363688.33
catamaran,43.0,2017,Europe,449087.0,483493.88
catamaran,42.0,2017,Europe,452325.0,454472.93
catamaran,44.6,2017,Europe,350908.0,533830.92
catamaran,44.6,2017,Europe,426790.0,533830.92
catamaran,44.6,2017,Europe,601275.0,533830.92
catamaran,44.6,2017,Europe,601884.0,533830.92
catamaran,46.85,2017,Europe,314051.0,613607.11
catamaran,39.0,2017,Caribbean,209999.0,344991.48
catamaran,38.5,2017,Europe,382331.0,365946.55
catamaran,40.0,2017,USA,398000.0,516155.97
catamaran,39.5,2017,Europe,479431.0,389314.54
catamaran,39.0,2017,Europe,362911.0,377449.75
catamaran,39.0,2017,Europe,388400.0,377449.75
catamaran,39.0,2017,Europe,455156.0,377449.75
catamaran,39.0,2017,Europe,511198.0,377449.75
catamaran,39.0,2017,Europe,388703.0,377449.75
catamaran,42.5,2017,Europe,381953.0,468758.87
catamaran,42.5,2017,Europe,389097.0,468758.87
catamaran,42.5,2017,Europe,394079.0,468758.87
catamaran,42.5,2017,Europe,394469.0,468758.87
catamaran,42.5,2017,Europe,394776.0,468758.87
catamaran,42.5,2017,Europe,398110.0,468758.87
catamaran,42.5,2017,Europe,398420.0,468758.87
catamaran,42.5,2017,Europe,413415.0,468758.87
catamaran,42.5,2017,Europe,423599.0,468758.87
catamaran,42.5,2017,Europe,425144.0,468758.87
catamaran,42.5,2017,Europe,458344.0,468758.87
catamaran,42.5,2017,Europe,458344.0,468758.87
catamaran,42.5,2017,Europe,459155.0,468758.87
catamaran,42.5,2017,Europe,459620.0,468758.87
catamaran,42.5,2017,Europe,461225.0,468758.87
catamaran,42.5,2017,Europe,472895.0,468758.87
catamaran,42.5,2017,Europe,473362.0,468758.87
catamaran,42.5,2017,Europe,473732.0,468758.87
catamaran,42.5,2017,Europe,479431.0,468758.87
catamaran,42.5,2017,Europe,479431.0,468758.87
catamaran,42.5,2017,Europe,479805.0,468758.87
catamaran,42.5,2017,Europe,480291.0,468758.87
catamaran,42.5,2017,Europe,509775.0,468758.87
catamaran,42.5,2017,Europe,510172.0,468758.87
catamaran,42.5,2017,Europe,510689.0,468758.87
catamaran,42.5,2017,Europe,515844.0,468758.87
catamaran,42.5,2017,Europe,516246.0,468758.87
catamaran,42.5,2017,Caribbean,522510.0,428448.61
catamaran,42.5,2017,Caribbean,522848.0,428448.61
catamaran,42.5,2017,Europe,534050.0,468758.87
catamaran,42.5,2017,Europe,534050.0,468758.87
catamaran,42.5,2017,Europe,543760.0,468758.87
catamaran,42.5,2017,Europe,544184.0,468758.87
catamaran,42.5,2017,USA,545000.0,602543.43
catamaran,42.5,2017,USA,545000.0,602543.43
catamaran,42.5,2017,Europe,545648.0,468758.87
catamaran,42.5,2017,Europe,546613.0,468758.87
catamaran,42.5,2017,Europe,547167.0,468758.87
catamaran,42.5,2017,Caribbean,557470.0,428448.61
catamaran,42.5,2017,Caribbean,558110.0,428448.61
catamaran,42.5,2017,Europe,545648.0,468758.87
catamaran,42.5,2017,Europe,546613.0,468758.87
catamaran,45.0,2017,Europe,449000.0,547213.63
catamaran,45.0,2017,Europe,449000.0,547213.63
catamaran,45.8,2017,Europe,483808.0,574993.95
catamaran,45.8,2017,Europe,484664.0,574993.95
catamaran,45.8,2017,Caribbean,529000.0,525548.15
catamaran,45.8,2017,Europe,582600.0,574993.95
catamaran,45.8,2017,Europe,509775.0,574993.95
catamaran,45.8,2017,Europe,540677.0,574993.95
catamaran,45.8,2017,Europe,541087.0,574993.95
catamaran,45.8,2017,Europe,569899.0,574993.95
catamaran,45.8,2017,Europe,569899.0,574993.95
catamaran,45.8,2017,Europe,570830.0,574993.95
catamaran,45.8,2017,Europe,571486.0,574993.95
catamaran,45.8,2017,Caribbean,599000.0,525548.15
catamaran,45.8,2017,Caribbean,680000.0,525548.15
catamaran,45.8,2017,Europe,785793.0,574993.95
catamaran,45.8,2017,Europe,791947.0,574993.95
catamaran,45.8,2017,Europe,582024.0,574993.95
catamaran,45.8,2017,Europe,582024.0,574993.95
catamaran,45.8,2017,Europe,600000.0,574993.95
catamaran,45.8,2017,Europe,600000.0,574993.95
catamaran,45.0,2017,Caribbean,519000.0,500156.76
catamaran,45.0,2017,Europe,523822.0,547213.63
catamaran,45.0,2017,Europe,525317.0,547213.63
catamaran,45.0,2017,Europe,661494.0,547213.63
catamaran,45.0,2017,Europe,662010.0,547213.63
catamaran,45.0,2017,Caribbean,588087.0,500156.76
catamaran,45.0,2017,Caribbean,588669.0,500156.76
catamaran,45.0,2017,Caribbean,589151.0,500156.76
catamaran,45.0,2017,Europe,594737.0,547213.63
catamaran,45.0,2017,Europe,606875.0,547213.63
catamaran,45.0,2017,Europe,607348.0,547213.63
catamaran,45.0,2017,Caribbean,589343.0,500156.76
catamaran,48.0,2017,Caribbean,195000.0,602219.79
catamaran,48.0,2017,Caribbean,379999.0,602219.79
catamaran,48.0,2017,Europe,479999.0,658879.19
catamaran,48.0,2017,Europe,479999.0,658879.19
catamaran,52.0,2017,Caribbean,995000.0,771412.85
catamaran,52.0,2017,USA,1045000.0,1084866.97
catamaran,52.0,2017,Europe,1155130.0,843990.65
catamaran,52.0,2017,Europe,479805.0,843990.65
catamaran,52.0,2017,Europe,480291.0,843990.65
catamaran,52.0,2017,Europe,547167.0,843990.65
catamaran,52.0,2017,Caribbean,1100000.0,771412.85
catamaran,43.6,2017,USA,450000.0,644999.85
catamaran,43.6,2017,Caribbean,529000.0,458637.96
catamaran,43.6,2017,Caribbean,540000.0,458637.96
catamaran,39.0,2017,Europe,363765.0,377449.75
catamaran,39.0,2017,Europe,363765.0,377449.75
catamaran,39.0,2017,Europe,473362.0,377449.75
catamaran,39.0,2017,Europe,473732.0,377449.75
catamaran,39.0,2017,Europe,497637.0,377449.75
catamaran,39.0,2017,USA,495000.0,485174.53
catamaran,49.0,2017,Caribbean,1039617.0,640675.3
catamaran,56.0,2017,Caribbean,1094334.0,988140.53
catamaran,41.0,2018,USA,595000.0,578483.11
catamaran,41.0,2018,USA,595000.0,578483.11
catamaran,38.0,2018,Caribbean,330000.0,341626.99
catamaran,40.0,2018,Europe,316163.0,423027.76
catamaran,40.0,2018,USA,449000.0,543760.58
catamaran,41.0,2018,Europe,387664.0,450040.74
catamaran,41.0,2018,Europe,406606.0,450040.74
catamaran,41.0,2018,Europe,424393.0,450040.74
catamaran,41.0,2018,Europe,497146.0,450040.74
catamaran,41.0,2018,Europe,497958.0,450040.74
catamaran,43.0,2018,Europe,546613.0,509351.69
catamaran,43.0,2018,Europe,547167.0,509351.69
catamaran,43.0,2018,USA,549000.0,654721.5
catamaran,38.5,2018,Europe,385427.0,385517.79
catamaran,38.5,2018,Europe,411055.0,385517.79
catamaran,38.5,2018,Europe,411782.0,385517.79
catamaran,38.5,2018,Europe,431217.0,385517.79
catamaran,38.5,2018,Europe,431654.0,385517.79
catamaran,39.5,2018,Europe,443019.0,410135.52
catamaran,38.5,2018,Europe,451515.0,385517.79
catamaran,39.0,2018,Caribbean,489000.0,363442.02
catamaran,38.5,2018,Europe,498026.0,385517.79
catamaran,38.5,2018,Europe,498530.0,385517.79
catamaran,39.5,2018,Europe,449087.0,410135.52
catamaran,39.5,2018,Europe,449087.0,410135.52
catamaran,39.5,2018,Europe,449438.0,410135.52
catamaran,39.5,2018,Caribbean,454706.0,374866.49
catamaran,39.5,2018,Caribbean,455529.0,374866.49
catamaran,39.0,2018,Europe,363765.0,397636.19
catamaran,39.0,2018,Europe,364359.0,397636.19
catamaran,42.5,2018,Europe,449087.0,493828.64
catamaran,42.5,2018,Europe,460370.0,493828.64
catamaran,42.5,2018,Europe,460836.0,493828.64
catamaran,42.5,2018,Europe,479431.0,493828.64
catamaran,42.5,2018,Europe,480291.0,493828.64
catamaran,42.5,2018,Caribbean,485155.0,451362.53
catamaran,42.5,2018,Europe,509775.0,493828.64
catamaran,42.5,2018,Europe,515334.0,493828.64
catamaran,42.5,2018,Europe,515844.0,493828.64
catamaran,42.5,2018,Europe,516246.0,493828.64
catamaran,42.5,2018,Caribbean,522248.0,451362.53
catamaran,42.5,2018,Caribbean,522848.0,451362.53
catamaran,42.5,2018,Europe,540119.0,493828.64
catamaran,42.5,2018,Europe,556076.0,493828.64
catamaran,42.5,2018,Europe,557060.0,493828.64
catamaran,42.5,2018,Caribbean,484286.0,451362.53
catamaran,44.0,2018,USA,910000.0,696529.58
catamaran,45.8,2018,Europe,515334.0,605745.28
catamaran,45.8,2018,Europe,516176.0,605745.28
catamaran,45.8,2018,Caribbean,549000.0,553655.06
catamaran,45.8,2018,Europe,600212.0,605745.28
catamaran,45.8,2018,Europe,600212.0,605745.28
catamaran,45.8,2018,Europe,601193.0,605745.28
catamaran,45.8,2018,Europe,521397.0,605745.28
catamaran,45.8,2018,Europe,522319.0,605745.28
catamaran,45.8,2018,Europe,535008.0,605745.28
catamaran,45.8,2018,Europe,545648.0,605745.28
catamaran,45.8,2018,Europe,546539.0,605745.28
catamaran,45.8,2018,Caribbean,575000.0,553655.06
catamaran,45.8,2018,Europe,575961.0,605745.28
catamaran,45.8,2018,Europe,577127.0,605745.28
catamaran,45.8,2018,Europe,601275.0,605745.28
catamaran,45.8,2018,Caribbean,619012.0,553655.06
catamaran,45.8,2018,Caribbean,545000.0,553655.06
catamaran,45.8,2018,USA,649900.0,778625.99
catamaran,45.8,2018,USA,649900.0,778625.99
catamaran,45.0,2018,Europe,656646.0,576479.24
catamaran,45.0,2018,Europe,535045.0,576479.24
catamaran,45.0,2018,Europe,547205.0,576479.24
catamaran,45.0,2018,Europe,613367.0,576479.24
catamaran,45.0,2018,Europe,775274.0,576479.24
catamaran,48.0,2018,Europe,788937.0,694116.8
catamaran,48.0,2018,Europe,873900.0,694116.8
catamaran,48.0,2018,Europe,874616.0,694116.8
catamaran,52.0,2018,Caribbean,1075000.0,812668.89
catamaran,52.0,2018,Caribbean,1273178.0,812668.89
catamaran,52.0,2018,Caribbean,1260030.0,812668.89
catamaran,48.7,2018,USA,990000.0,931728.72
catamaran,55.0,2018,USA,2890000.0,1376106.79
catamaran,39.0,2018,Europe,398929.0,397636.19
catamaran,39.0,2018,Europe,449087.0,397636.19
catamaran,39.0,2018,Europe,457738.0,397636.19
catamaran,49.0,2018,Europe,910312.0,738440.52
catamaran,49.0,2018,Europe,910312.0,738440.52
catamaran,49.0,2018,Europe,934587.0,738440.52
catamaran,49.0,2018,Europe,934587.0,738440.52
catamaran,45.7,2018,Europe,777300.0,602007.28
catamaran,45.7,2018,Europe,778247.0,602007.28
catamaran,45.7,2018,Europe,778247.0,602007.28
catamaran,45.7,2018,Europe,778247.0,602007.28
catamaran,45.7,2018,Europe,788158.0,602007.28
catamaran,45.7,2018,Europe,789553.0,602007.28
catamaran,45.7,2018,USA,828000.0,773821.16
catamaran,45.7,2018,USA,828000.0,773821.16
catamaran,38.0,2019,Caribbean,301925.0,359897.6
catamaran,38.0,2019,Caribbean,302224.0,359897.6
catamaran,38.0,2019,Caribbean,302570.0,359897.6
catamaran,41.0,2019,Europe,304103.0,474109.43
catamaran,41.0,2019,Europe,409066.0,474109.43
catamaran,41.0,2019,Europe,461585.0,474109.43
catamaran,41.0,2019,Europe,462084.0,474109.43
catamaran,41.0,2019,Europe,480324.0,474109.43
catamaran,41.0,2019,Europe,483808.0,474109.43
catamaran,41.0,2019,Europe,484598.0,474109.43
catamaran,41.0,2019,Europe,509271.0,474109.43
catamaran,41.0,2019,Europe,510103.0,474109.43
catamaran,43.0,2019,Europe,521912.0,536592.4
catamaran,43.0,2019,Europe,522319.0,536592.4
catamaran,44.6,2019,Europe,558597.0,592457.57
catamaran,44.6,2019,Europe,583054.0,592457.57
catamaran,44.6,2019,Europe,583645.0,592457.57
catamaran,38.5,2019,Europe,418744.0,406135.73
catamaran,38.5,2019,Europe,419070.0,406135.73
catamaran,38.5,2019,Europe,455973.0,406135.73
catamaran,38.5,2019,Europe,460836.0,406135.73
catamaran,38.5,2019,Europe,467658.0,406135.73
catamaran,38.5,2019,Europe,468132.0,406135.73
catamaran,38.5,2019,Europe,474278.0,406135.73
catamaran,38.5,2019,Europe,474302.0,406135.73
catamaran,39.0,2019,Caribbean,485500.0,382879.32
catamaran,39.0,2019,Caribbean,486056.0,382879.32
catamaran,42.5,2019,Europe,359017.0,520239.16
catamaran,42.5,2019,Europe,443019.0,520239.16
catamaran,42.5,2019,Europe,443364.0,520239.16
catamaran,42.5,2019,Europe,460769.0,520239.16
catamaran,42.5,2019,Europe,461585.0,520239.16
catamaran,42.5,2019,Europe,478957.0,520239.16
catamaran,42.5,2019,Caribbean,479740.0,475501.92
catamaran,42.5,2019,Caribbean,480291.0,475501.92
catamaran,42.5,2019,Europe,483565.0,520239.16
catamaran,42.5,2019,Europe,485020.0,520239.16
catamaran,42.5,2019,Europe,485500.0,520239.16
catamaran,42.5,2019,Europe,485879.0,520239.16
catamaran,42.5,2019,Caribbean,486371.0,475501.92
catamaran,42.5,2019,Europe,486371.0,520239.16
catamaran,42.5,2019,Europe,486371.0,520239.16
catamaran,42.5,2019,Caribbean,499000.0,475501.92
catamaran,42.5,2019,Europe,557773.0,520239.16
catamaran,42.5,2019,USA,589000.0,668716.27
catamaran,42.5,2019,USA,589000.0,668716.27
catamaran,42.5,2019,Europe,594737.0,520239.16
catamaran,42.5,2019,Europe,594737.0,520239.16
catamaran,42.5,2019,Caribbean,705237.0,475501.92
catamaran,42.5,2019,Europe,709128.0,520239.16
catamaran,45.0,2019,USA,689000.0,780637.29
catamaran,45.0,2019,USA,689000.0,780637.29
catamaran,45.0,2019,Europe,872686.0,607310.01
catamaran,45.0,2019,Europe,873367.0,607310.01
catamaran,45.8,2019,Caribbean,544435.0,583265.17
catamaran,45.8,2019,Caribbean,590000.0,583265.17
catamaran,45.8,2019,Europe,594150.0,638141.24
catamaran,45.8,2019,Caribbean,599000.0,583265.17
catamaran,45.8,2019,Caribbean,665000.0,583265.17
catamaran,45.8,2019,Caribbean,666903.0,583265.17
catamaran,45.8,2019,Europe,666903.0,638141.24
catamaran,45.8,2019,Caribbean,668327.0,583265.17
catamaran,45.8,2019,Caribbean,699635.0,583265.17
catamaran,45.8,2019,Caribbean,702976.0,583265.17
catamaran,45.8,2019,Caribbean,544435.0,583265.17
catamaran,45.8,2019,Caribbean,551710.0,583265.17
catamaran,45.8,2019,Europe,595120.0,638141.24
catamaran,45.8,2019,Europe,615851.0,638141.24
catamaran,45.8,2019,Europe,616475.0,638141.24
catamaran,45.8,2019,Europe,641439.0,638141.24
catamaran,45.8,2019,Europe,594150.0,638141.24
catamaran,46.0,2019,Caribbean,715405.0,590530.91
catamaran,46.0,2019,Caribbean,716932.0,590530.91
catamaran,45.0,2019,Europe,752525.0,607310.01
catamaran,45.0,2019,Europe,753112.0,607310.01
catamaran,55.5,2019,Europe,811143.0,1163272.69
catamaran,55.5,2019,Europe,1246325.0,1163272.69
catamaran,48.0,2019,Europe,788937.0,731238.96
catamaran,48.0,2019,Europe,788937.0,731238.96
catamaran,48.0,2019,Europe,789584.0,731238.96
catamaran,48.0,2019,Europe,849625.0,731238.96
catamaran,48.0,2019,Europe,875114.0,731238.96
catamaran,48.0,2019,Europe,875796.0,731238.96
catamaran,48.0,2019,Caribbean,1082175.0,668357.09
catamaran,41.0,2019,USA,499000.0,609421.05
catamaran,41.0,2019,USA,671824.0,609421.05
catamaran,41.0,2019,Europe,697906.0,474109.43
catamaran,39.0,2019,Europe,455511.0,418902.23
catamaran,45.7,2019,Europe,760007.0,634203.32
catamaran,45.7,2019,USA,874000.0,815206.0
catamaran,45.7,2019,USA,874000.0,815206.0
catamaran,56.0,2019,USA,1495000.0,1542275.17
monohull,40.0,2005,USA,184900.0,132843.97
monohull,38.0,2005,USA,169900.0,117375.08
monohull,38.0,2005,USA,69000.0,117375.08
monohull,38.0,2005,USA,109335.0,117375.08
monohull,38.0,2005,USA,119000.0,117375.08
monohull,38.0,2005,Europe,53447.0,91313.94
monohull,38.0,2005,Europe,54661.0,91313.94
monohull,38.0,2005,Europe,66825.0,91313.94
monohull,38.0,2005,Europe,75178.0,91313.94
monohull,38.0,2005,Europe,91101.0,91313.94
monohull,38.0,2005,Europe,233156.0,91313.94
monohull,38.0,2005,Europe,87458.0,91313.94
monohull,38.0,2005,Europe,98591.0,91313.94
monohull,38.0,2005,Europe,306497.0,91313.94
monohull,38.0,2005,Caribbean,86000.0,83461.52
monohull,38.0,2005,USA,125000.0,117375.08
monohull,39.0,2005,Europe,186497.0,97144.9
monohull,39.0,2005,Caribbean,245000.0,88791.06
monohull,39.0,2005,Europe,66748.0,97144.9
monohull,39.0,2005,Europe,85017.0,97144.9
monohull,40.0,2005,Europe,97054.0,103348.22
monohull,39.0,2005,Europe,120285.0,97144.9
monohull,40.0,2005,Europe,200476.0,103348.22
monohull,40.0,2005,Europe,299771.0,103348.22
monohull,41.0,2005,USA,259000.0,141326.89
monohull,40.0,2005,USA,124900.0,132843.97
monohull,41.0,2005,Europe,176176.0,109947.65
monohull,40.0,2005,Europe,96555.0,103348.22
monohull,40.0,2005,USA,124900.0,132843.97
monohull,40.0,2005,USA,132000.0,132843.97
monohull,40.0,2005,Europe,94746.0,103348.22
monohull,40.0,2005,Europe,83814.0,103348.22
monohull,40.0,2005,Europe,93256.0,103348.22
monohull,40.0,2005,Europe,103249.0,103348.22
monohull,40.0,2005,Europe,108108.0,103348.22
monohull,40.0,2005,Europe,120239.0,103348.22
monohull,43.0,2005,Europe,166473.0,124437.67
monohull,46.0,2005,USA,270000.0,192592.6
monohull,42.0,2005,Europe,91102.0,116968.5
monohull,42.0,2005,Europe,94746.0,116968.5
monohull,42.0,2005,Europe,95961.0,116968.5
monohull,42.0,2005,Europe,112906.0,116968.5
monohull,42.0,2005,Europe,83270.0,116968.5
monohull,42.0,2005,USA,159500.0,150351.5
monohull,42.0,2005,Caribbean,165000.0,106909.95
monohull,41.0,2005,Europe,58297.0,109947.65
monohull,41.0,2005,Europe,78945.0,109947.65
monohull,42.0,2005,Europe,119242.0,116968.5
monohull,44.0,2005,Europe,286566.0,132383.8
monohull,44.0,2005,USA,299950.0,170166.35
monohull,43.0,2005,Europe,181597.0,124437.67
monohull,44.0,2005,Europe,339508.0,132383.8
monohull,44.0,2005,Europe,351047.0,132383.8
monohull,44.0,2005,Europe,139690.0,132383.8
monohull,44.0,2005,USA,149000.0,170166.35
monohull,44.0,2005,Europe,163984.0,132383.8
monohull,44.0,2005,USA,165900.0,170166.35
monohull,43.0,2005,Europe,321907.0,124437.67
monohull,44.0,2005,USA,148106.0,170166.35
monohull,44.0,2005,USA,159000.0,170166.35
monohull,44.0,2005,Europe,133617.0,132383.8
monohull,45.0,2005,Europe,302459.0,140837.33
monohull,45.0,2005,USA,345000.0,181032.54
monohull,44.0,2005,Europe,91858.0,132383.8
monohull,44.0,2005,Europe,98390.0,132383.8
monohull,44.0,2005,Europe,109323.0,132383.8
monohull,44.0,2005,Europe,127543.0,132383.8
monohull,45.0,2005,Europe,224719.0,140837.33
monohull,45.0,2005,Europe,139726.0,140837.33
monohull,45.0,2005,Europe,127548.0,140837.33
monohull,46.0,2005,Europe,393128.0,149830.68
monohull,46.0,2005,Europe,132436.0,149830.68
monohull,46.0,2005,Europe,170057.0,149830.68
monohull,46.0,2005,Europe,179942.0,149830.68
monohull,46.0,2005,Europe,303674.0,149830.68
monohull,46.0,2005,Europe,169000.0,149830.68
monohull,48.0,2005,Europe,406940.0,169576.89
monohull,49.0,2005,Europe,464979.0,180405.44
monohull,50.0,2005,Europe,103249.0,191925.46
monohull,50.0,2005,Europe,145744.0,191925.46
monohull,49.0,2005,Caribbean,230000.0,164891.73
monohull,49.0,2005,Europe,252527.0,180405.44
monohull,49.0,2005,Europe,103249.0,180405.44
monohull,49.0,2005,Europe,109323.0,180405.44
monohull,49.0,2005,Europe,136896.0,180405.44
monohull,49.0,2005,Europe,151843.0,180405.44
monohull,53.0,2005,Europe,399651.0,231090.17
monohull,53.0,2005,Europe,200433.0,231090.17
monohull,53.0,2005,Europe,236875.0,231090.17
monohull,53.0,2005,Europe,333920.0,231090.17
monohull,53.0,2005,Europe,334055.0,231090.17
monohull,56.0,2005,Europe,461603.0,278246.92
monohull,46.0,2005,Europe,297560.0,149830.68
monohull,40.0,2005,Europe,132436.0,103348.22
monohull,40.0,2005,Caribbean,139696.0,94460.93
monohull,40.0,2005,Caribbean,145817.0,94460.93
monohull,40.0,2005,Caribbean,146196.0,94460.93
monohull,40.0,2005,Europe,151837.0,103348.22
monohull,40.0,2005,Europe,151876.0,103348.22
monohull,41.0,2005,Europe,150622.0,109947.65
monohull,46.0,2005,Europe,163984.0,149830.68
monohull,51.0,2005,Europe,200425.0,204181.11
monohull,52.0,2005,Europe,255086.0,217219.35
monohull,46.0,2005,Europe,84786.0,149830.68
monohull,46.0,2005,Europe,84907.0,149830.68
monohull,46.0,2005,Europe,91106.0,149830.68
monohull,46.0,2005,Europe,96933.0,149830.68
monohull,46.0,2005,Europe,101063.0,149830.68
monohull,46.0,2005,Europe,103249.0,149830.68
monohull,46.0,2005,Europe,103253.0,149830.68
monohull,46.0,2005,Europe,105705.0,149830.68
monohull,46.0,2005,Europe,109338.0,149830.68
monohull,46.0,2005,Europe,115396.0,149830.68
monohull,46.0,2005,Europe,133015.0,149830.68
monohull,46.0,2005,Europe,133651.0,149830.68
monohull,46.0,2005,Europe,145769.0,149830.68
monohull,39.0,2005,USA,72900.0,124870.22
monohull,39.0,2005,Europe,78975.0,97144.9
monohull,39.0,2005,Europe,82620.0,97144.9
monohull,39.0,2005,Europe,95860.0,97144.9
monohull,39.0,2005,Caribbean,99000.0,88791.06
monohull,39.0,2005,Europe,101427.0,97144.9
monohull,39.0,2005,Europe,103249.0,97144.9
monohull,39.0,2005,Europe,103275.0,97144.9
monohull,39.0,2005,Europe,108108.0,97144.9
monohull,43.0,2005,Europe,95961.0,124437.67
monohull,43.0,2005,Europe,101792.0,124437.67
monohull,43.0,2005,Europe,106519.0,124437.67
monohull,43.0,2005,Europe,108108.0,124437.67
monohull,51.0,2005,Caribbean,105000.0,186622.84
monohull,39.0,2005,USA,124500.0,124870.22
monohull,39.0,2005,Europe,157889.0,97144.9
monohull,44.0,2005,Europe,119040.0,132383.8
monohull,44.0,2005,USA,129900.0,170166.35
monohull,44.0,2005,Europe,131187.0,132383.8
monohull,44.0,2005,USA,149000.0,170166.35
monohull,44.0,2005,USA,180000.0,170166.35
monohull,47.0,2005,Europe,127543.0,159398.31
monohull,47.0,2005,Europe,78955.0,159398.31
monohull,44.0,2005,Europe,91102.0,132383.8
monohull,44.0,2005,Europe,127543.0,132383.8
monohull,40.0,2005,USA,195000.0,132843.97
monohull,46.0,2005,Caribbean,179950.0,136946.2
monohull,46.0,2005,USA,194950.0,192592.6
monohull,46.0,2005,USA,199900.0,192592.6
monohull,48.0,2005,USA,479000.0,217974.42
monohull,43.0,2005,USA,139995.0,159952.39
monohull,43.0,2005,USA,147900.0,159952.39
monohull,43.0,2005,USA,144900.0,159952.39
monohull,47.0,2005,Europe,102034.0,159398.31
monohull,47.0,2005,USA,185000.0,204890.85
monohull,47.0,2005,USA,195000.0,204890.85
monohull,53.0,2005,Europe,212572.0,231090.17
monohull,53.0,2005,Europe,224719.0,231090.17
monohull,43.0,2005,Europe,91090.0,124437.67
monohull,43.0,2005,Europe,103921.0,124437.67
monohull,43.0,2005,Europe,108108.0,124437.67
monohull,43.0,2005,Europe,127526.0,124437.67
monohull,47.0,2005,Europe,133611.0,159398.31
monohull,47.0,2005,Europe,144549.0,159398.31
monohull,53.0,2005,Europe,223504.0,231090.17
monohull,53.0,2005,Europe,224719.0,231090.17
monohull,41.0,2005,Europe,267233.0,109947.65
monohull,46.0,2005,USA,142500.0,192592.6
monohull,41.0,2005,Europe,168843.0,109947.65
monohull,40.0,2005,Europe,121470.0,103348.22
monohull,40.0,2005,Europe,103235.0,103348.22
monohull,40.0,2005,Europe,94746.0,103348.22
monohull,40.0,2005,USA,114900.0,132843.97
monohull,40.0,2005,USA,118900.0,132843.97
monohull,40.0,2005,USA,124900.0,132843.97
monohull,40.0,2005,USA,126500.0,132843.97
monohull,42.0,2005,USA,149900.0,150351.5
monohull,42.0,2005,USA,165000.0,150351.5
monohull,45.0,2005,Europe,93532.0,140837.33
monohull,45.0,2005,Europe,95961.0,140837.33
monohull,45.0,2005,Europe,102034.0,140837.33
monohull,45.0,2005,Europe,132402.0,140837.33
monohull,45.0,2005,Europe,187063.0,140837.33
monohull,49.0,2005,Europe,139690.0,180405.44
monohull,49.0,2005,Europe,151837.0,180405.44
monohull,49.0,2005,Caribbean,157968.0,164891.73
monohull,49.0,2005,Europe,162776.0,180405.44
monohull,49.0,2005,Europe,163984.0,180405.44
monohull,49.0,2005,Europe,166420.0,180405.44
monohull,49.0,2005,Europe,168843.0,180405.44
monohull,49.0,2005,Europe,194359.0,180405.44
monohull,49.0,2005,Europe,222298.0,180405.44
monohull,49.0,2005,USA,255000.0,231893.45
monohull,49.0,2005,Europe,216225.0,180405.44
monohull,49.0,2005,Europe,236875.0,180405.44
monohull,49.0,2005,USA,335000.0,231893.45
monohull,55.0,2005,Europe,236866.0,261545.59
monohull,55.0,2005,Europe,242939.0,261545.59
monohull,55.0,2005,Europe,251808.0,261545.59
monohull,55.0,2005,Europe,267233.0,261545.59
monohull,55.0,2005,Europe,301204.0,261545.59
monohull,55.0,2005,Europe,358287.0,261545.59
monohull,55.0,2005,Europe,358335.0,261545.59
monohull,50.0,2005,Europe,334042.0,191925.46
monohull,38.0,2006,USA,129000.0,123652.44
monohull,38.0,2006,USA,129900.0,123652.44
monohull,38.0,2006,USA,144900.0,123652.44
monohull,38.0,2006,Europe,66549.0,96197.51
monohull,38.0,2006,USA,89900.0,123652.44
monohull,38.0,2006,USA,94500.0,123652.44
monohull,38.0,2006,USA,95000.0,123652.44
monohull,38.0,2006,Europe,95961.0,96197.51
monohull,38.0,2006,USA,105000.0,123652.44
monohull,38.0,2006,USA,108551.0,123652.44
monohull,38.0,2006,USA,109400.0,123652.44
monohull,38.0,2006,USA,117300.0,123652.44
monohull,38.0,2006,USA,119000.0,123652.44
monohull,37.0,2006,USA,109000.0,116230.4
monohull,38.0,2006,Europe,103249.0,96197.51
monohull,38.0,2006,USA,194995.0,123652.44
monohull,38.0,2006,USA,135900.0,123652.44
monohull,38.0,2006,USA,159900.0,123652.44
monohull,39.0,2006,Europe,59520.0,102340.32
monohull,39.0,2006,Europe,72760.0,102340.32
monohull,39.0,2006,Europe,78955.0,102340.32
monohull,39.0,2006,Europe,78955.0,102340.32
monohull,39.0,2006,Europe,91102.0,102340.32
monohull,39.0,2006,Europe,94770.0,102340.32
monohull,39.0,2006,Europe,95961.0,102340.32
monohull,39.0,2006,Europe,95961.0,102340.32
monohull,39.0,2006,Europe,102668.0,102340.32
monohull,39.0,2006,Europe,109201.0,102340.32
monohull,39.0,2006,Europe,78945.0,102340.32
monohull,41.0,2006,Europe,111752.0,115827.77
monohull,41.0,2006,Europe,145744.0,115827.77
monohull,39.0,2006,Europe,159277.0,102340.32
monohull,40.0,2006,Europe,108108.0,108875.4
monohull,40.0,2006,Europe,93249.0,108875.4
monohull,40.0,2006,Europe,108135.0,108875.4
monohull,40.0,2006,Europe,115275.0,108875.4
monohull,40.0,2006,USA,145000.0,139948.62
monohull,40.0,2006,Europe,91102.0,108875.4
monohull,40.0,2006,Europe,139690.0,108875.4
monohull,40.0,2006,USA,120000.0,139948.62
monohull,40.0,2006,Europe,95948.0,108875.4
monohull,40.0,2006,USA,139000.0,139948.62
monohull,40.0,2006,USA,149000.0,139948.62
monohull,40.0,2006,USA,149500.0,139948.62
monohull,40.0,2006,USA,174500.0,139948.62
monohull,40.0,2006,Europe,94733.0,108875.4
monohull,40.0,2006,Europe,100820.0,108875.4
monohull,46.0,2006,USA,349000.0,202892.68
monohull,42.0,2006,Europe,102034.0,123224.11
monohull,42.0,2006,USA,109000.0,158392.47
monohull,42.0,2006,Europe,109065.0,123224.11
monohull,42.0,2006,Europe,120862.0,123224.11
monohull,42.0,2006,Europe,145764.0,123224.11
monohull,42.0,2006,USA,159900.0,158392.47
monohull,41.0,2006,Europe,57091.0,115827.77
monohull,41.0,2006,Europe,57091.0,115827.77
monohull,43.0,2006,Caribbean,85000.0,119819.6
monohull,43.0,2006,USA,176000.0,168506.82
monohull,42.0,2006,USA,285000.0,158392.47
monohull,42.0,2006,USA,285000.0,158392.47
monohull,43.0,2006,Europe,157911.0,131092.74
monohull,44.0,2006,Europe,109080.0,139463.83
monohull,44.0,2006,USA,163000.0,179267.04
monohull,44.0,2006,Europe,358287.0,139463.83
monohull,44.0,2006,USA,169900.0,179267.04
monohull,44.0,2006,Caribbean,159000.0,127470.83
monohull,44.0,2006,Europe,132402.0,139463.83
monohull,45.0,2006,Europe,340008.0,148369.47
monohull,45.0,2006,USA,350000.0,190714.37
monohull,45.0,2006,Europe,376505.0,148369.47
monohull,44.0,2006,Europe,413104.0,139463.83
monohull,45.0,2006,Europe,279845.0,148369.47
monohull,45.0,2006,Europe,279854.0,148369.47
monohull,45.0,2006,Europe,144549.0,148369.47
monohull,45.0,2006,Europe,156742.0,148369.47
monohull,45.0,2006,Europe,176176.0,148369.47
monohull,45.0,2006,Europe,193137.0,148369.47
monohull,45.0,2006,Europe,200425.0,148369.47
monohull,45.0,2006,USA,167500.0,190714.37
monohull,45.0,2006,USA,205000.0,190714.37
monohull,45.0,2006,Europe,145764.0,148369.47
monohull,45.0,2006,Europe,163984.0,148369.47
monohull,45.0,2006,Europe,132402.0,148369.47
monohull,45.0,2006,Europe,168886.0,148369.47
monohull,45.0,2006,USA,179900.0,190714.37
monohull,46.0,2006,USA,499000.0,202892.68
monohull,46.0,2006,Europe,143371.0,157843.8
monohull,46.0,2006,Europe,143371.0,157843.8
monohull,46.0,2006,Europe,162769.0,157843.8
monohull,46.0,2006,Europe,194351.0,157843.8
monohull,46.0,2006,Europe,200425.0,157843.8
monohull,47.0,2006,Europe,82588.0,167923.11
monohull,47.0,2006,USA,489000.0,215848.65
monohull,47.0,2006,Europe,199990.0,167923.11
monohull,48.0,2006,USA,386000.0,229631.94
monohull,52.0,2006,Europe,533252.0,228836.49
monohull,49.0,2006,Europe,206498.0,190053.73
monohull,49.0,2006,Caribbean,273182.0,173710.33
monohull,50.0,2006,Europe,358209.0,202189.86
monohull,49.0,2006,Europe,97176.0,190053.73
monohull,49.0,2006,Europe,115396.0,190053.73
monohull,49.0,2006,Europe,117826.0,190053.73
monohull,49.0,2006,Europe,121470.0,190053.73
monohull,49.0,2006,Europe,121470.0,190053.73
monohull,49.0,2006,Europe,127543.0,190053.73
monohull,49.0,2006,Europe,139690.0,190053.73
monohull,49.0,2006,Europe,173094.0,190053.73
monohull,52.0,2006,Europe,346188.0,228836.49
monohull,53.0,2006,USA,337000.0,312929.93
monohull,53.0,2006,Europe,179775.0,243449.14
monohull,53.0,2006,Europe,179782.0,243449.14
monohull,56.0,2006,Caribbean,495000.0,267920.76
monohull,52.0,2006,Europe,267233.0,228836.49
monohull,40.0,2006,Europe,170057.0,108875.4
monohull,41.0,2006,Europe,120255.0,115827.77
monohull,41.0,2006,Europe,139690.0,115827.77
monohull,46.0,2006,Europe,89910.0,157843.8
monohull,46.0,2006,Europe,94770.0,157843.8
monohull,46.0,2006,Europe,99881.0,157843.8
monohull,46.0,2006,Europe,100820.0,157843.8
monohull,46.0,2006,Europe,102034.0,157843.8
monohull,46.0,2006,Europe,103188.0,157843.8
monohull,46.0,2006,Europe,108112.0,157843.8
monohull,46.0,2006,Europe,109350.0,157843.8
monohull,46.0,2006,Europe,127548.0,157843.8
monohull,46.0,2006,Europe,129000.0,157843.8
monohull,49.0,2006,Caribbean,184900.0,173710.33
monohull,39.0,2006,Europe,71667.0,102340.32
monohull,39.0,2006,Europe,72639.0,102340.32
monohull,39.0,2006,Europe,74115.0,102340.32
monohull,39.0,2006,USA,90838.0,131548.42
monohull,39.0,2006,Europe,91102.0,102340.32
monohull,39.0,2006,USA,99000.0,131548.42
monohull,39.0,2006,Europe,99630.0,102340.32
monohull,39.0,2006,USA,149000.0,131548.42
monohull,43.0,2006,Europe,95961.0,131092.74
monohull,43.0,2006,Europe,87458.0,131092.74
monohull,43.0,2006,Europe,88673.0,131092.74
monohull,43.0,2006,Europe,95961.0,131092.74
monohull,43.0,2006,Europe,97176.0,131092.74
monohull,51.0,2006,Europe,103249.0,215100.95
monohull,51.0,2006,Europe,144549.0,215100.95
monohull,51.0,2006,USA,199900.0,276491.11
monohull,38.0,2006,Europe,200425.0,96197.51
monohull,39.0,2006,USA,160000.0,131548.42
monohull,44.0,2006,Europe,131187.0,139463.83
monohull,44.0,2006,USA,149000.0,179267.04
monohull,44.0,2006,Europe,151837.0,139463.83
monohull,44.0,2006,USA,155000.0,179267.04
monohull,49.0,2006,Europe,241734.0,190053.73
monohull,38.0,2006,Europe,59520.0,96197.51
monohull,38.0,2006,Europe,72882.0,96197.51
monohull,38.0,2006,Europe,93076.0,96197.51
monohull,38.0,2006,Europe,100212.0,96197.51
monohull,44.0,2006,Europe,106893.0,139463.83
monohull,44.0,2006,Europe,129973.0,139463.83
monohull,44.0,2006,Europe,168843.0,139463.83
monohull,44.0,2006,Europe,201697.0,139463.83
monohull,40.0,2006,USA,189000.0,139948.62
monohull,46.0,2006,USA,219000.0,202892.68
monohull,46.0,2006,Caribbean,200000.0,144270.24
monohull,43.0,2006,USA,139900.0,168506.82
monohull,43.0,2006,USA,142000.0,168506.82
monohull,43.0,2006,USA,144900.0,168506.82
monohull,43.0,2006,USA,145900.0,168506.82
monohull,43.0,2006,USA,155000.0,168506.82
monohull,43.0,2006,USA,155969.0,168506.82
monohull,43.0,2006,USA,159900.0,168506.82
monohull,47.0,2006,Europe,151837.0,167923.11
monohull,47.0,2006,Europe,151876.0,167923.11
monohull,47.0,2006,Europe,151876.0,167923.11
monohull,47.0,2006,Europe,151876.0,167923.11
monohull,47.0,2006,USA,229000.0,215848.65
monohull,47.0,2006,USA,299000.0,215848.65
monohull,49.0,2006,Europe,157668.0,190053.73
monohull,49.0,2006,Europe,185858.0,190053.73
monohull,49.0,2006,Europe,188278.0,190053.73
monohull,49.0,2006,Caribbean,189000.0,173710.33
monohull,49.0,2006,Europe,194351.0,190053.73
monohull,49.0,2006,Europe,194359.0,190053.73
monohull,49.0,2006,Europe,199781.0,190053.73
monohull,49.0,2006,Europe,205284.0,190053.73
monohull,49.0,2006,Europe,206498.0,190053.73
monohull,49.0,2006,Europe,224719.0,190053.73
monohull,51.0,2006,Caribbean,139000.0,196603.64
monohull,53.0,2006,Europe,252657.0,243449.14
monohull,53.0,2006,Europe,361980.0,243449.14
monohull,53.0,2006,Europe,194108.0,243449.14
monohull,43.0,2006,Europe,85017.0,131092.74
monohull,43.0,2006,Europe,95961.0,131092.74
monohull,43.0,2006,Europe,145764.0,131092.74
monohull,47.0,2006,Europe,144586.0,167923.11
monohull,47.0,2006,Europe,144586.0,167923.11
monohull,53.0,2006,Europe,176131.0,243449.14
monohull,53.0,2006,Europe,230792.0,243449.14
monohull,42.0,2006,Europe,156696.0,123224.11
monohull,42.0,2006,Europe,193137.0,123224.11
monohull,47.0,2006,Europe,279391.0,167923.11
monohull,40.0,2006,Europe,72760.0,108875.4
monohull,40.0,2006,Europe,103249.0,108875.4
monohull,40.0,2006,Europe,113913.0,108875.4
monohull,40.0,2006,Europe,115396.0,108875.4
monohull,40.0,2006,Europe,119648.0,108875.4
monohull,40.0,2006,USA,129500.0,139948.62
monohull,40.0,2006,USA,129900.0,139948.62
monohull,42.0,2006,Europe,133230.0,123224.11
monohull,42.0,2006,USA,159000.0,158392.47
monohull,42.0,2006,Caribbean,180000.0,112627.62
monohull,42.0,2006,USA,198500.0,158392.47
monohull,45.0,2006,Europe,103188.0,148369.47
monohull,45.0,2006,Europe,109323.0,148369.47
monohull,45.0,2006,Europe,115396.0,148369.47
monohull,45.0,2006,Europe,132402.0,148369.47
monohull,45.0,2006,Europe,132436.0,148369.47
monohull,45.0,2006,Europe,139690.0,148369.47
monohull,45.0,2006,Europe,156696.0,148369.47
monohull,45.0,2006,USA,169000.0,190714.37
monohull,45.0,2006,Europe,173702.0,148369.47
monohull,48.0,2006,Europe,206507.0,178646.06
monohull,49.0,2006,Europe,115396.0,190053.73
monohull,49.0,2006,USA,249900.0,244295.38
monohull,49.0,2006,USA,279900.0,244295.38
monohull,49.0,2006,Europe,132407.0,190053.73
monohull,49.0,2006,USA,175000.0,244295.38
monohull,49.0,2006,Europe,200433.0,190053.73
monohull,49.0,2006,Europe,206507.0,190053.73
monohull,49.0,2006,Europe,224728.0,190053.73
monohull,49.0,2006,USA,278165.0,244295.38
monohull,49.0,2006,Europe,252667.0,190053.73
monohull,55.0,2006,Europe,179775.0,275533.35
monohull,55.0,2006,Europe,230792.0,275533.35
monohull,55.0,2006,Europe,299771.0,275533.35
monohull,51.0,2006,USA,635000.0,276491.11
monohull,40.0,2006,Europe,180990.0,108875.4
monohull,40.0,2006,Europe,212572.0,108875.4
monohull,43.0,2006,Europe,208928.0,131092.74
monohull,50.0,2006,Europe,388703.0,202189.86
monohull,50.0,2006,Europe,425144.0,202189.86
monohull,41.0,2007,Europe,302459.0,122022.38
monohull,41.0,2007,Europe,346474.0,122022.38
monohull,44.0,2007,USA,295000.0,188854.45
monohull,38.0,2007,USA,99000.0,130265.51
monohull,38.0,2007,Caribbean,105000.0,92627.48
monohull,38.0,2007,USA,109700.0,130265.51
monohull,38.0,2007,Caribbean,72908.0,92627.48
monohull,38.0,2007,Europe,91102.0,101342.26
monohull,38.0,2007,Europe,91102.0,101342.26
monohull,38.0,2007,Europe,102034.0,101342.26
monohull,39.0,2007,Europe,67537.0,107813.6
monohull,39.0,2007,Europe,68023.0,107813.6
monohull,39.0,2007,Europe,68040.0,107813.6
monohull,39.0,2007,Europe,69238.0,107813.6
monohull,39.0,2007,USA,85900.0,138583.78
monohull,39.0,2007,Europe,91102.0,107813.6
monohull,39.0,2007,Europe,91102.0,107813.6
monohull,39.0,2007,Europe,97176.0,107813.6
monohull,39.0,2007,Europe,99898.0,107813.6
monohull,39.0,2007,Europe,123292.0,107813.6
monohull,39.0,2007,Europe,193793.0,107813.6
monohull,39.0,2007,Europe,91090.0,107813.6
monohull,41.0,2007,Europe,95948.0,122022.38
monohull,41.0,2007,Europe,109308.0,122022.38
monohull,40.0,2007,Europe,407217.0,114698.18
monohull,40.0,2007,Europe,425144.0,114698.18
monohull,40.0,2007,Europe,95985.0,114698.18
monohull,40.0,2007,Europe,133598.0,114698.18
monohull,39.0,2007,Europe,119024.0,107813.6
monohull,40.0,2007,Europe,91102.0,114698.18
monohull,40.0,2007,Europe,103128.0,114698.18
monohull,40.0,2007,Europe,103154.0,114698.18
monohull,40.0,2007,Europe,103249.0,114698.18
monohull,40.0,2007,Europe,120255.0,114698.18
monohull,41.0,2007,Europe,206470.0,122022.38
monohull,41.0,2007,Europe,224776.0,122022.38
monohull,40.0,2007,Europe,97041.0,114698.18
monohull,42.0,2007,Europe,205284.0,129814.27
monohull,42.0,2007,Europe,206498.0,129814.27
monohull,46.0,2007,USA,274000.0,213743.61
monohull,42.0,2007,Europe,358393.0,129814.27
monohull,42.0,2007,USA,169000.0,166863.48
monohull,42.0,2007,USA,159800.0,166863.48
monohull,43.0,2007,Caribbean,125000.0,126227.69
monohull,43.0,2007,Caribbean,125000.0,126227.69
monohull,43.0,2007,Europe,224719.0,138103.73
monohull,43.0,2007,Europe,176131.0,138103.73
monohull,43.0,2007,Europe,145642.0,138103.73
monohull,43.0,2007,Europe,136046.0,138103.73
monohull,43.0,2007,Europe,136653.0,138103.73
monohull,43.0,2007,Caribbean,157907.0,126227.69
monohull,43.0,2007,Europe,168843.0,138103.73
monohull,44.0,2007,Europe,84786.0,146922.52
monohull,44.0,2007,Europe,193137.0,146922.52
monohull,44.0,2007,Europe,290312.0,146922.52
monohull,44.0,2007,Europe,205284.0,146922.52
monohull,45.0,2007,Europe,139690.0,156304.44
monohull,45.0,2007,Europe,156696.0,156304.44
monohull,45.0,2007,Europe,176131.0,156304.44
monohull,45.0,2007,Europe,193137.0,156304.44
monohull,45.0,2007,Europe,194230.0,156304.44
monohull,45.0,2007,Europe,200484.0,156304.44
monohull,46.0,2007,Europe,351047.0,166285.46
monohull,45.0,2007,USA,173000.0,200913.99
monohull,45.0,2007,USA,175900.0,200913.99
monohull,45.0,2007,Europe,159171.0,156304.44
monohull,46.0,2007,USA,360000.0,213743.61
monohull,46.0,2007,USA,129900.0,213743.61
monohull,48.0,2007,Europe,319756.0,188200.26
monohull,47.0,2007,Europe,193186.0,176903.83
monohull,47.0,2007,Europe,205284.0,176903.83
monohull,48.0,2007,USA,339950.0,241912.92
monohull,47.0,2007,Europe,261160.0,176903.83
monohull,47.0,2007,Europe,236866.0,176903.83
monohull,47.0,2007,USA,274999.0,227392.48
monohull,47.0,2007,Europe,180990.0,176903.83
monohull,47.0,2007,Europe,181036.0,176903.83
monohull,47.0,2007,Europe,181597.0,176903.83
monohull,47.0,2007,Europe,236866.0,176903.83
monohull,48.0,2007,USA,389900.0,241912.92
monohull,48.0,2007,Europe,194351.0,188200.26
monohull,52.0,2007,USA,447000.0,309878.12
monohull,48.0,2007,Europe,188285.0,188200.26
monohull,48.0,2007,Europe,200433.0,188200.26
monohull,48.0,2007,Europe,204069.0,188200.26
monohull,48.0,2007,Europe,212580.0,188200.26
monohull,50.0,2007,USA,225000.0,273794.67
monohull,50.0,2007,USA,249000.0,273794.67
monohull,50.0,2007,USA,249000.0,273794.67
monohull,49.0,2007,Europe,267233.0,200218.02
monohull,49.0,2007,Europe,267244.0,200218.02
monohull,49.0,2007,Europe,279380.0,200218.02
monohull,49.0,2007,Europe,281810.0,200218.02
monohull,49.0,2007,Europe,281810.0,200218.02
monohull,49.0,2007,Europe,285415.0,200218.02
monohull,49.0,2007,Europe,94746.0,200218.02
monohull,49.0,2007,Europe,107486.0,200218.02
monohull,49.0,2007,Europe,108108.0,200218.02
monohull,49.0,2007,Europe,121470.0,200218.02
monohull,49.0,2007,Europe,133617.0,200218.02
monohull,49.0,2007,Europe,145769.0,200218.02
monohull,49.0,2007,Europe,173094.0,200218.02
monohull,49.0,2007,Europe,180382.0,200218.02
monohull,49.0,2007,Europe,182212.0,200218.02
monohull,49.0,2007,Europe,184634.0,200218.02
monohull,49.0,2007,Europe,582470.0,200218.02
monohull,52.0,2007,Europe,202854.0,241074.93
monohull,52.0,2007,Europe,422714.0,241074.93
monohull,52.0,2007,USA,365000.0,309878.12
monohull,53.0,2007,USA,279000.0,329665.78
monohull,50.0,2007,Europe,261160.0,213003.2
monohull,53.0,2007,Europe,388703.0,256469.08
monohull,53.0,2007,Europe,646174.0,256469.08
monohull,53.0,2007,Europe,911022.0,256469.08
monohull,53.0,2007,Europe,467658.0,256469.08
monohull,56.0,2007,Europe,504099.0,308804.7
monohull,55.0,2007,Europe,789445.0,290269.19
monohull,52.0,2007,Europe,253882.0,241074.93
monohull,52.0,2007,Europe,258730.0,241074.93
monohull,52.0,2007,Europe,239750.0,241074.93
monohull,55.0,2007,Europe,589128.0,290269.19
monohull,55.0,2007,Europe,473732.0,290269.19
monohull,55.0,2007,Europe,473751.0,290269.19
monohull,54.0,2007,Europe,352262.0,272846.24
monohull,41.0,2007,Europe,97176.0,122022.38
monohull,41.0,2007,Europe,133617.0,122022.38
monohull,41.0,2007,Europe,139671.0,122022.38
monohull,41.0,2007,Europe,148173.0,122022.38
monohull,46.0,2007,Europe,163984.0,166285.46
monohull,52.0,2007,Europe,267244.0,241074.93
monohull,52.0,2007,Europe,273318.0,241074.93
monohull,46.0,2007,Europe,91831.0,166285.46
monohull,46.0,2007,Europe,105705.0,166285.46
monohull,46.0,2007,Europe,115396.0,166285.46
monohull,46.0,2007,Europe,131795.0,166285.46
monohull,46.0,2007,Europe,133009.0,166285.46
monohull,46.0,2007,Caribbean,151892.0,151985.98
monohull,46.0,2007,Caribbean,152910.0,151985.98
monohull,49.0,2007,Caribbean,200498.0,183000.55
monohull,39.0,2007,Europe,66808.0,107813.6
monohull,39.0,2007,Europe,70452.0,107813.6
monohull,39.0,2007,Europe,72639.0,107813.6
monohull,39.0,2007,Europe,78955.0,107813.6
monohull,39.0,2007,Europe,83814.0,107813.6
monohull,39.0,2007,Europe,87458.0,107813.6
monohull,39.0,2007,Europe,94746.0,107813.6
monohull,43.0,2007,Europe,91041.0,138103.73
monohull,43.0,2007,Europe,113246.0,138103.73
monohull,43.0,2007,Europe,87458.0,138103.73
monohull,43.0,2007,Europe,91102.0,138103.73
monohull,43.0,2007,Europe,112951.0,138103.73
monohull,43.0,2007,Europe,114789.0,138103.73
monohull,43.0,2007,USA,129900.0,177518.76
monohull,51.0,2007,Europe,139690.0,226604.79
monohull,51.0,2007,Europe,145764.0,226604.79
monohull,51.0,2007,USA,149900.0,291278.18
monohull,51.0,2007,Europe,150622.0,226604.79
monohull,51.0,2007,USA,174900.0,291278.18
monohull,51.0,2007,Europe,176131.0,226604.79
monohull,51.0,2007,Caribbean,303785.0,207118.23
monohull,40.0,2007,Europe,91125.0,114698.18
monohull,49.0,2007,Europe,212572.0,200218.02
monohull,49.0,2007,Europe,228363.0,200218.02
monohull,49.0,2007,Europe,230761.0,200218.02
monohull,49.0,2007,Europe,240510.0,200218.02
monohull,49.0,2007,Europe,240520.0,200218.02
monohull,49.0,2007,USA,299900.0,257360.58
monohull,47.0,2007,Europe,163991.0,176903.83
monohull,44.0,2007,Europe,83814.0,146922.52
monohull,44.0,2007,Europe,127543.0,146922.52
monohull,44.0,2007,Europe,145156.0,146922.52
monohull,44.0,2007,Europe,179775.0,146922.52
monohull,44.0,2007,Europe,200425.0,146922.52
monohull,40.0,2007,Europe,133617.0,114698.18
monohull,40.0,2007,Europe,191363.0,114698.18
monohull,40.0,2007,USA,219000.0,147433.23
monohull,40.0,2007,USA,225000.0,147433.23
monohull,46.0,2007,Caribbean,209999.0,151985.98
monohull,46.0,2007,USA,214900.0,213743.61
monohull,40.0,2007,Europe,95985.0,114698.18
monohull,40.0,2007,Europe,106562.0,114698.18
monohull,40.0,2007,Europe,108135.0,114698.18
monohull,40.0,2007,Europe,146488.0,114698.18
monohull,43.0,2007,USA,138900.0,177518.76
monohull,43.0,2007,USA,154900.0,177518.76
monohull,43.0,2007,Europe,115396.0,138103.73
monohull,47.0,2007,Caribbean,130000.0,161691.24
monohull,47.0,2007,Europe,163991.0,176903.83
monohull,47.0,2007,Europe,174916.0,176903.83
monohull,47.0,2007,Europe,194351.0,176903.83
monohull,47.0,2007,Europe,202854.0,176903.83
monohull,47.0,2007,Europe,160346.0,176903.83
monohull,49.0,2007,USA,269000.0,257360.58
monohull,49.0,2007,Europe,188278.0,200218.02
monohull,49.0,2007,USA,199900.0,257360.58
monohull,49.0,2007,Caribbean,206574.0,183000.55
monohull,49.0,2007,Caribbean,265000.0,183000.55
monohull,53.0,2007,Europe,194351.0,256469.08
monohull,43.0,2007,Europe,127543.0,138103.73
monohull,53.0,2007,Europe,191922.0,256469.08
monohull,53.0,2007,Europe,218645.0,256469.08
monohull,41.0,2007,Europe,194351.0,122022.38
monohull,42.0,2007,Europe,188278.0,129814.27
monohull,46.0,2007,USA,275000.0,213743.61
monohull,41.0,2007,USA,265900.0,156847.76
monohull,41.0,2007,USA,275000.0,156847.76
monohull,42.0,2007,Caribbean,169000.0,118651.07
monohull,39.0,2007,Europe,102034.0,107813.6
monohull,39.0,2007,Europe,112967.0,107813.6
monohull,39.0,2007,Europe,115396.0,107813.6
monohull,39.0,2007,Europe,115912.0,107813.6
monohull,39.0,2007,Europe,145764.0,107813.6
monohull,39.0,2007,Europe,75311.0,107813.6
monohull,39.0,2007,Europe,91125.0,107813.6
monohull,39.0,2007,Europe,95985.0,107813.6
monohull,39.0,2007,Europe,99605.0,107813.6
monohull,39.0,2007,Europe,103275.0,107813.6
monohull,39.0,2007,Europe,103275.0,107813.6
monohull,39.0,2007,Europe,111780.0,107813.6
monohull,42.0,2007,USA,149900.0,166863.48
monohull,42.0,2007,Caribbean,129000.0,118651.07
monohull,42.0,2007,USA,168000.0,166863.48
monohull,42.0,2007,USA,175000.0,166863.48
monohull,42.0,2007,Europe,84786.0,129814.27
monohull,42.0,2007,Europe,121440.0,129814.27
monohull,42.0,2007,Europe,139671.0,129814.27
monohull,42.0,2007,Europe,160340.0,129814.27
monohull,42.0,2007,USA,168717.0,166863.48
monohull,42.0,2007,Europe,200398.0,129814.27
monohull,45.0,2007,Europe,109229.0,156304.44
monohull,45.0,2007,Europe,109350.0,156304.44
monohull,45.0,2007,Europe,109350.0,156304.44
monohull,45.0,2007,Europe,111752.0,156304.44
monohull,45.0,2007,Europe,120255.0,156304.44
monohull,45.0,2007,Europe,120285.0,156304.44
monohull,45.0,2007,Europe,121470.0,156304.44
monohull,45.0,2007,Europe,127576.0,156304.44
monohull,45.0,2007,Europe,145764.0,156304.44
monohull,45.0,2007,Europe,145807.0,156304.44
monohull,45.0,2007,Europe,162811.0,156304.44
monohull,45.0,2007,Europe,133651.0,156304.44
monohull,49.0,2007,Europe,168820.0,200218.02
monohull,49.0,2007,USA,169000.0,257360.58
monohull,49.0,2007,Europe,229578.0,200218.02
monohull,49.0,2007,Europe,229587.0,200218.02
monohull,49.0,2007,Europe,230761.0,200218.02
monohull,49.0,2007,Europe,230792.0,200218.02
monohull,49.0,2007,Europe,230802.0,200218.02
monohull,49.0,2007,USA,249000.0,257360.58
monohull,49.0,2007,Europe,205284.0,200218.02
monohull,49.0,2007,Europe,127543.0,200218.02
monohull,49.0,2007,Europe,163991.0,200218.02
monohull,55.0,2007,Europe,267244.0,290269.19
monohull,55.0,2007,Europe,278165.0,290269.19
monohull,55.0,2007,Europe,303633.0,290269.19
monohull,55.0,2007,Europe,303674.0,290269.19
monohull,55.0,2007,Caribbean,309000.0,265307.89
monohull,55.0,2007,Europe,325539.0,290269.19
monohull,55.0,2007,Europe,325868.0,290269.19
monohull,55.0,2007,USA,339500.0,373112.49
monohull,46.0,2007,Europe,546613.0,166285.46
monohull,52.0,2007,Europe,425144.0,241074.93
monohull,52.0,2007,Europe,425161.0,241074.93
monohull,40.0,2007,Europe,170056.0,114698.18
monohull,40.0,2007,Europe,180990.0,114698.18
monohull,40.0,2007,Europe,182204.0,114698.18
monohull,40.0,2007,Europe,184634.0,114698.18
monohull,46.0,2007,Europe,224776.0,166285.46
monohull,46.0,2007,Europe,241725.0,166285.46
monohull,55.0,2007,Europe,570907.0,290269.19
monohull,52.0,2007,Europe,91102.0,241074.93
monohull,52.0,2007,Europe,115396.0,241074.93
monohull,38.0,2008,USA,134900.0,137232.26
monohull,41.0,2008,Europe,290312.0,128548.27
monohull,41.0,2008,Europe,347601.0,128548.27
monohull,38.0,2008,USA,104000.0,137232.26
monohull,38.0,2008,USA,105000.0,137232.26
monohull,38.0,2008,USA,109500.0,137232.26
monohull,38.0,2008,USA,109900.0,137232.26
monohull,38.0,2008,USA,119500.0,137232.26
monohull,38.0,2008,Europe,69238.0,106762.16
monohull,38.0,2008,Europe,82599.0,106762.16
monohull,38.0,2008,Caribbean,92351.0,97581.3
monohull,38.0,2008,Europe,97176.0,106762.16
monohull,43.0,2008,Caribbean,220000.0,132978.49
monohull,39.0,2008,USA,93693.0,145995.4
monohull,39.0,2008,Europe,95961.0,113579.6
monohull,39.0,2008,Caribbean,109000.0,103812.48
monohull,40.0,2008,Europe,230761.0,120832.37
monohull,40.0,2008,Europe,279380.0,120832.37
monohull,40.0,2008,USA,299500.0,155318.13
monohull,40.0,2008,Europe,332413.0,120832.37
monohull,40.0,2008,Europe,363194.0,120832.37
monohull,40.0,2008,Europe,69238.0,120832.37
monohull,40.0,2008,Europe,72840.0,120832.37
monohull,40.0,2008,Europe,81385.0,120832.37
monohull,40.0,2008,Europe,84807.0,120832.37
monohull,40.0,2008,Europe,91090.0,120832.37
monohull,40.0,2008,Europe,94746.0,120832.37
monohull,40.0,2008,Europe,97162.0,120832.37
monohull,40.0,2008,Europe,97200.0,120832.37
monohull,40.0,2008,Europe,106893.0,120832.37
monohull,39.0,2008,Europe,127526.0,113579.6
monohull,39.0,2008,Europe,127543.0,113579.6
monohull,40.0,2008,Europe,106893.0,120832.37
monohull,40.0,2008,Europe,106920.0,120832.37
monohull,40.0,2008,Europe,115396.0,120832.37
monohull,40.0,2008,Europe,132402.0,120832.37
monohull,41.0,2008,Europe,176046.0,128548.27
monohull,40.0,2008,USA,120000.0,155318.13
monohull,40.0,2008,USA,125000.0,155318.13
monohull,40.0,2008,USA,135000.0,155318.13
monohull,40.0,2008,USA,140294.0,155318.13
monohull,40.0,2008,Europe,103235.0,120832.37
monohull,42.0,2008,Europe,78955.0,136756.89
monohull,42.0,2008,Europe,120255.0,136756.89
monohull,42.0,2008,USA,188000.0,175787.53
monohull,42.0,2008,Europe,139690.0,136756.89
monohull,42.0,2008,USA,299000.0,175787.53
monohull,42.0,2008,USA,325000.0,175787.53
monohull,43.0,2008,Europe,126570.0,145489.67
monohull,43.0,2008,USA,154000.0,187012.67
monohull,43.0,2008,USA,159500.0,187012.67
monohull,43.0,2008,USA,159900.0,187012.67
monohull,43.0,2008,USA,165000.0,187012.67
monohull,43.0,2008,USA,189500.0,187012.67
monohull,43.0,2008,Europe,224719.0,145489.67
monohull,43.0,2008,Europe,239295.0,145489.67
monohull,44.0,2008,USA,389000.0,198954.6
monohull,43.0,2008,USA,399000.0,187012.67
monohull,43.0,2008,Europe,133495.0,145489.67
monohull,43.0,2008,Europe,145764.0,145489.67
monohull,43.0,2008,Europe,153052.0,145489.67
monohull,44.0,2008,Europe,289098.0,154780.1
monohull,44.0,2008,Europe,425144.0,154780.1
monohull,45.0,2008,Europe,358287.0,164663.78
monohull,45.0,2008,Europe,366387.0,164663.78
monohull,44.0,2008,Europe,170057.0,154780.1
monohull,45.0,2008,Europe,212572.0,164663.78
monohull,45.0,2008,Caribbean,174900.0,150503.75
monohull,45.0,2008,USA,245000.0,211659.1
monohull,45.0,2008,USA,210000.0,211659.1
monohull,45.0,2008,Europe,145199.0,164663.78
monohull,44.0,2008,Europe,157911.0,154780.1
monohull,44.0,2008,Europe,165806.0,154780.1
monohull,44.0,2008,Europe,168843.0,154780.1
monohull,44.0,2008,Europe,182015.0,154780.1
monohull,44.0,2008,Europe,194351.0,154780.1
monohull,44.0,2008,Europe,200425.0,154780.1
monohull,45.0,2008,Europe,97200.0,164663.78
monohull,45.0,2008,Europe,109323.0,164663.78
monohull,45.0,2008,Europe,145801.0,164663.78
monohull,45.0,2008,USA,210000.0,211659.1
monohull,46.0,2008,Europe,425675.0,175178.6
monohull,49.0,2008,Caribbean,330000.0,192787.63
monohull,47.0,2008,Europe,205284.0,186364.85
monohull,48.0,2008,USA,309950.0,254850.7
monohull,47.0,2008,Europe,238688.0,186364.85
monohull,47.0,2008,USA,249000.0,239553.69
monohull,47.0,2008,USA,285000.0,239553.69
monohull,47.0,2008,USA,524500.0,239553.69
monohull,47.0,2008,Europe,188326.0,186364.85
monohull,47.0,2008,Europe,224719.0,186364.85
monohull,47.0,2008,USA,249000.0,239553.69
monohull,48.0,2008,Europe,242939.0,198265.42
monohull,48.0,2008,Europe,230802.0,198265.42
monohull,50.0,2008,USA,219900.0,288437.52
monohull,49.0,2008,USA,199900.0,271124.52
monohull,49.0,2008,Caribbean,229000.0,192787.63
monohull,49.0,2008,Europe,103249.0,210925.91
monohull,49.0,2008,Europe,127526.0,210925.91
monohull,49.0,2008,Europe,132402.0,210925.91
monohull,49.0,2008,Europe,133617.0,210925.91
monohull,49.0,2008,Europe,133622.0,210925.91
monohull,49.0,2008,Europe,157911.0,210925.91
monohull,49.0,2008,Europe,159878.0,210925.91
monohull,49.0,2008,Europe,163984.0,210925.91
monohull,49.0,2008,Europe,176131.0,210925.91
monohull,49.0,2008,Europe,182212.0,210925.91
monohull,49.0,2008,Europe,193137.0,210925.91
monohull,49.0,2008,Europe,226535.0,210925.91
monohull,52.0,2008,Europe,133617.0,253967.9
monohull,50.0,2008,Europe,229578.0,224394.86
monohull,50.0,2008,Europe,229587.0,224394.86
monohull,50.0,2008,Europe,291527.0,224394.86
monohull,53.0,2008,Europe,297601.0,270185.34
monohull,53.0,2008,Europe,364424.0,270185.34
monohull,53.0,2008,Europe,382629.0,270185.34
monohull,53.0,2008,Europe,376556.0,270185.34
monohull,53.0,2008,Europe,455449.0,270185.34
monohull,56.0,2008,Europe,558760.0,325319.93
monohull,54.0,2008,Europe,727025.0,287438.37
monohull,54.0,2008,Europe,792729.0,287438.37
monohull,55.0,2008,Europe,1001988.0,305793.12
monohull,52.0,2008,Europe,242949.0,253967.9
monohull,52.0,2008,Europe,241603.0,253967.9
monohull,52.0,2008,Europe,249023.0,253967.9
monohull,52.0,2008,Europe,254479.0,253967.9
monohull,52.0,2008,Europe,267244.0,253967.9
monohull,52.0,2008,Europe,267244.0,253967.9
monohull,52.0,2008,Caribbean,280000.0,232128.28
monohull,52.0,2008,Europe,303674.0,253967.9
monohull,52.0,2008,USA,397000.0,326450.75
monohull,56.0,2008,Europe,352276.0,325319.93
monohull,55.0,2008,Europe,353064.0,305793.12
monohull,40.0,2008,Europe,212383.0,120832.37
monohull,45.0,2008,Europe,120255.0,164663.78
monohull,46.0,2008,Europe,241725.0,175178.6
monohull,46.0,2008,Europe,120012.0,175178.6
monohull,52.0,2008,Europe,267244.0,253967.9
monohull,46.0,2008,Europe,91831.0,175178.6
monohull,46.0,2008,Europe,103249.0,175178.6
monohull,46.0,2008,Europe,109323.0,175178.6
monohull,46.0,2008,Europe,109327.0,175178.6
monohull,46.0,2008,Europe,109327.0,175178.6
monohull,46.0,2008,Europe,117826.0,175178.6
monohull,46.0,2008,Europe,120862.0,175178.6
monohull,46.0,2008,Europe,133622.0,175178.6
monohull,46.0,2008,Europe,144555.0,175178.6
monohull,46.0,2008,Europe,151473.0,175178.6
monohull,49.0,2008,Caribbean,285000.0,192787.63
monohull,39.0,2008,Europe,78955.0,113579.6
monohull,43.0,2008,Europe,109311.0,145489.67
monohull,51.0,2008,Europe,139690.0,238723.88
monohull,51.0,2008,Europe,145764.0,238723.88
monohull,51.0,2008,Europe,145764.0,238723.88
monohull,51.0,2008,Europe,200425.0,238723.88
monohull,46.0,2008,Europe,188278.0,175178.6
monohull,46.0,2008,Europe,206308.0,175178.6
monohull,46.0,2008,Europe,212572.0,175178.6
monohull,49.0,2008,Europe,298827.0,210925.91
monohull,49.0,2008,Europe,302472.0,210925.91
monohull,49.0,2008,Europe,309760.0,210925.91
monohull,49.0,2008,Europe,297613.0,210925.91
monohull,44.0,2008,Europe,101913.0,154780.1
monohull,40.0,2008,Europe,204121.0,120832.37
monohull,40.0,2008,Europe,206498.0,120832.37
monohull,40.0,2008,Europe,212572.0,120832.37
monohull,42.0,2008,USA,495000.0,175787.53
monohull,40.0,2008,Europe,82599.0,120832.37
monohull,40.0,2008,Europe,84786.0,120832.37
monohull,40.0,2008,Europe,95985.0,120832.37
monohull,40.0,2008,Europe,100820.0,120832.37
monohull,40.0,2008,Europe,103275.0,120832.37
monohull,40.0,2008,Europe,109323.0,120832.37
monohull,40.0,2008,Europe,115396.0,120832.37
monohull,40.0,2008,Europe,123899.0,120832.37
monohull,40.0,2008,USA,139000.0,155318.13
monohull,40.0,2008,USA,155969.0,155318.13
monohull,40.0,2008,USA,159000.0,155318.13
monohull,43.0,2008,USA,174000.0,187012.67
monohull,43.0,2008,Europe,91090.0,145489.67
monohull,43.0,2008,Europe,95961.0,145489.67
monohull,43.0,2008,Europe,115396.0,145489.67
monohull,43.0,2008,Europe,121457.0,145489.67
monohull,43.0,2008,Europe,121470.0,145489.67
monohull,43.0,2008,Europe,133598.0,145489.67
monohull,43.0,2008,Europe,133617.0,145489.67
monohull,43.0,2008,Europe,144549.0,145489.67
monohull,43.0,2008,Europe,163962.0,145489.67
monohull,43.0,2008,USA,169000.0,187012.67
monohull,43.0,2008,Europe,188278.0,145489.67
monohull,43.0,2008,Europe,131187.0,145489.67
monohull,47.0,2008,Europe,157904.0,186364.85
monohull,47.0,2008,Europe,166580.0,186364.85
monohull,47.0,2008,Europe,169493.0,186364.85
monohull,47.0,2008,Europe,177346.0,186364.85
monohull,47.0,2008,Europe,182204.0,186364.85
monohull,47.0,2008,USA,185000.0,239553.69
monohull,47.0,2008,USA,198900.0,239553.69
monohull,47.0,2008,USA,199000.0,239553.69
monohull,49.0,2008,USA,215000.0,271124.52
monohull,49.0,2008,USA,238000.0,271124.52
monohull,49.0,2008,Caribbean,240000.0,192787.63
monohull,49.0,2008,USA,249000.0,271124.52
monohull,49.0,2008,Europe,193186.0,210925.91
monohull,49.0,2008,Europe,200425.0,210925.91
monohull,49.0,2008,Europe,204077.0,210925.91
monohull,49.0,2008,Europe,224719.0,210925.91
monohull,53.0,2008,Europe,425144.0,270185.34
monohull,53.0,2008,Europe,206509.0,270185.34
monohull,47.0,2008,Europe,290324.0,186364.85
monohull,39.0,2008,Europe,78955.0,113579.6
monohull,39.0,2008,Europe,87458.0,113579.6
monohull,39.0,2008,USA,89000.0,145995.4
monohull,39.0,2008,Europe,96593.0,113579.6
monohull,39.0,2008,Europe,97200.0,113579.6
monohull,39.0,2008,Europe,119040.0,113579.6
monohull,39.0,2008,USA,129900.0,145995.4
monohull,39.0,2008,USA,129990.0,145995.4
monohull,39.0,2008,USA,132790.0,145995.4
monohull,39.0,2008,USA,149000.0,145995.4
monohull,42.0,2008,Europe,127526.0,136756.89
monohull,42.0,2008,Caribbean,149000.0,124996.67
monohull,42.0,2008,Europe,176131.0,136756.89
monohull,42.0,2008,Europe,93519.0,136756.89
monohull,42.0,2008,Europe,99630.0,136756.89
monohull,42.0,2008,Europe,138511.0,136756.89
monohull,42.0,2008,Europe,178606.0,136756.89
monohull,42.0,2008,Europe,145744.0,136756.89
monohull,42.0,2008,Europe,151837.0,136756.89
monohull,45.0,2008,Europe,121470.0,164663.78
monohull,45.0,2008,Europe,121506.0,164663.78
monohull,45.0,2008,Europe,151876.0,164663.78
monohull,45.0,2008,Europe,145801.0,164663.78
monohull,45.0,2008,USA,199000.0,211659.1
monohull,45.0,2008,Europe,200425.0,164663.78
monohull,45.0,2008,Europe,212626.0,164663.78
monohull,49.0,2008,Europe,236866.0,210925.91
monohull,49.0,2008,Caribbean,99999.0,192787.63
monohull,49.0,2008,Europe,113574.0,210925.91
monohull,49.0,2008,Europe,120255.0,210925.91
monohull,49.0,2008,Europe,121409.0,210925.91
monohull,49.0,2008,Europe,122684.0,210925.91
monohull,49.0,2008,Europe,132402.0,210925.91
monohull,49.0,2008,Europe,134710.0,210925.91
monohull,49.0,2008,Europe,173709.0,210925.91
monohull,49.0,2008,Europe,120161.0,210925.91
monohull,49.0,2008,Europe,176131.0,210925.91
monohull,49.0,2008,USA,244900.0,271124.52
monohull,49.0,2008,Europe,249013.0,210925.91
monohull,55.0,2008,Europe,169791.0,305793.12
monohull,55.0,2008,Europe,169815.0,305793.12
monohull,55.0,2008,Europe,261124.0,305793.12
monohull,55.0,2008,Europe,273270.0,305793.12
monohull,55.0,2008,Europe,278454.0,305793.12
monohull,55.0,2008,Europe,303674.0,305793.12
monohull,55.0,2008,Europe,364409.0,305793.12
monohull,41.0,2008,Europe,218645.0,128548.27
monohull,50.0,2008,Europe,419070.0,224394.86
monohull,52.0,2008,Europe,91102.0,253967.9
monohull,38.0,2009,USA,165000.0,144571.6
monohull,38.0,2009,Europe,139690.0,112471.93
monohull,38.0,2009,USA,115900.0,144571.6
monohull,38.0,2009,USA,117000.0,144571.6
monohull,38.0,2009,USA,135000.0,144571.6
monohull,38.0,2009,Europe,207466.0,112471.93
monohull,38.0,2009,Europe,70452.0,112471.93
monohull,38.0,2009,Europe,96568.0,112471.93
monohull,38.0,2009,Europe,363209.0,112471.93
monohull,40.0,2009,USA,159000.0,163624.72
monohull,41.0,2009,Europe,151876.0,135423.18
monohull,40.0,2009,Europe,95948.0,127294.62
monohull,40.0,2009,Europe,119024.0,127294.62
monohull,39.0,2009,Europe,132436.0,119653.96
monohull,39.0,2009,Europe,151816.0,119653.96
monohull,39.0,2009,Europe,151876.0,119653.96
monohull,40.0,2009,Europe,344449.0,127294.62
monohull,40.0,2009,Europe,95948.0,127294.62
monohull,40.0,2009,Europe,132436.0,127294.62
monohull,40.0,2009,USA,120000.0,163624.72
monohull,40.0,2009,USA,150000.0,163624.72
monohull,42.0,2009,Europe,182204.0,144070.8
monohull,42.0,2009,Europe,300510.0,144070.8
monohull,42.0,2009,Europe,151837.0,144070.8
monohull,42.0,2009,Europe,127526.0,144070.8
monohull,43.0,2009,Europe,151837.0,153270.63
monohull,45.0,2009,USA,349000.0,222978.87
monohull,44.0,2009,Europe,564977.0,163057.92
monohull,44.0,2009,Europe,484664.0,163057.92
monohull,46.0,2009,Europe,358335.0,184547.35
monohull,45.0,2009,Europe,394776.0,173470.19
monohull,45.0,2009,USA,189000.0,222978.87
monohull,47.0,2009,Europe,194351.0,196331.86
monohull,47.0,2009,Europe,91106.0,196331.86
monohull,47.0,2009,Europe,120239.0,196331.86
monohull,47.0,2009,Europe,127543.0,196331.86
monohull,47.0,2009,Europe,265131.0,196331.86
monohull,47.0,2009,USA,299900.0,252365.3
monohull,47.0,2009,USA,495000.0,252365.3
monohull,48.0,2009,Europe,302418.0,208868.88
monohull,48.0,2009,Europe,388650.0,208868.88
monohull,49.0,2009,Europe,182204.0,222206.47
monohull,52.0,2009,Europe,564834.0,267550.39
monohull,50.0,2009,USA,259000.0,303863.49
monohull,50.0,2009,Europe,278128.0,236395.75
monohull,49.0,2009,Europe,848957.0,222206.47
monohull,50.0,2009,USA,239239.0,303863.49
monohull,49.0,2009,Europe,95354.0,222206.47
monohull,49.0,2009,Europe,165351.0,222206.47
monohull,49.0,2009,Europe,157911.0,222206.47
monohull,49.0,2009,Europe,188278.0,222206.47
monohull,54.0,2009,Europe,692805.0,302810.9
monohull,55.0,2009,Europe,971625.0,322147.28
monohull,55.0,2009,Europe,1032351.0,322147.28
monohull,52.0,2009,Europe,290312.0,267550.39
monohull,54.0,2009,Europe,236866.0,302810.9
monohull,55.0,2009,Europe,601299.0,322147.28
monohull,49.0,2009,Caribbean,249000.0,203098.14
monohull,41.0,2009,Europe,155481.0,135423.18
monohull,46.0,2009,Europe,180990.0,184547.35
monohull,51.0,2009,Europe,139550.0,251491.1
monohull,51.0,2009,Europe,139690.0,251491.1
monohull,51.0,2009,Europe,144306.0,251491.1
monohull,51.0,2009,Europe,144549.0,251491.1
monohull,51.0,2009,Caribbean,155538.0,229864.48
monohull,40.0,2009,Europe,120255.0,127294.62
monohull,40.0,2009,Europe,120285.0,127294.62
monohull,40.0,2009,Europe,144549.0,127294.62
monohull,40.0,2009,Europe,182204.0,127294.62
monohull,40.0,2009,Europe,182204.0,127294.62
monohull,46.0,2009,Europe,115396.0,184547.35
monohull,46.0,2009,Europe,180990.0,184547.35
monohull,46.0,2009,Europe,200433.0,184547.35
monohull,49.0,2009,Europe,285465.0,222206.47
monohull,44.0,2009,Europe,103128.0,163057.92
monohull,44.0,2009,Europe,179930.0,163057.92
monohull,40.0,2009,Europe,99605.0,127294.62
monohull,40.0,2009,Europe,109323.0,127294.62
monohull,40.0,2009,Caribbean,155000.0,116348.1
monohull,40.0,2009,USA,165000.0,163624.72
monohull,43.0,2009,Europe,105679.0,153270.63
monohull,43.0,2009,Europe,106893.0,153270.63
monohull,43.0,2009,Europe,110537.0,153270.63
monohull,43.0,2009,USA,110900.0,197014.32
monohull,43.0,2009,Europe,115380.0,153270.63
monohull,43.0,2009,Europe,119024.0,153270.63
monohull,43.0,2009,Europe,139690.0,153270.63
monohull,43.0,2009,Europe,133617.0,153270.63
monohull,47.0,2009,Europe,103249.0,196331.86
monohull,47.0,2009,Europe,132402.0,196331.86
monohull,47.0,2009,Europe,139696.0,196331.86
monohull,47.0,2009,Europe,167628.0,196331.86
monohull,47.0,2009,USA,229000.0,252365.3
monohull,49.0,2009,Caribbean,239000.0,203098.14
monohull,49.0,2009,USA,259000.0,285624.57
monohull,49.0,2009,Europe,186524.0,222206.47
monohull,54.0,2009,Caribbean,182000.0,276771.1
monohull,54.0,2009,Caribbean,188347.0,276771.1
monohull,54.0,2009,Europe,206255.0,302810.9
monohull,54.0,2009,Europe,206470.0,302810.9
monohull,54.0,2009,Europe,212543.0,302810.9
monohull,54.0,2009,Europe,212572.0,302810.9
monohull,54.0,2009,Europe,218533.0,302810.9
monohull,54.0,2009,Europe,224688.0,302810.9
monohull,54.0,2009,Europe,227117.0,302810.9
monohull,54.0,2009,Caribbean,239900.0,276771.1
monohull,54.0,2009,Europe,240510.0,302810.9
monohull,54.0,2009,Europe,240520.0,302810.9
monohull,54.0,2009,Europe,242906.0,302810.9
monohull,54.0,2009,Europe,253837.0,302810.9
monohull,54.0,2009,Europe,279380.0,302810.9
monohull,39.0,2009,Europe,133598.0,119653.96
monohull,39.0,2009,Europe,127543.0,119653.96
monohull,39.0,2009,Europe,127576.0,119653.96
monohull,39.0,2009,Europe,100820.0,119653.96
monohull,39.0,2009,Europe,100845.0,119653.96
monohull,39.0,2009,Europe,114181.0,119653.96
monohull,39.0,2009,Europe,119070.0,119653.96
monohull,42.0,2009,Caribbean,145000.0,131681.64
monohull,42.0,2009,Europe,188278.0,144070.8
monohull,42.0,2009,Europe,99630.0,144070.8
monohull,42.0,2009,Europe,101913.0,144070.8
monohull,42.0,2009,Europe,105679.0,144070.8
monohull,42.0,2009,Europe,119024.0,144070.8
monohull,42.0,2009,Caribbean,129000.0,131681.64
monohull,42.0,2009,Europe,133651.0,144070.8
monohull,42.0,2009,Europe,155460.0,144070.8
monohull,45.0,2009,Europe,115396.0,173470.19
monohull,45.0,2009,Europe,120850.0,173470.19
monohull,45.0,2009,Europe,120881.0,173470.19
monohull,45.0,2009,Caribbean,127300.0,158552.87
monohull,45.0,2009,Europe,143371.0,173470.19
monohull,45.0,2009,USA,179900.0,222978.87
monohull,45.0,2009,USA,186995.0,222978.87
monohull,45.0,2009,Europe,182204.0,173470.19
monohull,45.0,2009,Europe,203462.0,173470.19
monohull,49.0,2009,Europe,109327.0,222206.47
monohull,49.0,2009,Caribbean,109363.0,203098.14
monohull,49.0,2009,Europe,127543.0,222206.47
monohull,49.0,2009,Europe,144555.0,222206.47
monohull,49.0,2009,Europe,163984.0,222206.47
monohull,49.0,2009,Europe,180990.0,222206.47
monohull,49.0,2009,Europe,206507.0,222206.47
monohull,49.0,2009,Europe,143922.0,222206.47
monohull,49.0,2009,Europe,145769.0,222206.47
monohull,49.0,2009,Europe,151843.0,222206.47
monohull,49.0,2009,Europe,153052.0,222206.47
monohull,49.0,2009,Europe,157911.0,222206.47
monohull,49.0,2009,Europe,157917.0,222206.47
monohull,49.0,2009,Europe,193137.0,222206.47
monohull,49.0,2009,Caribbean,206574.0,203098.14
monohull,49.0,2009,Caribbean,220000.0,203098.14
monohull,49.0,2009,Europe,266019.0,222206.47
monohull,49.0,2009,Europe,266626.0,222206.47
monohull,49.0,2009,USA,274500.0,285624.57
monohull,55.0,2009,Caribbean,219940.0,294444.68
monohull,55.0,2009,Caribbean,220548.0,294444.68
monohull,55.0,2009,Europe,224719.0,322147.28
monohull,55.0,2009,Europe,321895.0,322147.28
monohull,42.0,2009,Europe,423539.0,144070.8
monohull,40.0,2009,Europe,105679.0,127294.62
monohull,39.0,2010,Europe,279845.0,126053.2
monohull,39.0,2010,USA,144900.0,162028.99
monohull,39.0,2010,Europe,170101.0,126053.2
monohull,40.0,2010,Europe,319090.0,134102.48
monohull,40.0,2010,Europe,115396.0,134102.48
monohull,40.0,2010,Europe,145764.0,134102.48
monohull,40.0,2010,Europe,145801.0,134102.48
monohull,40.0,2010,Europe,151716.0,134102.48
monohull,40.0,2010,Europe,146488.0,134102.48
monohull,40.0,2010,Europe,157951.0,134102.48
monohull,40.0,2010,Europe,190707.0,134102.48
monohull,42.0,2010,Europe,176107.0,151775.87
monohull,43.0,2010,USA,185000.0,207550.87
monohull,43.0,2010,Europe,303674.0,161467.72
monohull,43.0,2010,Europe,321895.0,161467.72
monohull,43.0,2010,USA,135000.0,207550.87
monohull,44.0,2010,Europe,156696.0,171778.45
monohull,44.0,2010,Europe,475361.0,171778.45
monohull,44.0,2010,USA,259000.0,220804.3
monohull,44.0,2010,USA,275000.0,220804.3
monohull,44.0,2010,Europe,136046.0,171778.45
monohull,44.0,2010,Europe,142119.0,171778.45
monohull,45.0,2010,Europe,437291.0,182747.58
monohull,45.0,2010,Europe,394776.0,182747.58
monohull,44.0,2010,Europe,240510.0,171778.45
monohull,45.0,2010,Europe,176131.0,182747.58
monohull,45.0,2010,Caribbean,149950.0,167032.45
monohull,45.0,2010,Europe,178560.0,182747.58
monohull,47.0,2010,Europe,309748.0,206831.91
monohull,46.0,2010,USA,439000.0,249904.14
monohull,48.0,2010,USA,450000.0,282839.05
monohull,47.0,2010,Europe,212626.0,206831.91
monohull,47.0,2010,Europe,241725.0,206831.91
monohull,47.0,2010,Europe,255086.0,206831.91
monohull,47.0,2010,Europe,193137.0,206831.91
monohull,48.0,2010,Europe,388703.0,220039.43
monohull,49.0,2010,Europe,546613.0,234090.33
monohull,50.0,2010,USA,250000.0,320114.46
monohull,49.0,2010,Europe,106893.0,234090.33
monohull,49.0,2010,Europe,120255.0,234090.33
monohull,49.0,2010,Europe,145764.0,234090.33
monohull,49.0,2010,Europe,166413.0,234090.33
monohull,49.0,2010,Europe,170057.0,234090.33
monohull,50.0,2010,Europe,285454.0,249038.47
monohull,53.0,2010,Europe,188278.0,299857.78
monohull,53.0,2010,Europe,193144.0,299857.78
monohull,53.0,2010,Europe,194351.0,299857.78
monohull,53.0,2010,Europe,194359.0,299857.78
monohull,53.0,2010,Europe,199210.0,299857.78
monohull,53.0,2010,Europe,199218.0,299857.78
monohull,53.0,2010,Europe,199818.0,299857.78
monohull,53.0,2010,Europe,212572.0,299857.78
monohull,53.0,2010,Europe,212580.0,299857.78
monohull,53.0,2010,Europe,218645.0,299857.78
monohull,53.0,2010,Europe,224719.0,299857.78
monohull,53.0,2010,Europe,255086.0,299857.78
monohull,53.0,2010,Europe,261160.0,299857.78
monohull,53.0,2010,Europe,340069.0,299857.78
monohull,54.0,2010,Europe,479805.0,319005.58
monohull,54.0,2010,USA,615000.0,410050.3
monohull,55.0,2010,Europe,766082.0,339376.09
monohull,54.0,2010,Europe,176131.0,319005.58
monohull,54.0,2010,Europe,242939.0,319005.58
monohull,54.0,2010,Europe,255052.0,319005.58
monohull,54.0,2010,Europe,267233.0,319005.58
monohull,50.0,2010,USA,280000.0,320114.46
monohull,50.0,2010,Caribbean,54681.0,227622.75
monohull,46.0,2010,Europe,188278.0,194417.16
monohull,51.0,2010,Europe,139690.0,264941.14
monohull,38.0,2010,Europe,109201.0,118487.05
monohull,44.0,2010,Europe,116640.0,171778.45
monohull,44.0,2010,Europe,156736.0,171778.45
monohull,49.0,2010,Caribbean,219000.0,213960.06
monohull,40.0,2010,Europe,94746.0,134102.48
monohull,40.0,2010,Europe,100212.0,134102.48
monohull,40.0,2010,Europe,102034.0,134102.48
monohull,40.0,2010,Europe,109350.0,134102.48
monohull,40.0,2010,USA,170000.0,172375.55
monohull,43.0,2010,Caribbean,99000.0,147582.53
monohull,43.0,2010,Europe,103249.0,161467.72
monohull,43.0,2010,Europe,111752.0,161467.72
monohull,43.0,2010,Europe,115396.0,161467.72
monohull,43.0,2010,Europe,115396.0,161467.72
monohull,43.0,2010,Caribbean,129000.0,147582.53
monohull,43.0,2010,Caribbean,133000.0,147582.53
monohull,43.0,2010,Europe,133617.0,161467.72
monohull,43.0,2010,Caribbean,151892.0,147582.53
monohull,43.0,2010,USA,189000.0,207550.87
monohull,47.0,2010,Europe,136046.0,206831.91
monohull,47.0,2010,Europe,170057.0,206831.91
monohull,47.0,2010,Europe,133622.0,206831.91
monohull,47.0,2010,Europe,137266.0,206831.91
monohull,49.0,2010,Europe,151837.0,234090.33
monohull,49.0,2010,Europe,163984.0,234090.33
monohull,49.0,2010,Caribbean,187131.0,213960.06
monohull,49.0,2010,Europe,188285.0,234090.33
monohull,49.0,2010,Europe,199183.0,234090.33
monohull,49.0,2010,Europe,218038.0,234090.33
monohull,49.0,2010,Europe,218047.0,234090.33
monohull,49.0,2010,Europe,230802.0,234090.33
monohull,49.0,2010,USA,250000.0,300900.1
monohull,54.0,2010,Europe,340115.0,319005.58
monohull,44.0,2010,Europe,400850.0,171778.45
monohull,41.0,2010,USA,299500.0,183382.82
monohull,39.0,2010,Europe,139726.0,126053.2
monohull,39.0,2010,USA,155900.0,162028.99
monohull,42.0,2010,Europe,163984.0,151775.87
monohull,42.0,2010,Europe,95948.0,151775.87
monohull,42.0,2010,Europe,95948.0,151775.87
monohull,42.0,2010,Europe,103275.0,151775.87
monohull,42.0,2010,Europe,115380.0,151775.87
monohull,45.0,2010,Europe,120285.0,182747.58
monohull,45.0,2010,Europe,145801.0,182747.58
monohull,45.0,2010,USA,169000.0,234904.04
monohull,45.0,2010,Europe,239849.0,182747.58
monohull,45.0,2010,Europe,181036.0,182747.58
monohull,45.0,2010,Europe,188326.0,182747.58
monohull,45.0,2010,Europe,193199.0,182747.58
monohull,45.0,2010,Europe,194351.0,182747.58
monohull,45.0,2010,Europe,200476.0,182747.58
monohull,45.0,2010,USA,249000.0,234904.04
monohull,49.0,2010,Europe,236866.0,234090.33
monohull,49.0,2010,Europe,255086.0,234090.33
monohull,49.0,2010,USA,285000.0,300900.1
monohull,49.0,2010,Europe,334042.0,234090.33
monohull,53.0,2010,USA,299000.0,385437.68
monohull,55.0,2010,Caribbean,219940.0,310191.91
monohull,50.0,2010,Europe,425086.0,249038.47
monohull,42.0,2010,Europe,419070.0,151775.87
monohull,39.0,2011,Europe,182251.0,132794.67
monohull,38.0,2011,Europe,173094.0,124823.88
monohull,39.0,2011,USA,155000.0,170694.48
monohull,40.0,2011,Europe,127543.0,141274.44
monohull,39.0,2011,Europe,194401.0,132794.67
monohull,40.0,2011,Europe,81992.0,141274.44
monohull,40.0,2011,Europe,91102.0,141274.44
monohull,40.0,2011,Europe,99630.0,141274.44
monohull,40.0,2011,Europe,102060.0,141274.44
monohull,40.0,2011,Europe,119040.0,141274.44
monohull,40.0,2011,Europe,121453.0,141274.44
monohull,40.0,2011,Europe,123882.0,141274.44
monohull,40.0,2011,Europe,144549.0,141274.44
monohull,40.0,2011,Europe,144549.0,141274.44
monohull,40.0,2011,Europe,157889.0,141274.44
monohull,40.0,2011,Europe,160867.0,141274.44
monohull,40.0,2011,Europe,139884.0,141274.44
monohull,40.0,2011,USA,359000.0,181594.4
monohull,40.0,2011,Caribbean,91106.0,129125.74
monohull,40.0,2011,Caribbean,91135.0,129125.74
monohull,40.0,2011,Europe,133617.0,141274.44
monohull,40.0,2011,Caribbean,99000.0,129125.74
monohull,40.0,2011,Europe,163984.0,141274.44
monohull,40.0,2011,Europe,200425.0,141274.44
monohull,40.0,2011,Europe,206377.0,141274.44
monohull,42.0,2011,USA,189000.0,205526.76
monohull,42.0,2011,Europe,163962.0,159893.02
monohull,43.0,2011,USA,130000.0,218650.93
monohull,43.0,2011,Europe,273307.0,170103.2
monohull,43.0,2011,USA,475000.0,218650.93
monohull,44.0,2011,Europe,492394.0,180965.35
monohull,45.0,2011,Europe,127543.0,192521.13
monohull,45.0,2011,Europe,143334.0,192521.13
monohull,44.0,2011,Europe,181036.0,180965.35
monohull,44.0,2011,Europe,193186.0,180965.35
monohull,44.0,2011,Europe,204069.0,180965.35
monohull,44.0,2011,Europe,236926.0,180965.35
monohull,45.0,2011,Europe,201732.0,192521.13
monohull,44.0,2011,Europe,145564.0,180965.35
monohull,44.0,2011,Europe,145764.0,180965.35
monohull,45.0,2011,Europe,386305.0,192521.13
monohull,45.0,2011,Europe,182204.0,192521.13
monohull,45.0,2011,Europe,170101.0,192521.13
monohull,45.0,2011,Europe,170101.0,192521.13
monohull,45.0,2011,Europe,166413.0,192521.13
monohull,45.0,2011,Europe,194401.0,192521.13
monohull,46.0,2011,USA,509000.0,263269.29
monohull,45.0,2011,Europe,504099.0,192521.13
monohull,45.0,2011,Europe,504099.0,192521.13
monohull,45.0,2011,Europe,157889.0,192521.13
monohull,45.0,2011,Caribbean,229578.0,175965.54
monohull,47.0,2011,Europe,267233.0,217893.52
monohull,47.0,2011,Europe,334042.0,217893.52
monohull,47.0,2011,Europe,230851.0,217893.52
monohull,48.0,2011,Europe,303674.0,231807.39
monohull,50.0,2011,Europe,180965.0,262357.33
monohull,50.0,2011,Europe,180990.0,262357.33
monohull,50.0,2011,Europe,182204.0,262357.33
monohull,50.0,2011,Europe,358335.0,262357.33
monohull,50.0,2011,USA,284900.0,337234.54
monohull,50.0,2011,USA,277500.0,337234.54
monohull,49.0,2011,Europe,202854.0,246609.75
monohull,49.0,2011,Europe,230671.0,246609.75
monohull,50.0,2011,Europe,302459.0,262357.33
monohull,53.0,2011,Europe,168850.0,315894.51
monohull,53.0,2011,Europe,176138.0,315894.51
monohull,53.0,2011,Europe,199818.0,315894.51
monohull,53.0,2011,Europe,200425.0,315894.51
monohull,53.0,2011,Europe,200433.0,315894.51
monohull,53.0,2011,Europe,212572.0,315894.51
monohull,53.0,2011,Europe,229578.0,315894.51
monohull,53.0,2011,Europe,236866.0,315894.51
monohull,53.0,2011,Europe,236875.0,315894.51
monohull,53.0,2011,Europe,241725.0,315894.51
monohull,53.0,2011,Europe,249782.0,315894.51
monohull,53.0,2011,Europe,261160.0,315894.51
monohull,53.0,2011,Europe,267233.0,315894.51
monohull,53.0,2011,Europe,291406.0,315894.51
monohull,53.0,2011,Europe,326766.0,315894.51
monohull,53.0,2011,Europe,341932.0,315894.51
monohull,53.0,2011,Europe,479805.0,315894.51
monohull,54.0,2011,Europe,839360.0,336066.36
monohull,55.0,2011,Europe,498026.0,357526.31
monohull,54.0,2011,Europe,253837.0,336066.36
monohull,54.0,2011,Europe,279380.0,336066.36
monohull,55.0,2011,Europe,498045.0,357526.31
monohull,40.0,2011,Europe,59535.0,141274.44
monohull,40.0,2011,Caribbean,140000.0,129125.74
monohull,40.0,2011,USA,155000.0,181594.4
monohull,40.0,2011,Caribbean,155460.0,129125.74
monohull,40.0,2011,Europe,179775.0,141274.44
monohull,40.0,2011,Europe,201732.0,141274.44
monohull,40.0,2011,Europe,169450.0,141274.44
monohull,46.0,2011,Europe,194351.0,204814.81
monohull,45.0,2011,Caribbean,194422.0,175965.54
monohull,43.0,2011,Europe,287721.0,170103.2
monohull,42.0,2011,USA,497000.0,205526.76
monohull,40.0,2011,Caribbean,80000.0,129125.74
monohull,40.0,2011,Europe,95961.0,141274.44
monohull,40.0,2011,Caribbean,99600.0,129125.74
monohull,40.0,2011,Europe,106893.0,141274.44
monohull,40.0,2011,Europe,108108.0,141274.44
monohull,40.0,2011,Caribbean,110000.0,129125.74
monohull,40.0,2011,Europe,120285.0,141274.44
monohull,40.0,2011,Europe,121470.0,141274.44
monohull,40.0,2011,USA,129900.0,181594.4
monohull,40.0,2011,USA,159900.0,181594.4
monohull,40.0,2011,USA,170048.0,181594.4
monohull,43.0,2011,Europe,115396.0,170103.2
monohull,43.0,2011,Europe,115396.0,170103.2
monohull,43.0,2011,Caribbean,129000.0,155475.41
monohull,43.0,2011,Europe,109323.0,170103.2
monohull,47.0,2011,Europe,156696.0,217893.52
monohull,47.0,2011,USA,219000.0,280080.69
monohull,49.0,2011,Europe,176138.0,246609.75
monohull,49.0,2011,Caribbean,185000.0,225402.89
monohull,49.0,2011,Europe,185856.0,246609.75
monohull,49.0,2011,Europe,205292.0,246609.75
monohull,49.0,2011,Europe,224728.0,246609.75
monohull,49.0,2011,USA,275000.0,316992.58
monohull,49.0,2011,Europe,309582.0,246609.75
monohull,49.0,2011,Caribbean,179000.0,225402.89
monohull,49.0,2011,Europe,170000.0,246609.75
monohull,49.0,2011,Europe,217431.0,246609.75
monohull,49.0,2011,Europe,169450.0,246609.75
monohull,50.0,2011,Europe,170057.0,262357.33
monohull,50.0,2011,Europe,174309.0,262357.33
monohull,50.0,2011,Europe,182204.0,262357.33
monohull,54.0,2011,Europe,267197.0,336066.36
monohull,40.0,2011,Europe,84410.0,141274.44
monohull,40.0,2011,Europe,84421.0,141274.44
monohull,40.0,2011,Europe,103275.0,141274.44
monohull,40.0,2011,Europe,109350.0,141274.44
monohull,40.0,2011,Europe,129235.0,141274.44
monohull,40.0,2011,Europe,143334.0,141274.44
monohull,40.0,2011,Europe,156696.0,141274.44
monohull,42.0,2011,Europe,145744.0,159893.02
monohull,42.0,2011,Europe,145801.0,159893.02
monohull,43.0,2011,Europe,120239.0,170103.2
monohull,43.0,2011,Europe,146958.0,170103.2
monohull,45.0,2011,Europe,115396.0,192521.13
monohull,45.0,2011,Europe,115425.0,192521.13
monohull,45.0,2011,Europe,156736.0,192521.13
monohull,45.0,2011,USA,169000.0,247466.97
monohull,45.0,2011,Europe,210142.0,192521.13
monohull,45.0,2011,Europe,213192.0,192521.13
monohull,45.0,2011,USA,240000.0,247466.97
monohull,45.0,2011,USA,245000.0,247466.97
monohull,49.0,2011,Europe,153052.0,246609.75
monohull,49.0,2011,Europe,249013.0,246609.75
monohull,49.0,2011,Europe,255096.0,246609.75
monohull,49.0,2011,USA,279900.0,316992.58
monohull,50.0,2011,Europe,467658.0,262357.33
monohull,50.0,2011,Europe,479805.0,262357.33
monohull,50.0,2011,Europe,570907.0,262357.33
monohull,50.0,2011,Europe,631642.0,262357.33
monohull,52.0,2012,Europe,485898.0,312813.79
monohull,39.0,2012,Europe,346474.0,139896.68
monohull,38.0,2012,USA,199000.0,169029.8
monohull,40.0,2012,Europe,259945.0,148829.96
monohull,40.0,2012,Caribbean,267331.0,136031.53
monohull,40.0,2012,Caribbean,92500.0,136031.53
monohull,40.0,2012,Caribbean,92500.0,136031.53
monohull,40.0,2012,Europe,97200.0,148829.96
monohull,40.0,2012,Europe,128791.0,148829.96
monohull,40.0,2012,Europe,133313.0,148829.96
monohull,40.0,2012,Europe,151837.0,148829.96
monohull,40.0,2012,Europe,103249.0,148829.96
monohull,40.0,2012,Europe,164026.0,148829.96
monohull,41.0,2012,USA,219000.0,203522.38
monohull,40.0,2012,Europe,84807.0,148829.96
monohull,40.0,2012,Europe,109308.0,148829.96
monohull,40.0,2012,Europe,116975.0,148829.96
monohull,40.0,2012,Europe,132013.0,148829.96
monohull,40.0,2012,Europe,168893.0,148829.96
monohull,40.0,2012,Europe,193137.0,148829.96
monohull,40.0,2012,Europe,199823.0,148829.96
monohull,42.0,2012,Europe,479634.0,168444.28
monohull,44.0,2012,Europe,467658.0,190643.59
monohull,45.0,2012,Europe,115396.0,202817.38
monohull,44.0,2012,Caribbean,145000.0,174249.46
monohull,44.0,2012,Europe,145764.0,190643.59
monohull,44.0,2012,Europe,157708.0,190643.59
monohull,44.0,2012,Caribbean,169000.0,174249.46
monohull,44.0,2012,Europe,203845.0,190643.59
monohull,44.0,2012,Europe,212572.0,190643.59
monohull,44.0,2012,Europe,218645.0,190643.59
monohull,44.0,2012,Europe,241360.0,190643.59
monohull,44.0,2012,Europe,132402.0,190643.59
monohull,44.0,2012,Europe,133651.0,190643.59
monohull,44.0,2012,Europe,136081.0,190643.59
monohull,45.0,2012,USA,189900.0,260701.79
monohull,47.0,2012,Europe,227148.0,229546.72
monohull,47.0,2012,Europe,216271.0,229546.72
monohull,49.0,2012,Europe,708144.0,259798.72
monohull,50.0,2012,Europe,205284.0,276388.5
monohull,49.0,2012,Europe,393034.0,259798.72
monohull,49.0,2012,Europe,445794.0,259798.72
monohull,49.0,2012,Europe,448223.0,259798.72
monohull,49.0,2012,Europe,144549.0,259798.72
monohull,50.0,2012,Europe,352351.0,276388.5
monohull,50.0,2012,Europe,394776.0,276388.5
monohull,50.0,2012,Europe,510172.0,276388.5
monohull,53.0,2012,Europe,191922.0,332788.92
monohull,53.0,2012,Europe,191930.0,332788.92
monohull,53.0,2012,Europe,230761.0,332788.92
monohull,53.0,2012,Europe,249023.0,332788.92
monohull,53.0,2012,Europe,388703.0,332788.92
monohull,53.0,2012,Europe,388718.0,332788.92
monohull,53.0,2012,Europe,413013.0,332788.92
monohull,55.0,2012,Europe,1080933.0,376647.23
monohull,53.0,2012,Europe,361980.0,332788.92
monohull,54.0,2012,Europe,241725.0,354039.58
monohull,54.0,2012,Europe,242939.0,354039.58
monohull,54.0,2012,Europe,264804.0,354039.58
monohull,54.0,2012,Europe,279380.0,354039.58
monohull,54.0,2012,Europe,303674.0,354039.58
monohull,54.0,2012,Europe,321895.0,354039.58
monohull,54.0,2012,Europe,358287.0,354039.58
monohull,54.0,2012,Europe,358350.0,354039.58
monohull,40.0,2012,Europe,106562.0,148829.96
monohull,39.0,2012,Europe,144549.0,139896.68
monohull,40.0,2012,Caribbean,139000.0,136031.53
monohull,40.0,2012,Europe,145801.0,148829.96
monohull,40.0,2012,Europe,163863.0,148829.96
monohull,40.0,2012,USA,199500.0,191306.27
monohull,45.0,2012,Caribbean,165000.0,185376.38
monohull,45.0,2012,Caribbean,165000.0,185376.38
monohull,45.0,2012,Europe,170101.0,202817.38
monohull,45.0,2012,Europe,182204.0,202817.38
monohull,45.0,2012,Europe,194325.0,202817.38
monohull,45.0,2012,Europe,217431.0,202817.38
monohull,45.0,2012,USA,229000.0,260701.79
monohull,45.0,2012,Europe,229546.0,202817.38
monohull,45.0,2012,Europe,241725.0,202817.38
monohull,48.0,2012,Europe,200425.0,244204.72
monohull,48.0,2012,Europe,206498.0,244204.72
monohull,48.0,2012,Europe,208928.0,244204.72
monohull,49.0,2012,Europe,206498.0,259798.72
monohull,49.0,2012,Europe,206507.0,259798.72
monohull,49.0,2012,Europe,167635.0,259798.72
monohull,54.0,2012,Caribbean,215000.0,323594.44
monohull,54.0,2012,Europe,224719.0,354039.58
monohull,54.0,2012,Europe,241725.0,354039.58
monohull,43.0,2012,Europe,180990.0,179200.51
monohull,43.0,2012,USA,219000.0,230344.63
monohull,46.0,2012,Europe,321895.0,215768.54
monohull,49.0,2012,Europe,326709.0,259798.72
monohull,49.0,2012,Europe,326753.0,259798.72
monohull,49.0,2012,USA,375000.0,333945.7
monohull,49.0,2012,USA,399650.0,333945.7
monohull,49.0,2012,Europe,423929.0,259798.72
monohull,56.0,2012,Europe,352262.0,400698.52
monohull,40.0,2012,Europe,92912.0,148829.96
monohull,40.0,2012,Europe,179900.0,148829.96
monohull,40.0,2012,Europe,179937.0,148829.96
monohull,40.0,2012,USA,189000.0,191306.27
monohull,42.0,2012,Europe,151876.0,168444.28
monohull,42.0,2012,USA,195000.0,216518.56
monohull,43.0,2012,Europe,121453.0,179200.51
monohull,43.0,2012,USA,129500.0,230344.63
monohull,43.0,2012,Europe,133009.0,179200.51
monohull,43.0,2012,Europe,139671.0,179200.51
monohull,43.0,2012,Europe,145764.0,179200.51
monohull,43.0,2012,Europe,168820.0,179200.51
monohull,43.0,2012,Europe,170034.0,179200.51
monohull,43.0,2012,Europe,176131.0,179200.51
monohull,43.0,2012,USA,197777.0,230344.63
monohull,43.0,2012,Europe,236866.0,179200.51
monohull,44.0,2012,USA,235000.0,245053.58
monohull,44.0,2012,USA,249000.0,245053.58
monohull,44.0,2012,Europe,251808.0,190643.59
monohull,45.0,2012,USA,199000.0,260701.79
monohull,46.0,2012,Europe,241725.0,215768.54
monohull,49.0,2012,Europe,273307.0,259798.72
monohull,50.0,2012,Europe,180990.0,276388.5
monohull,50.0,2012,Europe,236866.0,276388.5
monohull,50.0,2012,Europe,242939.0,276388.5
monohull,50.0,2012,USA,349000.0,355270.23
monohull,50.0,2012,Europe,352276.0,276388.5
monohull,54.0,2012,USA,935000.0,455083.06
monohull,50.0,2012,Europe,607373.0,276388.5
monohull,50.0,2012,Europe,716671.0,276388.5
monohull,50.0,2012,Europe,716700.0,276388.5
monohull,50.0,2012,Europe,546635.0,276388.5
monohull,38.0,2012,Europe,279391.0,131499.6
monohull,44.0,2012,USA,475000.0,245053.58
monohull,44.0,2012,Europe,498026.0,190643.59
monohull,39.0,2013,Europe,229636.0,147378.51
monohull,39.0,2013,Europe,230792.0,147378.51
monohull,52.0,2013,Europe,485879.0,329543.43
monohull,38.0,2013,USA,135000.0,178069.71
monohull,38.0,2013,USA,138500.0,178069.71
monohull,38.0,2013,Caribbean,99950.0,126619.45
monohull,39.0,2013,USA,215000.0,189440.58
monohull,38.0,2013,USA,219999.0,178069.71
monohull,40.0,2013,Europe,151837.0,156789.55
monohull,40.0,2013,Europe,156696.0,156789.55
monohull,40.0,2013,Europe,236866.0,156789.55
monohull,40.0,2013,USA,174900.0,201537.55
monohull,40.0,2013,USA,186500.0,201537.55
monohull,40.0,2013,Europe,132436.0,156789.55
monohull,40.0,2013,Europe,133651.0,156789.55
monohull,40.0,2013,Europe,103235.0,156789.55
monohull,40.0,2013,Europe,106879.0,156789.55
monohull,40.0,2013,Europe,109201.0,156789.55
monohull,40.0,2013,Europe,109229.0,156789.55
monohull,40.0,2013,Caribbean,179000.0,143306.66
monohull,40.0,2013,Europe,219832.0,156789.55
monohull,40.0,2013,Caribbean,120299.0,143306.66
monohull,40.0,2013,Europe,160318.0,156789.55
monohull,40.0,2013,Europe,143315.0,156789.55
monohull,40.0,2013,USA,220000.0,201537.55
monohull,41.0,2013,Europe,449377.0,166801.55
monohull,40.0,2013,Europe,133617.0,156789.55
monohull,40.0,2013,Europe,144549.0,156789.55
monohull,40.0,2013,Europe,144586.0,156789.55
monohull,40.0,2013,Europe,157890.0,156789.55
monohull,40.0,2013,Caribbean,168000.0,143306.66
monohull,42.0,2013,Europe,194351.0,177452.88
monohull,40.0,2013,Europe,327968.0,156789.55
monohull,42.0,2013,Europe,465645.0,177452.88
monohull,42.0,2013,Europe,479740.0,177452.88
monohull,44.0,2013,Europe,443364.0,200839.43
monohull,45.0,2013,Europe,121227.0,213664.28
monohull,45.0,2013,Europe,121257.0,213664.28
monohull,44.0,2013,Europe,145764.0,200839.43
monohull,44.0,2013,Europe,157668.0,200839.43
monohull,44.0,2013,Europe,157911.0,200839.43
monohull,44.0,2013,Caribbean,176131.0,183568.52
monohull,44.0,2013,Caribbean,176131.0,183568.52
monohull,44.0,2013,Europe,218402.0,200839.43
monohull,44.0,2013,Europe,229578.0,200839.43
monohull,44.0,2013,Europe,229578.0,200839.43
monohull,44.0,2013,Europe,139726.0,200839.43
monohull,44.0,2013,Europe,151837.0,200839.43
monohull,44.0,2013,Europe,151876.0,200839.43
monohull,44.0,2013,Europe,217431.0,200839.43
monohull,44.0,2013,Europe,240477.0,200839.43
monohull,44.0,2013,Europe,127576.0,200839.43
monohull,44.0,2013,Europe,139731.0,200839.43
monohull,44.0,2013,Europe,145764.0,200839.43
monohull,45.0,2013,Caribbean,149950.0,195290.52
monohull,44.0,2013,Europe,155521.0,200839.43
monohull,44.0,2013,Europe,160381.0,200839.43
monohull,44.0,2013,Europe,175416.0,200839.43
monohull,44.0,2013,Europe,179821.0,200839.43
monohull,44.0,2013,Europe,193744.0,200839.43
monohull,44.0,2013,Europe,193793.0,200839.43
monohull,44.0,2013,Europe,209588.0,200839.43
monohull,44.0,2013,USA,349900.0,258159.33
monohull,44.0,2013,Europe,180990.0,200839.43
monohull,46.0,2013,Europe,314606.0,227308.09
monohull,48.0,2013,Europe,464162.0,257265.06
monohull,49.0,2013,Europe,182180.0,273693.05
monohull,50.0,2013,Europe,291487.0,291170.07
monohull,50.0,2013,Europe,297601.0,291170.07
monohull,50.0,2013,Europe,314606.0,291170.07
monohull,50.0,2013,USA,340000.0,374270.49
monohull,49.0,2013,Europe,179775.0,273693.05
monohull,49.0,2013,Caribbean,346315.0,250157.2
monohull,49.0,2013,Caribbean,358466.0,250157.2
monohull,50.0,2013,Europe,358287.0,291170.07
monohull,53.0,2013,Europe,218645.0,350586.85
monohull,53.0,2013,Europe,230792.0,350586.85
monohull,53.0,2013,Europe,236866.0,350586.85
monohull,54.0,2013,Europe,302459.0,372974.02
monohull,54.0,2013,Europe,394776.0,372974.02
monohull,56.0,2013,Europe,340069.0,422128.33
monohull,56.0,2013,Europe,455449.0,422128.33
monohull,56.0,2013,Europe,510103.0,422128.33
monohull,45.0,2013,Europe,121348.0,213664.28
monohull,49.0,2013,Europe,166391.0,273693.05
monohull,48.0,2013,Europe,167605.0,257265.06
monohull,40.0,2013,USA,172000.0,201537.55
monohull,41.0,2013,Europe,115380.0,166801.55
monohull,55.0,2013,Europe,460370.0,396790.75
monohull,40.0,2013,Europe,132384.0,156789.55
monohull,40.0,2013,USA,210000.0,201537.55
monohull,40.0,2013,USA,219000.0,201537.55
monohull,40.0,2013,USA,219500.0,201537.55
monohull,40.0,2013,USA,229000.0,201537.55
monohull,40.0,2013,USA,220000.0,201537.55
monohull,45.0,2013,Europe,170101.0,213664.28
monohull,45.0,2013,USA,249000.0,274644.42
monohull,45.0,2013,Europe,291527.0,213664.28
monohull,45.0,2013,Caribbean,330000.0,195290.52
monohull,48.0,2013,Europe,170064.0,257265.06
monohull,48.0,2013,USA,359500.0,330688.94
monohull,49.0,2013,Europe,224719.0,273693.05
monohull,54.0,2013,Europe,309098.0,372974.02
monohull,54.0,2013,USA,479805.0,479421.42
monohull,55.0,2013,Europe,352262.0,396790.75
monohull,39.0,2013,Europe,241725.0,147378.51
monohull,49.0,2013,Europe,321895.0,273693.05
monohull,49.0,2013,Europe,346988.0,273693.05
monohull,40.0,2013,Europe,127526.0,156789.55
monohull,40.0,2013,Europe,95961.0,156789.55
monohull,40.0,2013,Europe,103275.0,156789.55
monohull,40.0,2013,Europe,132436.0,156789.55
monohull,40.0,2013,USA,184900.0,201537.55
monohull,40.0,2013,USA,229000.0,201537.55
monohull,43.0,2013,Europe,133617.0,188784.36
monohull,43.0,2013,Europe,133617.0,188784.36
monohull,43.0,2013,Europe,139671.0,188784.36
monohull,43.0,2013,Europe,162747.0,188784.36
monohull,43.0,2013,Europe,172463.0,188784.36
monohull,43.0,2013,Europe,182180.0,188784.36
monohull,43.0,2013,Europe,200425.0,188784.36
monohull,43.0,2013,Europe,206470.0,188784.36
monohull,44.0,2013,USA,229000.0,258159.33
monohull,46.0,2013,Europe,144549.0,227308.09
monohull,46.0,2013,Europe,145764.0,227308.09
monohull,46.0,2013,Europe,188278.0,227308.09
monohull,46.0,2013,Europe,194351.0,227308.09
monohull,46.0,2013,Europe,204069.0,227308.09
monohull,46.0,2013,Europe,217431.0,227308.09
monohull,46.0,2013,Europe,230792.0,227308.09
monohull,46.0,2013,Europe,262982.0,227308.09
monohull,49.0,2013,Europe,201640.0,273693.05
monohull,49.0,2013,Europe,241725.0,273693.05
monohull,49.0,2013,Europe,242939.0,273693.05
monohull,49.0,2013,Europe,255086.0,273693.05
monohull,49.0,2013,Europe,303686.0,273693.05
monohull,50.0,2013,Europe,205284.0,291170.07
monohull,50.0,2013,Europe,266019.0,291170.07
monohull,50.0,2013,Europe,267233.0,291170.07
monohull,50.0,2013,Europe,334042.0,291170.07
monohull,46.0,2013,Europe,217486.0,227308.09
monohull,46.0,2013,Europe,218093.0,227308.09
monohull,46.0,2013,USA,234900.0,292182.19
monohull,38.0,2013,Europe,252657.0,138532.35
monohull,38.0,2013,Europe,255096.0,138532.35
monohull,40.0,2013,Europe,121379.0,156789.55
monohull,40.0,2013,Europe,176107.0,156789.55
monohull,39.0,2013,Europe,285415.0,147378.51
monohull,39.0,2013,Europe,333996.0,147378.51
monohull,41.0,2014,Europe,334042.0,175722.29
monohull,36.0,2014,USA,118000.0,165748.99
monohull,37.0,2014,USA,234000.0,176333.11
monohull,39.0,2014,Europe,106313.0,155260.48
monohull,40.0,2014,Europe,130580.0,165174.84
monohull,40.0,2014,Europe,144586.0,165174.84
monohull,40.0,2014,Europe,148193.0,165174.84
monohull,40.0,2014,Europe,156675.0,165174.84
monohull,40.0,2014,Europe,157889.0,165174.84
monohull,40.0,2014,Europe,160340.0,165174.84
monohull,40.0,2014,Europe,180382.0,165174.84
monohull,40.0,2014,Europe,180990.0,165174.84
monohull,40.0,2014,Europe,233797.0,165174.84
monohull,40.0,2014,Europe,145744.0,165174.84
monohull,40.0,2014,Europe,156696.0,165174.84
monohull,40.0,2014,Europe,205754.0,165174.84
monohull,40.0,2014,Europe,206551.0,165174.84
monohull,40.0,2014,Europe,186430.0,165174.84
monohull,40.0,2014,Europe,186468.0,165174.84
monohull,40.0,2014,USA,229000.0,212316.01
monohull,42.0,2014,Europe,218585.0,186943.26
monohull,42.0,2014,Europe,379710.0,186943.26
monohull,42.0,2014,Europe,559708.0,186943.26
monohull,45.0,2014,Europe,601275.0,225091.29
monohull,45.0,2014,Europe,133617.0,225091.29
monohull,44.0,2014,Europe,140905.0,211580.55
monohull,44.0,2014,Europe,146735.0,211580.55
monohull,44.0,2014,Europe,156696.0,211580.55
monohull,44.0,2014,USA,298000.0,271965.99
monohull,44.0,2014,USA,299900.0,271965.99
monohull,46.0,2014,USA,285000.0,307808.43
monohull,44.0,2014,Europe,144549.0,211580.55
monohull,44.0,2014,Europe,182204.0,211580.55
monohull,45.0,2014,Caribbean,199000.0,205734.88
monohull,49.0,2014,Europe,151230.0,288330.47
monohull,49.0,2014,Europe,807805.0,288330.47
monohull,49.0,2014,Europe,286668.0,288330.47
monohull,50.0,2014,Europe,230792.0,306742.18
monohull,50.0,2014,Europe,352262.0,306742.18
monohull,50.0,2014,Europe,358287.0,306742.18
monohull,49.0,2014,Europe,206498.0,288330.47
monohull,49.0,2014,Europe,303686.0,288330.47
monohull,53.0,2014,Europe,334055.0,369336.63
monohull,53.0,2014,USA,995000.0,474745.92
monohull,54.0,2014,Europe,236866.0,392921.1
monohull,54.0,2014,Europe,303674.0,392921.1
monohull,54.0,2014,Europe,364409.0,392921.1
monohull,46.0,2014,Europe,148193.0,239464.79
monohull,46.0,2014,Europe,151837.0,239464.79
monohull,46.0,2014,Europe,157668.0,239464.79
monohull,46.0,2014,Europe,173746.0,239464.79
monohull,46.0,2014,Europe,179775.0,239464.79
monohull,46.0,2014,Europe,179821.0,239464.79
monohull,46.0,2014,Europe,198003.0,239464.79
monohull,46.0,2014,Europe,201640.0,239464.79
monohull,37.0,2014,USA,179000.0,176333.11
monohull,38.0,2014,USA,187302.0,187593.08
monohull,40.0,2014,USA,174900.0,212316.01
monohull,45.0,2014,Europe,194166.0,225091.29
monohull,45.0,2014,Europe,194325.0,225091.29
monohull,45.0,2014,Europe,194351.0,225091.29
monohull,45.0,2014,Europe,206498.0,225091.29
monohull,45.0,2014,Caribbean,208936.0,205734.88
monohull,45.0,2014,Europe,218645.0,225091.29
monohull,45.0,2014,Europe,241725.0,225091.29
monohull,45.0,2014,Caribbean,259000.0,205734.88
monohull,45.0,2014,USA,295000.0,289332.72
monohull,48.0,2014,Europe,200425.0,271023.89
monohull,48.0,2014,Europe,224719.0,271023.89
monohull,48.0,2014,Europe,224728.0,271023.89
monohull,49.0,2014,Caribbean,230000.0,263535.89
monohull,55.0,2014,USA,535000.0,537312.77
monohull,47.0,2014,Caribbean,461753.0,232848.72
monohull,49.0,2014,Europe,315834.0,288330.47
monohull,49.0,2014,Europe,382629.0,288330.47
monohull,49.0,2014,USA,395000.0,370620.46
monohull,49.0,2014,Europe,400850.0,288330.47
monohull,56.0,2014,Europe,376313.0,444704.24
monohull,53.0,2014,Europe,473732.0,369336.63
monohull,40.0,2014,Europe,112359.0,165174.84
monohull,40.0,2014,USA,195124.0,212316.01
monohull,43.0,2014,Europe,145764.0,198880.76
monohull,43.0,2014,Europe,157889.0,198880.76
monohull,43.0,2014,Europe,205041.0,198880.76
monohull,43.0,2014,Europe,230792.0,198880.76
monohull,43.0,2014,USA,275000.0,255641.66
monohull,43.0,2014,USA,279900.0,255641.66
monohull,44.0,2014,USA,269900.0,271965.99
monohull,44.0,2014,Europe,297601.0,211580.55
monohull,46.0,2014,Europe,139690.0,239464.79
monohull,46.0,2014,Europe,156696.0,239464.79
monohull,46.0,2014,Europe,168843.0,239464.79
monohull,46.0,2014,Europe,180382.0,239464.79
monohull,46.0,2014,Europe,182204.0,239464.79
monohull,46.0,2014,Europe,217127.0,239464.79
monohull,46.0,2014,Europe,217431.0,239464.79
monohull,46.0,2014,Europe,224719.0,239464.79
monohull,46.0,2014,Europe,236744.0,239464.79
monohull,46.0,2014,Europe,242818.0,239464.79
monohull,46.0,2014,Europe,293110.0,239464.79
monohull,50.0,2014,Europe,249013.0,306742.18
monohull,50.0,2014,USA,389000.0,394286.91
monohull,53.0,2014,USA,364800.0,474745.92
monohull,53.0,2014,USA,440500.0,474745.92
monohull,46.0,2014,USA,269000.0,307808.43
monohull,46.0,2014,USA,299000.0,307808.43
monohull,54.0,2014,USA,998000.0,505061.43
monohull,44.0,2014,Europe,516246.0,211580.55
monohull,37.0,2015,Caribbean,119000.0,132090.33
monohull,37.0,2015,Caribbean,129000.0,132090.33
monohull,37.0,2015,Caribbean,130000.0,132090.33
monohull,37.0,2015,USA,199000.0,185763.61
monohull,38.0,2015,USA,249900.0,197625.78
monohull,39.0,2015,Europe,126328.0,163563.99
monohull,40.0,2015,Europe,128791.0,174008.58
monohull,40.0,2015,Europe,145622.0,174008.58
monohull,40.0,2015,Europe,188278.0,174008.58
monohull,40.0,2015,Europe,188926.0,174008.58
monohull,40.0,2015,Europe,163962.0,174008.58
monohull,41.0,2015,Europe,593119.0,185120.12
monohull,40.0,2015,Europe,126571.0,174008.58
monohull,40.0,2015,Europe,166413.0,174008.58
monohull,45.0,2015,Europe,637741.0,237129.43
monohull,44.0,2015,Europe,145764.0,222896.12
monohull,44.0,2015,Europe,151837.0,222896.12
monohull,44.0,2015,Europe,157911.0,222896.12
monohull,44.0,2015,Europe,169865.0,222896.12
monohull,44.0,2015,Europe,170057.0,222896.12
monohull,44.0,2015,Europe,168843.0,222896.12
monohull,44.0,2015,Europe,193137.0,222896.12
monohull,44.0,2015,Europe,163962.0,222896.12
monohull,44.0,2015,Europe,166413.0,222896.12
monohull,44.0,2015,Europe,174892.0,222896.12
monohull,44.0,2015,Europe,278735.0,222896.12
monohull,44.0,2015,Caribbean,279000.0,203728.48
monohull,44.0,2015,Caribbean,279900.0,203728.48
monohull,47.0,2015,Europe,363209.0,268380.77
monohull,47.0,2015,Europe,508978.0,268380.77
monohull,47.0,2015,Europe,522319.0,268380.77
monohull,46.0,2015,Europe,188326.0,252271.64
monohull,47.0,2015,USA,299000.0,344977.08
monohull,48.0,2015,USA,799000.0,367006.03
monohull,50.0,2015,Europe,194325.0,323147.11
monohull,50.0,2015,Europe,218616.0,323147.11
monohull,50.0,2015,Europe,242939.0,323147.11
monohull,49.0,2015,Europe,206377.0,303750.72
monohull,49.0,2015,Europe,206385.0,303750.72
monohull,49.0,2015,Europe,278177.0,303750.72
monohull,49.0,2015,Caribbean,297709.0,277630.1
monohull,50.0,2015,Europe,212572.0,323147.11
monohull,50.0,2015,Europe,227117.0,323147.11
monohull,50.0,2015,Europe,229092.0,323147.11
monohull,50.0,2015,Europe,327968.0,323147.11
monohull,50.0,2015,Europe,425144.0,323147.11
monohull,49.0,2015,Europe,163984.0,303750.72
monohull,49.0,2015,Europe,170057.0,303750.72
monohull,49.0,2015,Europe,180747.0,303750.72
monohull,49.0,2015,Europe,182204.0,303750.72
monohull,49.0,2015,Europe,188278.0,303750.72
monohull,49.0,2015,Europe,188285.0,303750.72
monohull,49.0,2015,Europe,206498.0,303750.72
monohull,49.0,2015,Europe,236866.0,303750.72
monohull,49.0,2015,Europe,255086.0,303750.72
monohull,49.0,2015,Europe,276951.0,303750.72
monohull,49.0,2015,Europe,297601.0,303750.72
monohull,53.0,2015,Europe,249023.0,389089.18
monohull,53.0,2015,Europe,370482.0,389089.18
monohull,53.0,2015,Europe,601275.0,389089.18
monohull,54.0,2015,Europe,1259040.0,413934.97
monohull,54.0,2015,USA,895000.0,532072.69
monohull,54.0,2015,Europe,278165.0,413934.97
monohull,54.0,2015,Europe,285454.0,413934.97
monohull,54.0,2015,Europe,285454.0,413934.97
monohull,54.0,2015,Europe,285454.0,413934.97
monohull,54.0,2015,Europe,302459.0,413934.97
monohull,54.0,2015,Europe,308533.0,413934.97
monohull,54.0,2015,Europe,334042.0,413934.97
monohull,54.0,2015,Europe,364409.0,413934.97
monohull,46.0,2015,Europe,169936.0,252271.64
monohull,46.0,2015,Europe,173138.0,252271.64
monohull,46.0,2015,Europe,182204.0,252271.64
monohull,46.0,2015,Caribbean,198000.0,230577.89
monohull,46.0,2015,Europe,206498.0,252271.64
monohull,46.0,2015,Europe,210142.0,252271.64
monohull,46.0,2015,Europe,212626.0,252271.64
monohull,46.0,2015,Europe,229578.0,252271.64
monohull,46.0,2015,Europe,249013.0,252271.64
monohull,46.0,2015,Caribbean,250000.0,230577.89
monohull,46.0,2015,Europe,280595.0,252271.64
monohull,39.0,2015,Europe,163984.0,163563.99
monohull,44.0,2015,Europe,176131.0,222896.12
monohull,50.0,2015,Europe,212572.0,323147.11
monohull,42.0,2015,USA,795000.0,253148.55
monohull,38.0,2015,Europe,145801.0,153746.32
monohull,38.0,2015,USA,189900.0,197625.78
monohull,38.0,2015,USA,210000.0,197625.78
monohull,40.0,2015,Caribbean,139000.0,159044.95
monohull,40.0,2015,Caribbean,155000.0,159044.95
monohull,40.0,2015,Europe,205284.0,174008.58
monohull,40.0,2015,USA,219000.0,223670.92
monohull,40.0,2015,USA,230000.0,223670.92
monohull,40.0,2015,USA,239900.0,223670.92
monohull,40.0,2015,USA,244900.0,223670.92
monohull,40.0,2015,Europe,267233.0,174008.58
monohull,45.0,2015,Caribbean,169000.0,216737.82
monohull,45.0,2015,Caribbean,172000.0,216737.82
monohull,45.0,2015,Caribbean,189000.0,216737.82
monohull,45.0,2015,Caribbean,275000.0,216737.82
monohull,45.0,2015,USA,309900.0,304806.57
monohull,48.0,2015,Europe,180382.0,285518.56
monohull,48.0,2015,Europe,206377.0,285518.56
monohull,48.0,2015,Europe,206385.0,285518.56
monohull,48.0,2015,Europe,217439.0,285518.56
monohull,48.0,2015,Europe,224728.0,285518.56
monohull,48.0,2015,Europe,233829.0,285518.56
monohull,48.0,2015,Europe,340115.0,285518.56
monohull,55.0,2015,Europe,426342.0,440367.31
monohull,55.0,2015,Europe,438332.0,440367.31
monohull,55.0,2015,Europe,455511.0,440367.31
monohull,55.0,2015,Europe,460370.0,440367.31
monohull,55.0,2015,Europe,467658.0,440367.31
monohull,55.0,2015,Europe,472517.0,440367.31
monohull,55.0,2015,USA,499000.0,566048.87
monohull,55.0,2015,USA,525000.0,566048.87
monohull,55.0,2015,Europe,545399.0,440367.31
monohull,55.0,2015,Europe,576981.0,440367.31
monohull,55.0,2015,Europe,576981.0,440367.31
monohull,41.0,2015,USA,230000.0,237953.71
monohull,49.0,2015,USA,399900.0,390441.67
monohull,40.0,2015,USA,249900.0,223670.92
monohull,40.0,2015,Caribbean,135000.0,159044.95
monohull,40.0,2015,Europe,139671.0,174008.58
monohull,40.0,2015,Europe,139726.0,174008.58
monohull,40.0,2015,Europe,144549.0,174008.58
monohull,40.0,2015,Europe,145156.0,174008.58
monohull,40.0,2015,Europe,145801.0,174008.58
monohull,40.0,2015,Europe,163984.0,174008.58
monohull,40.0,2015,Europe,210526.0,174008.58
monohull,43.0,2015,Europe,217401.0,209517.13
monohull,46.0,2015,Caribbean,182271.0,230577.89
monohull,46.0,2015,Europe,210142.0,252271.64
monohull,46.0,2015,Europe,212572.0,252271.64
monohull,46.0,2015,Caribbean,295000.0,230577.89
monohull,49.0,2015,Europe,239817.0,303750.72
monohull,50.0,2015,Caribbean,189000.0,295358.52
monohull,50.0,2015,Caribbean,199000.0,295358.52
monohull,50.0,2015,Caribbean,209000.0,295358.52
monohull,50.0,2015,Europe,209900.0,323147.11
monohull,50.0,2015,Europe,217431.0,323147.11
monohull,50.0,2015,Europe,217431.0,323147.11
monohull,50.0,2015,Europe,218038.0,323147.11
monohull,50.0,2015,Europe,224719.0,323147.11
monohull,50.0,2015,Europe,236866.0,323147.11
monohull,50.0,2015,Europe,241725.0,323147.11
monohull,50.0,2015,Europe,267233.0,323147.11
monohull,50.0,2015,USA,350000.0,415373.82
monohull,53.0,2015,USA,389500.0,500135.88
monohull,50.0,2015,Europe,668083.0,323147.11
monohull,44.0,2015,Europe,108108.0,222896.12
monohull,46.0,2015,Europe,291527.0,252271.64
monohull,46.0,2015,Europe,291601.0,252271.64
monohull,38.0,2015,USA,350000.0,197625.78
monohull,44.0,2015,Europe,516246.0,222896.12
monohull,40.0,2016,Europe,267233.0,183314.76
monohull,39.0,2016,Europe,144586.0,172311.58
monohull,40.0,2016,Europe,180990.0,183314.76
monohull,40.0,2016,Europe,205256.0,183314.76
monohull,40.0,2016,Europe,139690.0,183314.76
monohull,40.0,2016,Caribbean,159000.0,167550.86
monohull,40.0,2016,Caribbean,169000.0,167550.86
monohull,40.0,2016,Europe,202827.0,183314.76
monohull,40.0,2016,Europe,163984.0,183314.76
monohull,40.0,2016,Europe,167605.0,183314.76
monohull,40.0,2016,Europe,168843.0,183314.76
monohull,40.0,2016,Caribbean,199900.0,167550.86
monohull,40.0,2016,Caribbean,204500.0,167550.86
monohull,40.0,2016,Europe,206551.0,183314.76
monohull,40.0,2016,Europe,239849.0,183314.76
monohull,42.0,2016,Europe,241692.0,207473.84
monohull,42.0,2016,Europe,255086.0,207473.84
monohull,43.0,2016,Europe,352276.0,220722.35
monohull,44.0,2016,USA,329500.0,301833.98
monohull,44.0,2016,Europe,154266.0,234816.86
monohull,44.0,2016,Europe,163984.0,234816.86
monohull,44.0,2016,Europe,297601.0,234816.86
monohull,44.0,2016,Europe,340115.0,234816.86
monohull,47.0,2016,Europe,522452.0,282734.08
monohull,46.0,2016,Europe,172531.0,265763.41
monohull,46.0,2016,Europe,204121.0,265763.41
monohull,46.0,2016,Europe,206377.0,265763.41
monohull,46.0,2016,Europe,207713.0,265763.41
monohull,46.0,2016,Europe,208720.0,265763.41
monohull,46.0,2016,Europe,188278.0,265763.41
monohull,46.0,2016,Europe,194401.0,265763.41
monohull,46.0,2016,Europe,204069.0,265763.41
monohull,46.0,2016,Europe,206429.0,265763.41
monohull,46.0,2016,Europe,211965.0,265763.41
monohull,46.0,2016,Europe,217486.0,265763.41
monohull,46.0,2016,Europe,241786.0,265763.41
monohull,46.0,2016,Europe,279380.0,265763.41
monohull,46.0,2016,Europe,291527.0,265763.41
monohull,50.0,2016,Europe,264768.0,340429.38
monohull,50.0,2016,Europe,321895.0,340429.38
monohull,50.0,2016,Europe,412941.0,340429.38
monohull,49.0,2016,Europe,224719.0,319995.65
monohull,49.0,2016,Europe,242939.0,319995.65
monohull,49.0,2016,Europe,255086.0,319995.65
monohull,49.0,2016,Europe,298815.0,319995.65
monohull,50.0,2016,Europe,267233.0,340429.38
monohull,50.0,2016,Europe,376556.0,340429.38
monohull,54.0,2016,USA,919000.0,560528.55
monohull,56.0,2016,Europe,421500.0,493542.78
monohull,46.0,2016,Europe,155660.0,265763.41
monohull,46.0,2016,Europe,210142.0,265763.41
monohull,46.0,2016,Europe,212626.0,265763.41
monohull,46.0,2016,Caribbean,234000.0,242909.46
monohull,46.0,2016,Europe,279720.0,265763.41
monohull,39.0,2016,Europe,151837.0,172311.58
monohull,39.0,2016,USA,275000.0,221489.59
monohull,44.0,2016,Europe,182204.0,234816.86
monohull,44.0,2016,Europe,217431.0,234816.86
monohull,42.0,2016,Caribbean,70000.0,189632.42
monohull,44.0,2016,Caribbean,79000.0,214624.11
monohull,38.0,2016,Caribbean,115000.0,148040.57
monohull,38.0,2016,Caribbean,119000.0,148040.57
monohull,38.0,2016,USA,199000.0,208195.03
monohull,40.0,2016,Caribbean,149000.0,167550.86
monohull,40.0,2016,Caribbean,159000.0,167550.86
monohull,40.0,2016,Caribbean,253837.0,167550.86
monohull,45.0,2016,Caribbean,159000.0,228329.21
monohull,45.0,2016,Caribbean,160000.0,228329.21
monohull,45.0,2016,Caribbean,194000.0,228329.21
monohull,45.0,2016,Caribbean,199000.0,228329.21
monohull,45.0,2016,Europe,206308.0,249811.39
monohull,45.0,2016,Europe,255052.0,249811.39
monohull,45.0,2016,Caribbean,321895.0,228329.21
monohull,48.0,2016,Europe,340115.0,300788.42
monohull,48.0,2016,USA,375000.0,386633.94
monohull,48.0,2016,USA,389000.0,386633.94
monohull,48.0,2016,USA,397500.0,386633.94
monohull,55.0,2016,Europe,479805.0,463918.66
monohull,55.0,2016,Europe,504099.0,463918.66
monohull,48.0,2016,Europe,757770.0,300788.42
monohull,38.0,2016,Europe,132402.0,161968.85
monohull,38.0,2016,USA,155000.0,208195.03
monohull,38.0,2016,Europe,155481.0,161968.85
monohull,38.0,2016,USA,165000.0,208195.03
monohull,38.0,2016,Europe,182192.0,161968.85
monohull,41.0,2016,Europe,199889.0,195020.56
monohull,41.0,2016,Europe,205284.0,195020.56
monohull,41.0,2016,USA,220000.0,250679.74
monohull,40.0,2016,Europe,239849.0,183314.76
monohull,44.0,2016,Europe,261160.0,234816.86
monohull,44.0,2016,Europe,293043.0,234816.86
monohull,45.0,2016,Europe,206498.0,249811.39
monohull,45.0,2016,Europe,224785.0,249811.39
monohull,45.0,2016,Europe,230792.0,249811.39
monohull,45.0,2016,Europe,261122.0,249811.39
monohull,46.0,2016,Caribbean,45000.0,242909.46
monohull,46.0,2016,Caribbean,184999.0,242909.46
monohull,46.0,2016,Caribbean,189000.0,242909.46
monohull,46.0,2016,Caribbean,199000.0,242909.46
monohull,46.0,2016,Europe,224719.0,265763.41
monohull,46.0,2016,Europe,267233.0,265763.41
monohull,51.0,2016,Caribbean,259000.0,331023.81
monohull,51.0,2016,Europe,279137.0,362167.94
monohull,51.0,2016,Europe,285454.0,362167.94
monohull,51.0,2016,Europe,363194.0,362167.94
monohull,55.0,2016,USA,599999.0,596321.82
monohull,55.0,2016,USA,600000.0,596321.82
monohull,55.0,2016,Caribbean,629000.0,424024.62
monohull,54.0,2016,Europe,1579105.0,436072.68
monohull,50.0,2016,Europe,1214531.0,340429.38
monohull,50.0,2016,Europe,753112.0,340429.38
monohull,46.0,2016,Europe,334126.0,265763.41
monohull,50.0,2016,Europe,734921.0,340429.38
monohull,44.0,2016,USA,575000.0,301833.98
monohull,39.0,2017,Europe,206551.0,181527.0
monohull,39.0,2017,Europe,157668.0,181527.0
monohull,40.0,2017,Europe,163984.0,193118.64
monohull,40.0,2017,Europe,164026.0,193118.64
monohull,40.0,2017,Europe,185849.0,193118.64
monohull,40.0,2017,Europe,217127.0,193118.64
monohull,40.0,2017,Europe,225722.0,193118.64
monohull,40.0,2017,Europe,156675.0,193118.64
monohull,40.0,2017,Caribbean,189000.0,176511.67
monohull,43.0,2017,USA,315000.0,298890.38
monohull,45.0,2017,Europe,728846.0,263171.59
monohull,43.0,2017,Europe,370482.0,232526.83
monohull,43.0,2017,USA,485000.0,298890.38
monohull,47.0,2017,Europe,722928.0,297855.02
monohull,44.0,2017,Europe,169865.0,247375.13
monohull,44.0,2017,Europe,194108.0,247375.13
monohull,44.0,2017,Europe,200484.0,247375.13
monohull,44.0,2017,Europe,217401.0,247375.13
monohull,44.0,2017,Europe,218616.0,247375.13
monohull,44.0,2017,Europe,245335.0,247375.13
monohull,44.0,2017,Europe,245335.0,247375.13
monohull,44.0,2017,Europe,253837.0,247375.13
monohull,44.0,2017,Europe,265982.0,247375.13
monohull,44.0,2017,Europe,291487.0,247375.13
monohull,44.0,2017,Europe,297560.0,247375.13
monohull,44.0,2017,Europe,300637.0,247375.13
monohull,44.0,2017,Europe,317296.0,247375.13
monohull,44.0,2017,Europe,321895.0,247375.13
monohull,44.0,2017,USA,329500.0,317976.4
monohull,44.0,2017,Europe,338900.0,247375.13
monohull,47.0,2017,USA,419000.0,382863.33
monohull,46.0,2017,Europe,479927.0,279976.75
monohull,46.0,2017,Europe,264804.0,279976.75
monohull,46.0,2017,Europe,230792.0,279976.75
monohull,46.0,2017,Europe,243001.0,279976.75
monohull,46.0,2017,Europe,291527.0,279976.75
monohull,46.0,2017,Europe,364409.0,279976.75
monohull,46.0,2017,Europe,218524.0,279976.75
monohull,47.0,2017,Europe,719100.0,297855.02
monohull,48.0,2017,USA,849000.0,407311.56
monohull,50.0,2017,Europe,270877.0,358635.94
monohull,50.0,2017,Europe,886728.0,358635.94
monohull,50.0,2017,Europe,257481.0,358635.94
monohull,50.0,2017,Europe,265982.0,358635.94
monohull,50.0,2017,Europe,321895.0,358635.94
monohull,50.0,2017,Europe,327362.0,358635.94
monohull,50.0,2017,Europe,334042.0,358635.94
monohull,50.0,2017,Europe,761701.0,358635.94
monohull,51.0,2017,Europe,406923.0,381537.09
monohull,51.0,2017,Europe,433003.0,381537.09
monohull,51.0,2017,Europe,499619.0,381537.09
monohull,49.0,2017,Europe,236866.0,337109.39
monohull,49.0,2017,Europe,255086.0,337109.39
monohull,49.0,2017,Europe,342393.0,337109.39
monohull,49.0,2017,Europe,350744.0,337109.39
monohull,49.0,2017,Europe,326418.0,337109.39
monohull,50.0,2017,Europe,518432.0,358635.94
monohull,54.0,2017,Europe,734791.0,459394.35
monohull,56.0,2017,Europe,722646.0,519938.02
monohull,42.0,2017,Europe,546613.0,218569.78
monohull,46.0,2017,Europe,161596.0,279976.75
monohull,46.0,2017,Europe,200425.0,279976.75
monohull,46.0,2017,Europe,200425.0,279976.75
monohull,46.0,2017,Europe,202101.0,279976.75
monohull,46.0,2017,Europe,210142.0,279976.75
monohull,46.0,2017,Europe,211357.0,279976.75
monohull,46.0,2017,Europe,211965.0,279976.75
monohull,46.0,2017,Europe,299705.0,279976.75
monohull,39.0,2017,Europe,206490.0,181527.0
monohull,44.0,2017,Europe,176131.0,247375.13
monohull,44.0,2017,Europe,216216.0,247375.13
monohull,50.0,2017,Europe,255052.0,358635.94
monohull,50.0,2017,Europe,261124.0,358635.94
monohull,50.0,2017,Europe,273270.0,358635.94
monohull,38.0,2017,Caribbean,139000.0,155957.95
monohull,38.0,2017,Caribbean,159000.0,155957.95
monohull,38.0,2017,USA,199900.0,219329.54
monohull,37.0,2017,USA,205000.0,206164.63
monohull,38.0,2017,USA,220000.0,219329.54
monohull,38.0,2017,Europe,193179.0,170631.13
monohull,40.0,2017,Caribbean,159995.0,176511.67
monohull,40.0,2017,USA,274000.0,248235.02
monohull,45.0,2017,Europe,182251.0,263171.59
monohull,45.0,2017,Europe,193137.0,263171.59
monohull,45.0,2017,Europe,241786.0,263171.59
monohull,45.0,2017,Europe,278165.0,263171.59
monohull,45.0,2017,Europe,285526.0,263171.59
monohull,45.0,2017,Caribbean,322012.0,240540.51
monohull,45.0,2017,USA,349000.0,338281.19
monohull,48.0,2017,Caribbean,289000.0,289625.71
monohull,48.0,2017,Europe,290324.0,316874.93
monohull,55.0,2017,Europe,484664.0,488729.57
monohull,41.0,2017,Europe,412941.0,205450.48
monohull,48.0,2017,Europe,642600.0,316874.93
monohull,48.0,2017,Europe,691190.0,316874.93
monohull,39.0,2017,Caribbean,139000.0,165916.84
monohull,38.0,2017,Europe,191922.0,170631.13
monohull,41.0,2017,Europe,180990.0,205450.48
monohull,41.0,2017,Europe,226487.0,205450.48
monohull,41.0,2017,USA,259000.0,264086.38
monohull,45.0,2017,USA,199000.0,338281.19
monohull,45.0,2017,Europe,205770.0,263171.59
monohull,45.0,2017,Europe,205822.0,263171.59
monohull,46.0,2017,Europe,297601.0,279976.75
monohull,46.0,2017,Europe,334055.0,279976.75
monohull,51.0,2017,Europe,253872.0,381537.09
monohull,51.0,2017,Europe,354691.0,381537.09
monohull,51.0,2017,Europe,360765.0,381537.09
monohull,51.0,2017,Caribbean,420000.0,348727.34
monohull,51.0,2017,USA,450000.0,490428.41
monohull,55.0,2017,Europe,501081.0,488729.57
monohull,55.0,2017,Europe,512942.0,488729.57
monohull,55.0,2017,USA,579000.0,628213.79
monohull,55.0,2017,Europe,599687.0,488729.57
monohull,55.0,2017,Caribbean,618000.0,446701.95
monohull,50.0,2017,Europe,1311872.0,358635.94
monohull,50.0,2017,Europe,727632.0,358635.94
monohull,39.0,2018,Europe,180990.0,191235.27
monohull,40.0,2018,Europe,200425.0,203446.85
monohull,40.0,2018,Europe,205256.0,203446.85
monohull,40.0,2018,Caribbean,229000.0,185951.72
monohull,40.0,2018,Caribbean,255000.0,185951.72
monohull,40.0,2018,Caribbean,229000.0,185951.72
monohull,40.0,2018,Europe,261124.0,203446.85
monohull,40.0,2018,USA,259000.0,261510.91
monohull,41.0,2018,Europe,163741.0,216438.21
monohull,41.0,2018,Europe,278165.0,216438.21
monohull,42.0,2018,Europe,361980.0,230259.14
monohull,43.0,2018,USA,497000.0,314875.38
monohull,44.0,2018,Europe,394723.0,260605.04
monohull,44.0,2018,USA,374900.0,334982.15
monohull,44.0,2018,Europe,267301.0,260605.04
monohull,44.0,2018,Europe,241725.0,260605.04
monohull,44.0,2018,Europe,264804.0,260605.04
monohull,44.0,2018,Europe,291487.0,260605.04
monohull,46.0,2018,Europe,460370.0,294950.22
monohull,46.0,2018,Europe,460370.0,294950.22
monohull,46.0,2018,Europe,255086.0,294950.22
monohull,46.0,2018,Europe,372982.0,294950.22
monohull,46.0,2018,Europe,399659.0,294950.22
monohull,50.0,2018,Europe,278165.0,377816.2
monohull,51.0,2018,Europe,423929.0,401942.14
monohull,49.0,2018,Europe,230792.0,355138.38
monohull,50.0,2018,Europe,338723.0,377816.2
monohull,50.0,2018,Europe,388703.0,377816.2
monohull,50.0,2018,Caribbean,400996.0,345326.42
monohull,50.0,2018,Europe,498026.0,377816.2
monohull,50.0,2018,Europe,425144.0,377816.2
monohull,50.0,2018,Europe,483449.0,377816.2
monohull,50.0,2018,Europe,480196.0,377816.2
monohull,54.0,2018,Europe,632851.0,483963.29
monohull,54.0,2018,USA,746498.0,622087.21
monohull,55.0,2018,Europe,1885229.0,514867.38
monohull,45.0,2018,Europe,334126.0,277246.31
monohull,46.0,2018,Europe,205284.0,294950.22
monohull,46.0,2018,Europe,212572.0,294950.22
monohull,46.0,2018,Europe,218701.0,294950.22
monohull,46.0,2018,Europe,274278.0,294950.22
monohull,43.0,2018,Europe,339872.0,244962.64
monohull,44.0,2018,Europe,255086.0,260605.04
monohull,44.0,2018,USA,375000.0,334982.15
monohull,40.0,2018,USA,440000.0,261510.91
monohull,38.0,2018,Caribbean,179000.0,164298.76
monohull,38.0,2018,Europe,127422.0,179756.68
monohull,40.0,2018,Caribbean,129999.0,185951.72
monohull,40.0,2018,Caribbean,169999.0,185951.72
monohull,40.0,2018,Caribbean,129999.0,185951.72
monohull,40.0,2018,Caribbean,169999.0,185951.72
monohull,40.0,2018,Europe,212543.0,203446.85
monohull,40.0,2018,Europe,261160.0,203446.85
monohull,45.0,2018,Europe,255052.0,277246.31
monohull,45.0,2018,USA,388000.0,356372.86
monohull,48.0,2018,Europe,258839.0,333821.77
monohull,48.0,2018,Caribbean,275000.0,305115.23
monohull,51.0,2018,Europe,394792.0,401942.14
monohull,51.0,2018,Europe,479824.0,401942.14
monohull,55.0,2018,Europe,637716.0,514867.38
monohull,42.0,2018,Europe,583078.0,230259.14
monohull,38.0,2018,Europe,240571.0,179756.68
monohull,51.0,2018,Europe,655962.0,401942.14
monohull,39.0,2018,Caribbean,159000.0,174790.26
monohull,39.0,2018,Caribbean,159000.0,174790.26
monohull,39.0,2018,Caribbean,165000.0,174790.26
monohull,41.0,2018,Europe,163984.0,216438.21
monohull,41.0,2018,Europe,166413.0,216438.21
monohull,41.0,2018,Europe,216216.0,216438.21
monohull,41.0,2018,Europe,223829.0,216438.21
monohull,41.0,2018,USA,260000.0,278210.03
monohull,41.0,2018,USA,279900.0,278210.03
monohull,42.0,2018,Europe,261170.0,230259.14
monohull,42.0,2018,Europe,291539.0,230259.14
monohull,42.0,2018,Europe,297560.0,230259.14
monohull,42.0,2018,Europe,393034.0,230259.14
monohull,45.0,2018,Europe,173822.0,277246.31
monohull,45.0,2018,Europe,189467.0,277246.31
monohull,46.0,2018,Europe,242939.0,294950.22
monohull,51.0,2018,Europe,303674.0,401942.14
monohull,51.0,2018,Europe,325539.0,401942.14
monohull,51.0,2018,USA,499999.0,516657.08
monohull,51.0,2018,Caribbean,545950.0,367377.68
monohull,55.0,2018,USA,575000.0,661811.38
monohull,55.0,2018,Europe,593926.0,514867.38
monohull,55.0,2018,Europe,594010.0,514867.38
monohull,55.0,2018,Europe,649863.0,514867.38
monohull,43.0,2018,Europe,388718.0,244962.64
monohull,37.0,2019,Europe,179775.0,178003.63
monohull,39.0,2019,Europe,204121.0,201462.76
monohull,39.0,2019,Europe,217486.0,201462.76
monohull,39.0,2019,Europe,175888.0,201462.76
monohull,39.0,2019,Europe,175933.0,201462.76
monohull,40.0,2019,Europe,205284.0,214327.42
monohull,40.0,2019,Europe,216187.0,214327.42
monohull,40.0,2019,Europe,216502.0,214327.42
monohull,40.0,2019,Europe,228363.0,214327.42
monohull,41.0,2019,Europe,278981.0,228013.57
monohull,43.0,2019,Europe,267233.0,258063.52
monohull,43.0,2019,Europe,239295.0,258063.52
monohull,43.0,2019,Europe,255086.0,258063.52
monohull,43.0,2019,Europe,267233.0,258063.52
monohull,43.0,2019,Europe,337186.0,258063.52
monohull,44.0,2019,Europe,394776.0,274542.49
monohull,46.0,2019,Europe,498045.0,310724.5
monohull,46.0,2019,Europe,321895.0,310724.5
monohull,46.0,2019,USA,469000.0,399405.79
monohull,46.0,2019,Europe,321895.0,310724.5
monohull,46.0,2019,Europe,327968.0,310724.5
monohull,48.0,2019,Europe,1192424.0,351674.94
monohull,50.0,2019,Europe,335256.0,398022.24
monohull,50.0,2019,Europe,321166.0,398022.24
monohull,50.0,2019,Europe,352019.0,398022.24
monohull,49.0,2019,Europe,321895.0,374131.59
monohull,50.0,2019,Europe,484664.0,398022.24
monohull,50.0,2019,Europe,451806.0,398022.24
monohull,54.0,2019,Europe,464986.0,509846.2
monohull,54.0,2019,Europe,467415.0,509846.2
monohull,45.0,2019,Europe,301321.0,292073.76
monohull,45.0,2019,Europe,320761.0,292073.76
monohull,46.0,2019,Europe,223504.0,310724.5
monohull,46.0,2019,Europe,253872.0,310724.5
monohull,38.0,2019,Europe,163984.0,189370.27
monohull,38.0,2019,USA,254000.0,243416.86
monohull,38.0,2019,Caribbean,289000.0,173085.64
monohull,45.0,2019,USA,459000.0,375432.09
monohull,47.0,2019,Europe,285454.0,330566.21
monohull,47.0,2019,Europe,302459.0,330566.21
monohull,47.0,2019,Europe,340115.0,330566.21
monohull,47.0,2019,Europe,467004.0,330566.21
monohull,47.0,2019,USA,469000.0,424910.35
monohull,51.0,2019,Europe,363209.0,423438.46
monohull,51.0,2019,Europe,400850.0,423438.46
monohull,51.0,2019,Europe,443382.0,423438.46
monohull,51.0,2019,Europe,510172.0,423438.46
monohull,55.0,2019,Europe,704524.0,542403.08
monohull,55.0,2019,Europe,759185.0,542403.08
monohull,40.0,2019,Europe,406868.0,214327.42
monohull,42.0,2019,Europe,406923.0,242573.67
monohull,39.0,2019,Caribbean,189000.0,184138.25
monohull,38.0,2019,Europe,218645.0,189370.27
monohull,40.0,2019,Europe,236926.0,214327.42
monohull,41.0,2019,Europe,249013.0,228013.57
monohull,41.0,2019,Caribbean,195000.0,208405.86
monohull,41.0,2019,USA,297000.0,293089.02
monohull,44.0,2019,Europe,255052.0,274542.49
monohull,42.0,2019,Caribbean,319782.0,221713.88
monohull,42.0,2019,Europe,326709.0,242573.67
monohull,42.0,2019,USA,425000.0,311804.59
monohull,49.0,2019,Europe,301245.0,374131.59
monohull,48.0,2019,Europe,291527.0,351674.94
monohull,48.0,2019,Europe,309748.0,351674.94
monohull,48.0,2019,Europe,309760.0,351674.94
monohull,48.0,2019,Europe,423929.0,351674.94
monohull,43.0,2019,Europe,546613.0,258063.52
monohull,46.0,2019,Europe,570907.0,310724.5
